Date,Day_of_Week,is_weekend,pay_day,product_category,product_name,unit_cost,discount_rate,Selling_Price,Total_Units_Sold,Total_Revenue,Profit
2025-01-01,Wednesday,0,1,Freshy Coconut,Coconut Water,8000,0.0,18000.0,77,1386000.0,770000.0
2025-01-01,Wednesday,0,1,Freshy Coconut,Kelapa Ijo,9000,0.0,20000.0,56,1120000.0,616000.0
2025-01-01,Wednesday,0,1,Nut Milk,Choco Blast,19000,0.1,40500.0,44,1782000.0,946000.0
2025-01-01,Wednesday,0,1,Nut Milk,Vanilla Shake,19000,0.2,36000.0,29,1044000.0,493000.0
2025-01-01,Wednesday,0,1,Juicy Juice,Tropical Vibes,17000,0.0,40000.0,32,1280000.0,736000.0
2025-01-01,Wednesday,0,1,Juicy Juice,Dynamic Green,17000,0.2,32000.0,17,544000.0,255000.0
2025-01-01,Wednesday,0,1,Juicy Juice,Sun Kissed,17000,0.1,36000.0,31,1116000.0,589000.0
2025-01-02,Thursday,0,1,Freshy Coconut,Coconut Water,8000,0.1,16200.0,119,1927800.0,975800.0
2025-01-02,Thursday,0,1,Freshy Coconut,Kelapa Ijo,9000,0.1,18000.0,76,1368000.0,684000.0
2025-01-02,Thursday,0,1,Nut Milk,Choco Blast,19000,0.0,45000.0,41,1845000.0,1066000.0
2025-01-02,Thursday,0,1,Nut Milk,Vanilla Shake,19000,0.1,40500.0,17,688500.0,365500.0
2025-01-02,Thursday,0,1,Juicy Juice,Tropical Vibes,17000,0.0,40000.0,30,1200000.0,690000.0
2025-01-02,Thursday,0,1,Juicy Juice,Dynamic Green,17000,0.1,36000.0,17,612000.0,323000.0
2025-01-02,Thursday,0,1,Juicy Juice,Sun Kissed,17000,0.0,40000.0,29,1160000.0,667000.0
2025-01-03,Friday,1,1,Freshy Coconut,Coconut Water,8000,0.0,18000.0,112,2016000.0,1120000.0
2025-01-03,Friday,1,1,Freshy Coconut,Kelapa Ijo,9000,0.0,20000.0,79,1580000.0,869000.0
2025-01-03,Friday,1,1,Nut Milk,Choco Blast,19000,0.0,45000.0,57,2565000.0,1482000.0
2025-01-03,Friday,1,1,Nut Milk,Vanilla Shake,19000,0.0,45000.0,20,900000.0,520000.0
2025-01-03,Friday,1,1,Juicy Juice,Tropical Vibes,17000,0.0,40000.0,28,1120000.0,644000.0
2025-01-03,Friday,1,1,Juicy Juice,Dynamic Green,17000,0.2,32000.0,29,928000.0,435000.0
2025-01-03,Friday,1,1,Juicy Juice,Sun Kissed,17000,0.0,40000.0,30,1200000.0,690000.0
2025-01-04,Saturday,1,1,Freshy Coconut,Coconut Water,8000,0.0,18000.0,144,2592000.0,1440000.0
2025-01-04,Saturday,1,1,Freshy Coconut,Kelapa Ijo,9000,0.0,20000.0,113,2260000.0,1243000.0
2025-01-04,Saturday,1,1,Nut Milk,Choco Blast,19000,0.0,45000.0,61,2745000.0,1586000.0
2025-01-04,Saturday,1,1,Nut Milk,Vanilla Shake,19000,0.0,45000.0,24,1080000.0,624000.0
2025-01-04,Saturday,1,1,Juicy Juice,Tropical Vibes,17000,0.0,40000.0,42,1680000.0,966000.0
2025-01-04,Saturday,1,1,Juicy Juice,Dynamic Green,17000,0.0,40000.0,20,800000.0,460000.0
2025-01-04,Saturday,1,1,Juicy Juice,Sun Kissed,17000,0.1,36000.0,42,1512000.0,798000.0
2025-01-05,Sunday,1,1,Freshy Coconut,Coconut Water,8000,0.1,16200.0,146,2365200.0,1197200.0
2025-01-05,Sunday,1,1,Freshy Coconut,Kelapa Ijo,9000,0.0,20000.0,94,1880000.0,1034000.0
2025-01-05,Sunday,1,1,Nut Milk,Choco Blast,19000,0.0,45000.0,69,3105000.0,1794000.0
2025-01-05,Sunday,1,1,Nut Milk,Vanilla Shake,19000,0.1,40500.0,32,1296000.0,688000.0
2025-01-05,Sunday,1,1,Juicy Juice,Tropical Vibes,17000,0.2,32000.0,70,2240000.0,1050000.0
2025-01-05,Sunday,1,1,Juicy Juice,Dynamic Green,17000,0.1,36000.0,22,792000.0,418000.0
2025-01-05,Sunday,1,1,Juicy Juice,Sun Kissed,17000,0.2,32000.0,50,1600000.0,750000.0
2025-01-06,Monday,0,0,Freshy Coconut,Coconut Water,8000,0.0,18000.0,66,1188000.0,660000.0
2025-01-06,Monday,0,0,Freshy Coconut,Kelapa Ijo,9000,0.1,18000.0,57,1026000.0,513000.0
2025-01-06,Monday,0,0,Nut Milk,Choco Blast,19000,0.0,45000.0,28,1260000.0,728000.0
2025-01-06,Monday,0,0,Nut Milk,Vanilla Shake,19000,0.0,45000.0,13,585000.0,338000.0
2025-01-06,Monday,0,0,Juicy Juice,Tropical Vibes,17000,0.0,40000.0,18,720000.0,414000.0
2025-01-06,Monday,0,0,Juicy Juice,Dynamic Green,17000,0.0,40000.0,11,440000.0,253000.0
2025-01-06,Monday,0,0,Juicy Juice,Sun Kissed,17000,0.0,40000.0,16,640000.0,368000.0
2025-01-07,Tuesday,0,0,Freshy Coconut,Coconut Water,8000,0.0,18000.0,54,972000.0,540000.0
2025-01-07,Tuesday,0,0,Freshy Coconut,Kelapa Ijo,9000,0.1,18000.0,53,954000.0,477000.0
2025-01-07,Tuesday,0,0,Nut Milk,Choco Blast,19000,0.2,36000.0,38,1368000.0,646000.0
2025-01-07,Tuesday,0,0,Nut Milk,Vanilla Shake,19000,0.0,45000.0,12,540000.0,312000.0
2025-01-07,Tuesday,0,0,Juicy Juice,Tropical Vibes,17000,0.2,32000.0,27,864000.0,405000.0
2025-01-07,Tuesday,0,0,Juicy Juice,Dynamic Green,17000,0.0,40000.0,8,320000.0,184000.0
2025-01-07,Tuesday,0,0,Juicy Juice,Sun Kissed,17000,0.0,40000.0,17,680000.0,391000.0
2025-01-08,Wednesday,0,0,Freshy Coconut,Coconut Water,8000,0.0,18000.0,57,1026000.0,570000.0
2025-01-08,Wednesday,0,0,Freshy Coconut,Kelapa Ijo,9000,0.1,18000.0,51,918000.0,459000.0
2025-01-08,Wednesday,0,0,Nut Milk,Choco Blast,19000,0.2,36000.0,41,1476000.0,697000.0
2025-01-08,Wednesday,0,0,Nut Milk,Vanilla Shake,19000,0.0,45000.0,13,585000.0,338000.0
2025-01-08,Wednesday,0,0,Juicy Juice,Tropical Vibes,17000,0.0,40000.0,21,840000.0,483000.0
2025-01-08,Wednesday,0,0,Juicy Juice,Dynamic Green,17000,0.0,40000.0,9,360000.0,207000.0
2025-01-08,Wednesday,0,0,Juicy Juice,Sun Kissed,17000,0.0,40000.0,19,760000.0,437000.0
2025-01-09,Thursday,0,0,Freshy Coconut,Coconut Water,8000,0.0,18000.0,54,972000.0,540000.0
2025-01-09,Thursday,0,0,Freshy Coconut,Kelapa Ijo,9000,0.0,20000.0,49,980000.0,539000.0
2025-01-09,Thursday,0,0,Nut Milk,Choco Blast,19000,0.1,40500.0,43,1741500.0,924500.0
2025-01-09,Thursday,0,0,Nut Milk,Vanilla Shake,19000,0.0,45000.0,16,720000.0,416000.0
2025-01-09,Thursday,0,0,Juicy Juice,Tropical Vibes,17000,0.1,36000.0,28,1008000.0,532000.0
2025-01-09,Thursday,0,0,Juicy Juice,Dynamic Green,17000,0.0,40000.0,9,360000.0,207000.0
2025-01-09,Thursday,0,0,Juicy Juice,Sun Kissed,17000,0.2,32000.0,29,928000.0,435000.0
2025-01-10,Friday,1,0,Freshy Coconut,Coconut Water,8000,0.1,16200.0,110,1782000.0,902000.0
2025-01-10,Friday,1,0,Freshy Coconut,Kelapa Ijo,9000,0.1,18000.0,69,1242000.0,621000.0
2025-01-10,Friday,1,0,Nut Milk,Choco Blast,19000,0.2,36000.0,43,1548000.0,731000.0
2025-01-10,Friday,1,0,Nut Milk,Vanilla Shake,19000,0.0,45000.0,17,765000.0,442000.0
2025-01-10,Friday,1,0,Juicy Juice,Tropical Vibes,17000,0.0,40000.0,26,1040000.0,598000.0
2025-01-10,Friday,1,0,Juicy Juice,Dynamic Green,17000,0.0,40000.0,14,560000.0,322000.0
2025-01-10,Friday,1,0,Juicy Juice,Sun Kissed,17000,0.0,40000.0,22,880000.0,506000.0
2025-01-11,Saturday,1,0,Freshy Coconut,Coconut Water,8000,0.0,18000.0,74,1332000.0,740000.0
2025-01-11,Saturday,1,0,Freshy Coconut,Kelapa Ijo,9000,0.0,20000.0,71,1420000.0,781000.0
2025-01-11,Saturday,1,0,Nut Milk,Choco Blast,19000,0.0,45000.0,45,2025000.0,1170000.0
2025-01-11,Saturday,1,0,Nut Milk,Vanilla Shake,19000,0.2,36000.0,22,792000.0,374000.0
2025-01-11,Saturday,1,0,Juicy Juice,Tropical Vibes,17000,0.0,40000.0,33,1320000.0,759000.0
2025-01-11,Saturday,1,0,Juicy Juice,Dynamic Green,17000,0.2,32000.0,23,736000.0,345000.0
2025-01-11,Saturday,1,0,Juicy Juice,Sun Kissed,17000,0.0,40000.0,29,1160000.0,667000.0
2025-01-12,Sunday,1,0,Freshy Coconut,Coconut Water,8000,0.0,18000.0,88,1584000.0,880000.0
2025-01-12,Sunday,1,0,Freshy Coconut,Kelapa Ijo,9000,0.1,18000.0,88,1584000.0,792000.0
2025-01-12,Sunday,1,0,Nut Milk,Choco Blast,19000,0.0,45000.0,53,2385000.0,1378000.0
2025-01-12,Sunday,1,0,Nut Milk,Vanilla Shake,19000,0.0,45000.0,20,900000.0,520000.0
2025-01-12,Sunday,1,0,Juicy Juice,Tropical Vibes,17000,0.0,40000.0,32,1280000.0,736000.0
2025-01-12,Sunday,1,0,Juicy Juice,Dynamic Green,17000,0.0,40000.0,16,640000.0,368000.0
2025-01-12,Sunday,1,0,Juicy Juice,Sun Kissed,17000,0.0,40000.0,25,1000000.0,575000.0
2025-01-13,Monday,0,0,Freshy Coconut,Coconut Water,8000,0.0,18000.0,65,1170000.0,650000.0
2025-01-13,Monday,0,0,Freshy Coconut,Kelapa Ijo,9000,0.0,20000.0,43,860000.0,473000.0
2025-01-13,Monday,0,0,Nut Milk,Choco Blast,19000,0.0,45000.0,26,1170000.0,676000.0
2025-01-13,Monday,0,0,Nut Milk,Vanilla Shake,19000,0.0,45000.0,10,450000.0,260000.0
2025-01-13,Monday,0,0,Juicy Juice,Tropical Vibes,17000,0.0,40000.0,19,760000.0,437000.0
2025-01-13,Monday,0,0,Juicy Juice,Dynamic Green,17000,0.0,40000.0,11,440000.0,253000.0
2025-01-13,Monday,0,0,Juicy Juice,Sun Kissed,17000,0.1,36000.0,18,648000.0,342000.0
2025-01-14,Tuesday,0,0,Freshy Coconut,Coconut Water,8000,0.0,18000.0,65,1170000.0,650000.0
2025-01-14,Tuesday,0,0,Freshy Coconut,Kelapa Ijo,9000,0.0,20000.0,40,800000.0,440000.0
2025-01-14,Tuesday,0,0,Nut Milk,Choco Blast,19000,0.0,45000.0,26,1170000.0,676000.0
2025-01-14,Tuesday,0,0,Nut Milk,Vanilla Shake,19000,0.1,40500.0,13,526500.0,279500.0
2025-01-14,Tuesday,0,0,Juicy Juice,Tropical Vibes,17000,0.1,36000.0,22,792000.0,418000.0
2025-01-14,Tuesday,0,0,Juicy Juice,Dynamic Green,17000,0.0,40000.0,10,400000.0,230000.0
2025-01-14,Tuesday,0,0,Juicy Juice,Sun Kissed,17000,0.2,32000.0,24,768000.0,360000.0
2025-01-15,Wednesday,0,0,Freshy Coconut,Coconut Water,8000,0.1,16200.0,67,1085400.0,549400.0
2025-01-15,Wednesday,0,0,Freshy Coconut,Kelapa Ijo,9000,0.2,16000.0,53,848000.0,371000.0
2025-01-15,Wednesday,0,0,Nut Milk,Choco Blast,19000,0.0,45000.0,26,1170000.0,676000.0
2025-01-15,Wednesday,0,0,Nut Milk,Vanilla Shake,19000,0.0,45000.0,12,540000.0,312000.0
2025-01-15,Wednesday,0,0,Juicy Juice,Tropical Vibes,17000,0.0,40000.0,17,680000.0,391000.0
2025-01-15,Wednesday,0,0,Juicy Juice,Dynamic Green,17000,0.0,40000.0,10,400000.0,230000.0
2025-01-15,Wednesday,0,0,Juicy Juice,Sun Kissed,17000,0.0,40000.0,17,680000.0,391000.0
2025-01-16,Thursday,0,0,Freshy Coconut,Coconut Water,8000,0.0,18000.0,77,1386000.0,770000.0
2025-01-16,Thursday,0,0,Freshy Coconut,Kelapa Ijo,9000,0.2,16000.0,75,1200000.0,525000.0
2025-01-16,Thursday,0,0,Nut Milk,Choco Blast,19000,0.0,45000.0,36,1620000.0,936000.0
2025-01-16,Thursday,0,0,Nut Milk,Vanilla Shake,19000,0.1,40500.0,14,567000.0,301000.0
2025-01-16,Thursday,0,0,Juicy Juice,Tropical Vibes,17000,0.0,40000.0,21,840000.0,483000.0
2025-01-16,Thursday,0,0,Juicy Juice,Dynamic Green,17000,0.0,40000.0,9,360000.0,207000.0
2025-01-16,Thursday,0,0,Juicy Juice,Sun Kissed,17000,0.2,32000.0,28,896000.0,420000.0
2025-01-17,Friday,1,0,Freshy Coconut,Coconut Water,8000,0.0,18000.0,98,1764000.0,980000.0
2025-01-17,Friday,1,0,Freshy Coconut,Kelapa Ijo,9000,0.0,20000.0,66,1320000.0,726000.0
2025-01-17,Friday,1,0,Nut Milk,Choco Blast,19000,0.1,40500.0,43,1741500.0,924500.0
2025-01-17,Friday,1,0,Nut Milk,Vanilla Shake,19000,0.2,36000.0,22,792000.0,374000.0
2025-01-17,Friday,1,0,Juicy Juice,Tropical Vibes,17000,0.0,40000.0,21,840000.0,483000.0
2025-01-17,Friday,1,0,Juicy Juice,Dynamic Green,17000,0.0,40000.0,12,480000.0,276000.0
2025-01-17,Friday,1,0,Juicy Juice,Sun Kissed,17000,0.1,36000.0,30,1080000.0,570000.0
2025-01-18,Saturday,1,0,Freshy Coconut,Coconut Water,8000,0.0,18000.0,101,1818000.0,1010000.0
2025-01-18,Saturday,1,0,Freshy Coconut,Kelapa Ijo,9000,0.1,18000.0,76,1368000.0,684000.0
2025-01-18,Saturday,1,0,Nut Milk,Choco Blast,19000,0.2,36000.0,56,2016000.0,952000.0
2025-01-18,Saturday,1,0,Nut Milk,Vanilla Shake,19000,0.0,45000.0,18,810000.0,468000.0
2025-01-18,Saturday,1,0,Juicy Juice,Tropical Vibes,17000,0.0,40000.0,28,1120000.0,644000.0
2025-01-18,Saturday,1,0,Juicy Juice,Dynamic Green,17000,0.1,36000.0,19,684000.0,361000.0
2025-01-18,Saturday,1,0,Juicy Juice,Sun Kissed,17000,0.1,36000.0,33,1188000.0,627000.0
2025-01-19,Sunday,1,0,Freshy Coconut,Coconut Water,8000,0.1,16200.0,105,1701000.0,861000.0
2025-01-19,Sunday,1,0,Freshy Coconut,Kelapa Ijo,9000,0.0,20000.0,66,1320000.0,726000.0
2025-01-19,Sunday,1,0,Nut Milk,Choco Blast,19000,0.0,45000.0,48,2160000.0,1248000.0
2025-01-19,Sunday,1,0,Nut Milk,Vanilla Shake,19000,0.0,45000.0,19,855000.0,494000.0
2025-01-19,Sunday,1,0,Juicy Juice,Tropical Vibes,17000,0.1,36000.0,42,1512000.0,798000.0
2025-01-19,Sunday,1,0,Juicy Juice,Dynamic Green,17000,0.0,40000.0,16,640000.0,368000.0
2025-01-19,Sunday,1,0,Juicy Juice,Sun Kissed,17000,0.0,40000.0,31,1240000.0,713000.0
2025-01-20,Monday,0,0,Freshy Coconut,Coconut Water,8000,0.0,18000.0,67,1206000.0,670000.0
2025-01-20,Monday,0,0,Freshy Coconut,Kelapa Ijo,9000,0.0,20000.0,41,820000.0,451000.0
2025-01-20,Monday,0,0,Nut Milk,Choco Blast,19000,0.0,45000.0,28,1260000.0,728000.0
2025-01-20,Monday,0,0,Nut Milk,Vanilla Shake,19000,0.0,45000.0,10,450000.0,260000.0
2025-01-20,Monday,0,0,Juicy Juice,Tropical Vibes,17000,0.0,40000.0,21,840000.0,483000.0
2025-01-20,Monday,0,0,Juicy Juice,Dynamic Green,17000,0.0,40000.0,9,360000.0,207000.0
2025-01-20,Monday,0,0,Juicy Juice,Sun Kissed,17000,0.1,36000.0,23,828000.0,437000.0
2025-01-21,Tuesday,0,0,Freshy Coconut,Coconut Water,8000,0.0,18000.0,65,1170000.0,650000.0
2025-01-21,Tuesday,0,0,Freshy Coconut,Kelapa Ijo,9000,0.0,20000.0,41,820000.0,451000.0
2025-01-21,Tuesday,0,0,Nut Milk,Choco Blast,19000,0.0,45000.0,29,1305000.0,754000.0
2025-01-21,Tuesday,0,0,Nut Milk,Vanilla Shake,19000,0.1,40500.0,15,607500.0,322500.0
2025-01-21,Tuesday,0,0,Juicy Juice,Tropical Vibes,17000,0.2,32000.0,19,608000.0,285000.0
2025-01-21,Tuesday,0,0,Juicy Juice,Dynamic Green,17000,0.0,40000.0,9,360000.0,207000.0
2025-01-21,Tuesday,0,0,Juicy Juice,Sun Kissed,17000,0.2,32000.0,26,832000.0,390000.0
2025-01-22,Wednesday,0,0,Freshy Coconut,Coconut Water,8000,0.1,16200.0,67,1085400.0,549400.0
2025-01-22,Wednesday,0,0,Freshy Coconut,Kelapa Ijo,9000,0.1,18000.0,51,918000.0,459000.0
2025-01-22,Wednesday,0,0,Nut Milk,Choco Blast,19000,0.1,40500.0,38,1539000.0,817000.0
2025-01-22,Wednesday,0,0,Nut Milk,Vanilla Shake,19000,0.0,45000.0,12,540000.0,312000.0
2025-01-22,Wednesday,0,0,Juicy Juice,Tropical Vibes,17000,0.1,36000.0,19,684000.0,361000.0
2025-01-22,Wednesday,0,0,Juicy Juice,Dynamic Green,17000,0.0,40000.0,8,320000.0,184000.0
2025-01-22,Wednesday,0,0,Juicy Juice,Sun Kissed,17000,0.0,40000.0,16,640000.0,368000.0
2025-01-23,Thursday,0,0,Freshy Coconut,Coconut Water,8000,0.0,18000.0,82,1476000.0,820000.0
2025-01-23,Thursday,0,0,Freshy Coconut,Kelapa Ijo,9000,0.0,20000.0,56,1120000.0,616000.0
2025-01-23,Thursday,0,0,Nut Milk,Choco Blast,19000,0.0,45000.0,31,1395000.0,806000.0
2025-01-23,Thursday,0,0,Nut Milk,Vanilla Shake,19000,0.0,45000.0,12,540000.0,312000.0
2025-01-23,Thursday,0,0,Juicy Juice,Tropical Vibes,17000,0.0,40000.0,21,840000.0,483000.0
2025-01-23,Thursday,0,0,Juicy Juice,Dynamic Green,17000,0.2,32000.0,15,480000.0,225000.0
2025-01-23,Thursday,0,0,Juicy Juice,Sun Kissed,17000,0.0,40000.0,22,880000.0,506000.0
2025-01-24,Friday,1,0,Freshy Coconut,Coconut Water,8000,0.1,16200.0,86,1393200.0,705200.0
2025-01-24,Friday,1,0,Freshy Coconut,Kelapa Ijo,9000,0.0,20000.0,63,1260000.0,693000.0
2025-01-24,Friday,1,0,Nut Milk,Choco Blast,19000,0.2,36000.0,51,1836000.0,867000.0
2025-01-24,Friday,1,0,Nut Milk,Vanilla Shake,19000,0.1,40500.0,18,729000.0,387000.0
2025-01-24,Friday,1,0,Juicy Juice,Tropical Vibes,17000,0.2,32000.0,40,1280000.0,600000.0
2025-01-24,Friday,1,0,Juicy Juice,Dynamic Green,17000,0.0,40000.0,13,520000.0,299000.0
2025-01-24,Friday,1,0,Juicy Juice,Sun Kissed,17000,0.0,40000.0,24,960000.0,552000.0
2025-01-25,Saturday,1,0,Freshy Coconut,Coconut Water,8000,0.0,18000.0,102,1836000.0,1020000.0
2025-01-25,Saturday,1,0,Freshy Coconut,Kelapa Ijo,9000,0.0,20000.0,65,1300000.0,715000.0
2025-01-25,Saturday,1,0,Nut Milk,Choco Blast,19000,0.0,45000.0,48,2160000.0,1248000.0
2025-01-25,Saturday,1,0,Nut Milk,Vanilla Shake,19000,0.1,40500.0,19,769500.0,408500.0
2025-01-25,Saturday,1,0,Juicy Juice,Tropical Vibes,17000,0.1,36000.0,41,1476000.0,779000.0
2025-01-25,Saturday,1,0,Juicy Juice,Dynamic Green,17000,0.2,32000.0,20,640000.0,300000.0
2025-01-25,Saturday,1,0,Juicy Juice,Sun Kissed,17000,0.0,40000.0,24,960000.0,552000.0
2025-01-26,Sunday,1,1,Freshy Coconut,Coconut Water,8000,0.0,18000.0,141,2538000.0,1410000.0
2025-01-26,Sunday,1,1,Freshy Coconut,Kelapa Ijo,9000,0.0,20000.0,104,2080000.0,1144000.0
2025-01-26,Sunday,1,1,Nut Milk,Choco Blast,19000,0.0,45000.0,74,3330000.0,1924000.0
2025-01-26,Sunday,1,1,Nut Milk,Vanilla Shake,19000,0.2,36000.0,37,1332000.0,629000.0
2025-01-26,Sunday,1,1,Juicy Juice,Tropical Vibes,17000,0.1,36000.0,58,2088000.0,1102000.0
2025-01-26,Sunday,1,1,Juicy Juice,Dynamic Green,17000,0.0,40000.0,23,920000.0,529000.0
2025-01-26,Sunday,1,1,Juicy Juice,Sun Kissed,17000,0.0,40000.0,42,1680000.0,966000.0
2025-01-27,Monday,0,1,Freshy Coconut,Coconut Water,8000,0.0,18000.0,103,1854000.0,1030000.0
2025-01-27,Monday,0,1,Freshy Coconut,Kelapa Ijo,9000,0.2,16000.0,102,1632000.0,714000.0
2025-01-27,Monday,0,1,Nut Milk,Choco Blast,19000,0.0,45000.0,46,2070000.0,1196000.0
2025-01-27,Monday,0,1,Nut Milk,Vanilla Shake,19000,0.1,40500.0,22,891000.0,473000.0
2025-01-27,Monday,0,1,Juicy Juice,Tropical Vibes,17000,0.2,32000.0,39,1248000.0,585000.0
2025-01-27,Monday,0,1,Juicy Juice,Dynamic Green,17000,0.1,36000.0,16,576000.0,304000.0
2025-01-27,Monday,0,1,Juicy Juice,Sun Kissed,17000,0.1,36000.0,33,1188000.0,627000.0
2025-01-28,Tuesday,0,1,Freshy Coconut,Coconut Water,8000,0.2,14400.0,118,1699200.0,755200.0
2025-01-28,Tuesday,0,1,Freshy Coconut,Kelapa Ijo,9000,0.0,20000.0,61,1220000.0,671000.0
2025-01-28,Tuesday,0,1,Nut Milk,Choco Blast,19000,0.0,45000.0,37,1665000.0,962000.0
2025-01-28,Tuesday,0,1,Nut Milk,Vanilla Shake,19000,0.0,45000.0,15,675000.0,390000.0
2025-01-28,Tuesday,0,1,Juicy Juice,Tropical Vibes,17000,0.1,36000.0,29,1044000.0,551000.0
2025-01-28,Tuesday,0,1,Juicy Juice,Dynamic Green,17000,0.2,32000.0,19,608000.0,285000.0
2025-01-28,Tuesday,0,1,Juicy Juice,Sun Kissed,17000,0.0,40000.0,24,960000.0,552000.0
2025-01-29,Wednesday,0,1,Freshy Coconut,Coconut Water,8000,0.0,18000.0,82,1476000.0,820000.0
2025-01-29,Wednesday,0,1,Freshy Coconut,Kelapa Ijo,9000,0.0,20000.0,64,1280000.0,704000.0
2025-01-29,Wednesday,0,1,Nut Milk,Choco Blast,19000,0.0,45000.0,40,1800000.0,1040000.0
2025-01-29,Wednesday,0,1,Nut Milk,Vanilla Shake,19000,0.0,45000.0,13,585000.0,338000.0
2025-01-29,Wednesday,0,1,Juicy Juice,Tropical Vibes,17000,0.1,36000.0,34,1224000.0,646000.0
2025-01-29,Wednesday,0,1,Juicy Juice,Dynamic Green,17000,0.0,40000.0,12,480000.0,276000.0
2025-01-29,Wednesday,0,1,Juicy Juice,Sun Kissed,17000,0.0,40000.0,22,880000.0,506000.0
2025-01-30,Thursday,0,1,Freshy Coconut,Coconut Water,8000,0.0,18000.0,107,1926000.0,1070000.0
2025-01-30,Thursday,0,1,Freshy Coconut,Kelapa Ijo,9000,0.0,20000.0,75,1500000.0,825000.0
2025-01-30,Thursday,0,1,Nut Milk,Choco Blast,19000,0.0,45000.0,43,1935000.0,1118000.0
2025-01-30,Thursday,0,1,Nut Milk,Vanilla Shake,19000,0.2,36000.0,30,1080000.0,510000.0
2025-01-30,Thursday,0,1,Juicy Juice,Tropical Vibes,17000,0.1,36000.0,36,1296000.0,684000.0
2025-01-30,Thursday,0,1,Juicy Juice,Dynamic Green,17000,0.2,32000.0,23,736000.0,345000.0
2025-01-30,Thursday,0,1,Juicy Juice,Sun Kissed,17000,0.0,40000.0,22,880000.0,506000.0
2025-01-31,Friday,1,1,Freshy Coconut,Coconut Water,8000,0.0,18000.0,140,2520000.0,1400000.0
2025-01-31,Friday,1,1,Freshy Coconut,Kelapa Ijo,9000,0.1,18000.0,95,1710000.0,855000.0
2025-01-31,Friday,1,1,Nut Milk,Choco Blast,19000,0.0,45000.0,51,2295000.0,1326000.0
2025-01-31,Friday,1,1,Nut Milk,Vanilla Shake,19000,0.1,40500.0,27,1093500.0,580500.0
2025-01-31,Friday,1,1,Juicy Juice,Tropical Vibes,17000,0.1,36000.0,35,1260000.0,665000.0
2025-01-31,Friday,1,1,Juicy Juice,Dynamic Green,17000,0.0,40000.0,18,720000.0,414000.0
2025-01-31,Friday,1,1,Juicy Juice,Sun Kissed,17000,0.0,40000.0,34,1360000.0,782000.0
2025-02-01,Saturday,1,1,Freshy Coconut,Coconut Water,8000,0.0,18000.0,118,2124000.0,1180000.0
2025-02-01,Saturday,1,1,Freshy Coconut,Kelapa Ijo,9000,0.1,18000.0,120,2160000.0,1080000.0
2025-02-01,Saturday,1,1,Nut Milk,Choco Blast,19000,0.0,45000.0,59,2655000.0,1534000.0
2025-02-01,Saturday,1,1,Nut Milk,Vanilla Shake,19000,0.2,36000.0,34,1224000.0,578000.0
2025-02-01,Saturday,1,1,Juicy Juice,Tropical Vibes,17000,0.0,40000.0,44,1760000.0,1012000.0
2025-02-01,Saturday,1,1,Juicy Juice,Dynamic Green,17000,0.0,40000.0,24,960000.0,552000.0
2025-02-01,Saturday,1,1,Juicy Juice,Sun Kissed,17000,0.2,32000.0,46,1472000.0,690000.0
2025-02-02,Sunday,1,1,Freshy Coconut,Coconut Water,8000,0.1,16200.0,182,2948400.0,1492400.0
2025-02-02,Sunday,1,1,Freshy Coconut,Kelapa Ijo,9000,0.0,20000.0,92,1840000.0,1012000.0
2025-02-02,Sunday,1,1,Nut Milk,Choco Blast,19000,0.0,45000.0,70,3150000.0,1820000.0
2025-02-02,Sunday,1,1,Nut Milk,Vanilla Shake,19000,0.2,36000.0,41,1476000.0,697000.0
2025-02-02,Sunday,1,1,Juicy Juice,Tropical Vibes,17000,0.1,36000.0,55,1980000.0,1045000.0
2025-02-02,Sunday,1,1,Juicy Juice,Dynamic Green,17000,0.1,36000.0,26,936000.0,494000.0
2025-02-02,Sunday,1,1,Juicy Juice,Sun Kissed,17000,0.0,40000.0,41,1640000.0,943000.0
2025-02-03,Monday,0,1,Freshy Coconut,Coconut Water,8000,0.1,16200.0,100,1620000.0,820000.0
2025-02-03,Monday,0,1,Freshy Coconut,Kelapa Ijo,9000,0.2,16000.0,102,1632000.0,714000.0
2025-02-03,Monday,0,1,Nut Milk,Choco Blast,19000,0.0,45000.0,41,1845000.0,1066000.0
2025-02-03,Monday,0,1,Nut Milk,Vanilla Shake,19000,0.0,45000.0,18,810000.0,468000.0
2025-02-03,Monday,0,1,Juicy Juice,Tropical Vibes,17000,0.0,40000.0,22,880000.0,506000.0
2025-02-03,Monday,0,1,Juicy Juice,Dynamic Green,17000,0.0,40000.0,12,480000.0,276000.0
2025-02-03,Monday,0,1,Juicy Juice,Sun Kissed,17000,0.0,40000.0,26,1040000.0,598000.0
2025-02-04,Tuesday,0,1,Freshy Coconut,Coconut Water,8000,0.0,18000.0,83,1494000.0,830000.0
2025-02-04,Tuesday,0,1,Freshy Coconut,Kelapa Ijo,9000,0.0,20000.0,65,1300000.0,715000.0
2025-02-04,Tuesday,0,1,Nut Milk,Choco Blast,19000,0.2,36000.0,57,2052000.0,969000.0
2025-02-04,Tuesday,0,1,Nut Milk,Vanilla Shake,19000,0.0,45000.0,12,540000.0,312000.0
2025-02-04,Tuesday,0,1,Juicy Juice,Tropical Vibes,17000,0.0,40000.0,28,1120000.0,644000.0
2025-02-04,Tuesday,0,1,Juicy Juice,Dynamic Green,17000,0.0,40000.0,13,520000.0,299000.0
2025-02-04,Tuesday,0,1,Juicy Juice,Sun Kissed,17000,0.1,36000.0,27,972000.0,513000.0
2025-02-05,Wednesday,0,1,Freshy Coconut,Coconut Water,8000,0.0,18000.0,85,1530000.0,850000.0
2025-02-05,Wednesday,0,1,Freshy Coconut,Kelapa Ijo,9000,0.0,20000.0,54,1080000.0,594000.0
2025-02-05,Wednesday,0,1,Nut Milk,Choco Blast,19000,0.1,40500.0,51,2065500.0,1096500.0
2025-02-05,Wednesday,0,1,Nut Milk,Vanilla Shake,19000,0.1,40500.0,20,810000.0,430000.0
2025-02-05,Wednesday,0,1,Juicy Juice,Tropical Vibes,17000,0.0,40000.0,30,1200000.0,690000.0
2025-02-05,Wednesday,0,1,Juicy Juice,Dynamic Green,17000,0.0,40000.0,13,520000.0,299000.0
2025-02-05,Wednesday,0,1,Juicy Juice,Sun Kissed,17000,0.0,40000.0,21,840000.0,483000.0
2025-02-06,Thursday,0,0,Freshy Coconut,Coconut Water,8000,0.0,18000.0,69,1242000.0,690000.0
2025-02-06,Thursday,0,0,Freshy Coconut,Kelapa Ijo,9000,0.0,20000.0,50,1000000.0,550000.0
2025-02-06,Thursday,0,0,Nut Milk,Choco Blast,19000,0.1,40500.0,43,1741500.0,924500.0
2025-02-06,Thursday,0,0,Nut Milk,Vanilla Shake,19000,0.1,40500.0,15,607500.0,322500.0
2025-02-06,Thursday,0,0,Juicy Juice,Tropical Vibes,17000,0.2,32000.0,26,832000.0,390000.0
2025-02-06,Thursday,0,0,Juicy Juice,Dynamic Green,17000,0.0,40000.0,9,360000.0,207000.0
2025-02-06,Thursday,0,0,Juicy Juice,Sun Kissed,17000,0.0,40000.0,22,880000.0,506000.0
2025-02-07,Friday,1,0,Freshy Coconut,Coconut Water,8000,0.0,18000.0,72,1296000.0,720000.0
2025-02-07,Friday,1,0,Freshy Coconut,Kelapa Ijo,9000,0.1,18000.0,78,1404000.0,702000.0
2025-02-07,Friday,1,0,Nut Milk,Choco Blast,19000,0.2,36000.0,53,1908000.0,901000.0
2025-02-07,Friday,1,0,Nut Milk,Vanilla Shake,19000,0.2,36000.0,22,792000.0,374000.0
2025-02-07,Friday,1,0,Juicy Juice,Tropical Vibes,17000,0.0,40000.0,23,920000.0,529000.0
2025-02-07,Friday,1,0,Juicy Juice,Dynamic Green,17000,0.0,40000.0,14,560000.0,322000.0
2025-02-07,Friday,1,0,Juicy Juice,Sun Kissed,17000,0.1,36000.0,27,972000.0,513000.0
2025-02-08,Saturday,1,0,Freshy Coconut,Coconut Water,8000,0.0,18000.0,96,1728000.0,960000.0
2025-02-08,Saturday,1,0,Freshy Coconut,Kelapa Ijo,9000,0.0,20000.0,67,1340000.0,737000.0
2025-02-08,Saturday,1,0,Nut Milk,Choco Blast,19000,0.2,36000.0,53,1908000.0,901000.0
2025-02-08,Saturday,1,0,Nut Milk,Vanilla Shake,19000,0.0,45000.0,14,630000.0,364000.0
2025-02-08,Saturday,1,0,Juicy Juice,Tropical Vibes,17000,0.0,40000.0,28,1120000.0,644000.0
2025-02-08,Saturday,1,0,Juicy Juice,Dynamic Green,17000,0.0,40000.0,14,560000.0,322000.0
2025-02-08,Saturday,1,0,Juicy Juice,Sun Kissed,17000,0.1,36000.0,36,1296000.0,684000.0
2025-02-09,Sunday,1,0,Freshy Coconut,Coconut Water,8000,0.1,16200.0,111,1798200.0,910200.0
2025-02-09,Sunday,1,0,Freshy Coconut,Kelapa Ijo,9000,0.0,20000.0,68,1360000.0,748000.0
2025-02-09,Sunday,1,0,Nut Milk,Choco Blast,19000,0.2,36000.0,73,2628000.0,1241000.0
2025-02-09,Sunday,1,0,Nut Milk,Vanilla Shake,19000,0.0,45000.0,23,1035000.0,598000.0
2025-02-09,Sunday,1,0,Juicy Juice,Tropical Vibes,17000,0.0,40000.0,31,1240000.0,713000.0
2025-02-09,Sunday,1,0,Juicy Juice,Dynamic Green,17000,0.2,32000.0,22,704000.0,330000.0
2025-02-09,Sunday,1,0,Juicy Juice,Sun Kissed,17000,0.0,40000.0,32,1280000.0,736000.0
2025-02-10,Monday,0,0,Freshy Coconut,Coconut Water,8000,0.0,18000.0,82,1476000.0,820000.0
2025-02-10,Monday,0,0,Freshy Coconut,Kelapa Ijo,9000,0.0,20000.0,54,1080000.0,594000.0
2025-02-10,Monday,0,0,Nut Milk,Choco Blast,19000,0.0,45000.0,30,1350000.0,780000.0
2025-02-10,Monday,0,0,Nut Milk,Vanilla Shake,19000,0.0,45000.0,13,585000.0,338000.0
2025-02-10,Monday,0,0,Juicy Juice,Tropical Vibes,17000,0.0,40000.0,22,880000.0,506000.0
2025-02-10,Monday,0,0,Juicy Juice,Dynamic Green,17000,0.0,40000.0,10,400000.0,230000.0
2025-02-10,Monday,0,0,Juicy Juice,Sun Kissed,17000,0.0,40000.0,13,520000.0,299000.0
2025-02-11,Tuesday,0,0,Freshy Coconut,Coconut Water,8000,0.0,18000.0,54,972000.0,540000.0
2025-02-11,Tuesday,0,0,Freshy Coconut,Kelapa Ijo,9000,0.0,20000.0,47,940000.0,517000.0
2025-02-11,Tuesday,0,0,Nut Milk,Choco Blast,19000,0.0,45000.0,29,1305000.0,754000.0
2025-02-11,Tuesday,0,0,Nut Milk,Vanilla Shake,19000,0.0,45000.0,12,540000.0,312000.0
2025-02-11,Tuesday,0,0,Juicy Juice,Tropical Vibes,17000,0.1,36000.0,19,684000.0,361000.0
2025-02-11,Tuesday,0,0,Juicy Juice,Dynamic Green,17000,0.2,32000.0,11,352000.0,165000.0
2025-02-11,Tuesday,0,0,Juicy Juice,Sun Kissed,17000,0.2,32000.0,18,576000.0,270000.0
2025-02-12,Wednesday,0,0,Freshy Coconut,Coconut Water,8000,0.2,14400.0,88,1267200.0,563200.0
2025-02-12,Wednesday,0,0,Freshy Coconut,Kelapa Ijo,9000,0.0,20000.0,46,920000.0,506000.0
2025-02-12,Wednesday,0,0,Nut Milk,Choco Blast,19000,0.0,45000.0,22,990000.0,572000.0
2025-02-12,Wednesday,0,0,Nut Milk,Vanilla Shake,19000,0.0,45000.0,11,495000.0,286000.0
2025-02-12,Wednesday,0,0,Juicy Juice,Tropical Vibes,17000,0.1,36000.0,23,828000.0,437000.0
2025-02-12,Wednesday,0,0,Juicy Juice,Dynamic Green,17000,0.0,40000.0,10,400000.0,230000.0
2025-02-12,Wednesday,0,0,Juicy Juice,Sun Kissed,17000,0.0,40000.0,15,600000.0,345000.0
2025-02-13,Thursday,0,0,Freshy Coconut,Coconut Water,8000,0.0,18000.0,64,1152000.0,640000.0
2025-02-13,Thursday,0,0,Freshy Coconut,Kelapa Ijo,9000,0.2,16000.0,71,1136000.0,497000.0
2025-02-13,Thursday,0,0,Nut Milk,Choco Blast,19000,0.2,36000.0,43,1548000.0,731000.0
2025-02-13,Thursday,0,0,Nut Milk,Vanilla Shake,19000,0.0,45000.0,13,585000.0,338000.0
2025-02-13,Thursday,0,0,Juicy Juice,Tropical Vibes,17000,0.1,36000.0,28,1008000.0,532000.0
2025-02-13,Thursday,0,0,Juicy Juice,Dynamic Green,17000,0.0,40000.0,11,440000.0,253000.0
2025-02-13,Thursday,0,0,Juicy Juice,Sun Kissed,17000,0.0,40000.0,18,720000.0,414000.0
2025-02-14,Friday,1,0,Freshy Coconut,Coconut Water,8000,0.0,18000.0,93,1674000.0,930000.0
2025-02-14,Friday,1,0,Freshy Coconut,Kelapa Ijo,9000,0.0,20000.0,56,1120000.0,616000.0
2025-02-14,Friday,1,0,Nut Milk,Choco Blast,19000,0.0,45000.0,45,2025000.0,1170000.0
2025-02-14,Friday,1,0,Nut Milk,Vanilla Shake,19000,0.0,45000.0,15,675000.0,390000.0
2025-02-14,Friday,1,0,Juicy Juice,Tropical Vibes,17000,0.0,40000.0,25,1000000.0,575000.0
2025-02-14,Friday,1,0,Juicy Juice,Dynamic Green,17000,0.1,36000.0,15,540000.0,285000.0
2025-02-14,Friday,1,0,Juicy Juice,Sun Kissed,17000,0.0,40000.0,20,800000.0,460000.0
2025-02-15,Saturday,1,0,Freshy Coconut,Coconut Water,8000,0.1,16200.0,97,1571400.0,795400.0
2025-02-15,Saturday,1,0,Freshy Coconut,Kelapa Ijo,9000,0.0,20000.0,73,1460000.0,803000.0
2025-02-15,Saturday,1,0,Nut Milk,Choco Blast,19000,0.0,45000.0,45,2025000.0,1170000.0
2025-02-15,Saturday,1,0,Nut Milk,Vanilla Shake,19000,0.0,45000.0,21,945000.0,546000.0
2025-02-15,Saturday,1,0,Juicy Juice,Tropical Vibes,17000,0.0,40000.0,34,1360000.0,782000.0
2025-02-15,Saturday,1,0,Juicy Juice,Dynamic Green,17000,0.0,40000.0,14,560000.0,322000.0
2025-02-15,Saturday,1,0,Juicy Juice,Sun Kissed,17000,0.1,36000.0,32,1152000.0,608000.0
2025-02-16,Sunday,1,0,Freshy Coconut,Coconut Water,8000,0.0,18000.0,101,1818000.0,1010000.0
2025-02-16,Sunday,1,0,Freshy Coconut,Kelapa Ijo,9000,0.0,20000.0,74,1480000.0,814000.0
2025-02-16,Sunday,1,0,Nut Milk,Choco Blast,19000,0.1,40500.0,55,2227500.0,1182500.0
2025-02-16,Sunday,1,0,Nut Milk,Vanilla Shake,19000,0.0,45000.0,18,810000.0,468000.0
2025-02-16,Sunday,1,0,Juicy Juice,Tropical Vibes,17000,0.0,40000.0,35,1400000.0,805000.0
2025-02-16,Sunday,1,0,Juicy Juice,Dynamic Green,17000,0.0,40000.0,19,760000.0,437000.0
2025-02-16,Sunday,1,0,Juicy Juice,Sun Kissed,17000,0.0,40000.0,29,1160000.0,667000.0
2025-02-17,Monday,0,0,Freshy Coconut,Coconut Water,8000,0.2,14400.0,88,1267200.0,563200.0
2025-02-17,Monday,0,0,Freshy Coconut,Kelapa Ijo,9000,0.1,18000.0,60,1080000.0,540000.0
2025-02-17,Monday,0,0,Nut Milk,Choco Blast,19000,0.0,45000.0,24,1080000.0,624000.0
2025-02-17,Monday,0,0,Nut Milk,Vanilla Shake,19000,0.2,36000.0,17,612000.0,289000.0
2025-02-17,Monday,0,0,Juicy Juice,Tropical Vibes,17000,0.1,36000.0,30,1080000.0,570000.0
2025-02-17,Monday,0,0,Juicy Juice,Dynamic Green,17000,0.0,40000.0,10,400000.0,230000.0
2025-02-17,Monday,0,0,Juicy Juice,Sun Kissed,17000,0.1,36000.0,15,540000.0,285000.0
2025-02-18,Tuesday,0,0,Freshy Coconut,Coconut Water,8000,0.1,16200.0,67,1085400.0,549400.0
2025-02-18,Tuesday,0,0,Freshy Coconut,Kelapa Ijo,9000,0.2,16000.0,52,832000.0,364000.0
2025-02-18,Tuesday,0,0,Nut Milk,Choco Blast,19000,0.0,45000.0,27,1215000.0,702000.0
2025-02-18,Tuesday,0,0,Nut Milk,Vanilla Shake,19000,0.0,45000.0,9,405000.0,234000.0
2025-02-18,Tuesday,0,0,Juicy Juice,Tropical Vibes,17000,0.0,40000.0,22,880000.0,506000.0
2025-02-18,Tuesday,0,0,Juicy Juice,Dynamic Green,17000,0.0,40000.0,10,400000.0,230000.0
2025-02-18,Tuesday,0,0,Juicy Juice,Sun Kissed,17000,0.1,36000.0,19,684000.0,361000.0
2025-02-19,Wednesday,0,0,Freshy Coconut,Coconut Water,8000,0.2,14400.0,93,1339200.0,595200.0
2025-02-19,Wednesday,0,0,Freshy Coconut,Kelapa Ijo,9000,0.0,20000.0,44,880000.0,484000.0
2025-02-19,Wednesday,0,0,Nut Milk,Choco Blast,19000,0.0,45000.0,30,1350000.0,780000.0
2025-02-19,Wednesday,0,0,Nut Milk,Vanilla Shake,19000,0.0,45000.0,11,495000.0,286000.0
2025-02-19,Wednesday,0,0,Juicy Juice,Tropical Vibes,17000,0.0,40000.0,19,760000.0,437000.0
2025-02-19,Wednesday,0,0,Juicy Juice,Dynamic Green,17000,0.2,32000.0,15,480000.0,225000.0
2025-02-19,Wednesday,0,0,Juicy Juice,Sun Kissed,17000,0.2,32000.0,21,672000.0,315000.0
2025-02-20,Thursday,0,0,Freshy Coconut,Coconut Water,8000,0.1,16200.0,70,1134000.0,574000.0
2025-02-20,Thursday,0,0,Freshy Coconut,Kelapa Ijo,9000,0.1,18000.0,66,1188000.0,594000.0
2025-02-20,Thursday,0,0,Nut Milk,Choco Blast,19000,0.0,45000.0,33,1485000.0,858000.0
2025-02-20,Thursday,0,0,Nut Milk,Vanilla Shake,19000,0.0,45000.0,14,630000.0,364000.0
2025-02-20,Thursday,0,0,Juicy Juice,Tropical Vibes,17000,0.0,40000.0,19,760000.0,437000.0
2025-02-20,Thursday,0,0,Juicy Juice,Dynamic Green,17000,0.0,40000.0,10,400000.0,230000.0
2025-02-20,Thursday,0,0,Juicy Juice,Sun Kissed,17000,0.0,40000.0,17,680000.0,391000.0
2025-02-21,Friday,1,0,Freshy Coconut,Coconut Water,8000,0.1,16200.0,101,1636200.0,828200.0
2025-02-21,Friday,1,0,Freshy Coconut,Kelapa Ijo,9000,0.0,20000.0,65,1300000.0,715000.0
2025-02-21,Friday,1,0,Nut Milk,Choco Blast,19000,0.1,40500.0,45,1822500.0,967500.0
2025-02-21,Friday,1,0,Nut Milk,Vanilla Shake,19000,0.0,45000.0,13,585000.0,338000.0
2025-02-21,Friday,1,0,Juicy Juice,Tropical Vibes,17000,0.1,36000.0,31,1116000.0,589000.0
2025-02-21,Friday,1,0,Juicy Juice,Dynamic Green,17000,0.0,40000.0,14,560000.0,322000.0
2025-02-21,Friday,1,0,Juicy Juice,Sun Kissed,17000,0.0,40000.0,21,840000.0,483000.0
2025-02-22,Saturday,1,0,Freshy Coconut,Coconut Water,8000,0.2,14400.0,119,1713600.0,761600.0
2025-02-22,Saturday,1,0,Freshy Coconut,Kelapa Ijo,9000,0.2,16000.0,95,1520000.0,665000.0
2025-02-22,Saturday,1,0,Nut Milk,Choco Blast,19000,0.0,45000.0,47,2115000.0,1222000.0
2025-02-22,Saturday,1,0,Nut Milk,Vanilla Shake,19000,0.0,45000.0,16,720000.0,416000.0
2025-02-22,Saturday,1,0,Juicy Juice,Tropical Vibes,17000,0.2,32000.0,47,1504000.0,705000.0
2025-02-22,Saturday,1,0,Juicy Juice,Dynamic Green,17000,0.0,40000.0,15,600000.0,345000.0
2025-02-22,Saturday,1,0,Juicy Juice,Sun Kissed,17000,0.0,40000.0,27,1080000.0,621000.0
2025-02-23,Sunday,1,0,Freshy Coconut,Coconut Water,8000,0.0,18000.0,92,1656000.0,920000.0
2025-02-23,Sunday,1,0,Freshy Coconut,Kelapa Ijo,9000,0.2,16000.0,92,1472000.0,644000.0
2025-02-23,Sunday,1,0,Nut Milk,Choco Blast,19000,0.0,45000.0,47,2115000.0,1222000.0
2025-02-23,Sunday,1,0,Nut Milk,Vanilla Shake,19000,0.0,45000.0,20,900000.0,520000.0
2025-02-23,Sunday,1,0,Juicy Juice,Tropical Vibes,17000,0.0,40000.0,36,1440000.0,828000.0
2025-02-23,Sunday,1,0,Juicy Juice,Dynamic Green,17000,0.2,32000.0,24,768000.0,360000.0
2025-02-23,Sunday,1,0,Juicy Juice,Sun Kissed,17000,0.0,40000.0,27,1080000.0,621000.0
2025-02-24,Monday,0,0,Freshy Coconut,Coconut Water,8000,0.0,18000.0,63,1134000.0,630000.0
2025-02-24,Monday,0,0,Freshy Coconut,Kelapa Ijo,9000,0.1,18000.0,52,936000.0,468000.0
2025-02-24,Monday,0,0,Nut Milk,Choco Blast,19000,0.1,40500.0,38,1539000.0,817000.0
2025-02-24,Monday,0,0,Nut Milk,Vanilla Shake,19000,0.1,40500.0,17,688500.0,365500.0
2025-02-24,Monday,0,0,Juicy Juice,Tropical Vibes,17000,0.0,40000.0,19,760000.0,437000.0
2025-02-24,Monday,0,0,Juicy Juice,Dynamic Green,17000,0.0,40000.0,10,400000.0,230000.0
2025-02-24,Monday,0,0,Juicy Juice,Sun Kissed,17000,0.0,40000.0,16,640000.0,368000.0
2025-02-25,Tuesday,0,0,Freshy Coconut,Coconut Water,8000,0.0,18000.0,55,990000.0,550000.0
2025-02-25,Tuesday,0,0,Freshy Coconut,Kelapa Ijo,9000,0.0,20000.0,39,780000.0,429000.0
2025-02-25,Tuesday,0,0,Nut Milk,Choco Blast,19000,0.0,45000.0,27,1215000.0,702000.0
2025-02-25,Tuesday,0,0,Nut Milk,Vanilla Shake,19000,0.0,45000.0,11,495000.0,286000.0
2025-02-25,Tuesday,0,0,Juicy Juice,Tropical Vibes,17000,0.0,40000.0,19,760000.0,437000.0
2025-02-25,Tuesday,0,0,Juicy Juice,Dynamic Green,17000,0.0,40000.0,9,360000.0,207000.0
2025-02-25,Tuesday,0,0,Juicy Juice,Sun Kissed,17000,0.0,40000.0,17,680000.0,391000.0
2025-02-26,Wednesday,0,1,Freshy Coconut,Coconut Water,8000,0.2,14400.0,119,1713600.0,761600.0
2025-02-26,Wednesday,0,1,Freshy Coconut,Kelapa Ijo,9000,0.0,20000.0,59,1180000.0,649000.0
2025-02-26,Wednesday,0,1,Nut Milk,Choco Blast,19000,0.2,36000.0,53,1908000.0,901000.0
2025-02-26,Wednesday,0,1,Nut Milk,Vanilla Shake,19000,0.2,36000.0,21,756000.0,357000.0
2025-02-26,Wednesday,0,1,Juicy Juice,Tropical Vibes,17000,0.1,36000.0,34,1224000.0,646000.0
2025-02-26,Wednesday,0,1,Juicy Juice,Dynamic Green,17000,0.1,36000.0,16,576000.0,304000.0
2025-02-26,Wednesday,0,1,Juicy Juice,Sun Kissed,17000,0.1,36000.0,32,1152000.0,608000.0
2025-02-27,Thursday,0,1,Freshy Coconut,Coconut Water,8000,0.0,18000.0,101,1818000.0,1010000.0
2025-02-27,Thursday,0,1,Freshy Coconut,Kelapa Ijo,9000,0.0,20000.0,55,1100000.0,605000.0
2025-02-27,Thursday,0,1,Nut Milk,Choco Blast,19000,0.1,40500.0,51,2065500.0,1096500.0
2025-02-27,Thursday,0,1,Nut Milk,Vanilla Shake,19000,0.0,45000.0,21,945000.0,546000.0
2025-02-27,Thursday,0,1,Juicy Juice,Tropical Vibes,17000,0.0,40000.0,29,1160000.0,667000.0
2025-02-27,Thursday,0,1,Juicy Juice,Dynamic Green,17000,0.1,36000.0,19,684000.0,361000.0
2025-02-27,Thursday,0,1,Juicy Juice,Sun Kissed,17000,0.0,40000.0,25,1000000.0,575000.0
2025-02-28,Friday,1,1,Freshy Coconut,Coconut Water,8000,0.0,18000.0,109,1962000.0,1090000.0
2025-02-28,Friday,1,1,Freshy Coconut,Kelapa Ijo,9000,0.0,20000.0,88,1760000.0,968000.0
2025-02-28,Friday,1,1,Nut Milk,Choco Blast,19000,0.0,45000.0,48,2160000.0,1248000.0
2025-02-28,Friday,1,1,Nut Milk,Vanilla Shake,19000,0.0,45000.0,20,900000.0,520000.0
2025-02-28,Friday,1,1,Juicy Juice,Tropical Vibes,17000,0.0,40000.0,37,1480000.0,851000.0
2025-02-28,Friday,1,1,Juicy Juice,Dynamic Green,17000,0.0,40000.0,18,720000.0,414000.0
2025-02-28,Friday,1,1,Juicy Juice,Sun Kissed,17000,0.0,40000.0,27,1080000.0,621000.0
2025-03-01,Saturday,1,1,Freshy Coconut,Coconut Water,8000,0.1,16200.0,186,3013200.0,1525200.0
2025-03-01,Saturday,1,1,Freshy Coconut,Kelapa Ijo,9000,0.2,16000.0,124,1984000.0,868000.0
2025-03-01,Saturday,1,1,Nut Milk,Choco Blast,19000,0.0,45000.0,65,2925000.0,1690000.0
2025-03-01,Saturday,1,1,Nut Milk,Vanilla Shake,19000,0.0,45000.0,26,1170000.0,676000.0
2025-03-01,Saturday,1,1,Juicy Juice,Tropical Vibes,17000,0.2,32000.0,58,1856000.0,870000.0
2025-03-01,Saturday,1,1,Juicy Juice,Dynamic Green,17000,0.0,40000.0,26,1040000.0,598000.0
2025-03-01,Saturday,1,1,Juicy Juice,Sun Kissed,17000,0.0,40000.0,35,1400000.0,805000.0
2025-03-02,Sunday,1,1,Freshy Coconut,Coconut Water,8000,0.2,14400.0,172,2476800.0,1100800.0
2025-03-02,Sunday,1,1,Freshy Coconut,Kelapa Ijo,9000,0.1,18000.0,124,2232000.0,1116000.0
2025-03-02,Sunday,1,1,Nut Milk,Choco Blast,19000,0.0,45000.0,69,3105000.0,1794000.0
2025-03-02,Sunday,1,1,Nut Milk,Vanilla Shake,19000,0.1,40500.0,31,1255500.0,666500.0
2025-03-02,Sunday,1,1,Juicy Juice,Tropical Vibes,17000,0.0,40000.0,47,1880000.0,1081000.0
2025-03-02,Sunday,1,1,Juicy Juice,Dynamic Green,17000,0.0,40000.0,23,920000.0,529000.0
2025-03-02,Sunday,1,1,Juicy Juice,Sun Kissed,17000,0.1,36000.0,43,1548000.0,817000.0
2025-03-03,Monday,0,1,Freshy Coconut,Coconut Water,8000,0.1,16200.0,108,1749600.0,885600.0
2025-03-03,Monday,0,1,Freshy Coconut,Kelapa Ijo,9000,0.0,20000.0,59,1180000.0,649000.0
2025-03-03,Monday,0,1,Nut Milk,Choco Blast,19000,0.1,40500.0,50,2025000.0,1075000.0
2025-03-03,Monday,0,1,Nut Milk,Vanilla Shake,19000,0.1,40500.0,19,769500.0,408500.0
2025-03-03,Monday,0,1,Juicy Juice,Tropical Vibes,17000,0.0,40000.0,29,1160000.0,667000.0
2025-03-03,Monday,0,1,Juicy Juice,Dynamic Green,17000,0.1,36000.0,15,540000.0,285000.0
2025-03-03,Monday,0,1,Juicy Juice,Sun Kissed,17000,0.0,40000.0,24,960000.0,552000.0
2025-03-04,Tuesday,0,1,Freshy Coconut,Coconut Water,8000,0.1,16200.0,75,1215000.0,615000.0
2025-03-04,Tuesday,0,1,Freshy Coconut,Kelapa Ijo,9000,0.2,16000.0,90,1440000.0,630000.0
2025-03-04,Tuesday,0,1,Nut Milk,Choco Blast,19000,0.0,45000.0,41,1845000.0,1066000.0
2025-03-04,Tuesday,0,1,Nut Milk,Vanilla Shake,19000,0.1,40500.0,18,729000.0,387000.0
2025-03-04,Tuesday,0,1,Juicy Juice,Tropical Vibes,17000,0.0,40000.0,26,1040000.0,598000.0
2025-03-04,Tuesday,0,1,Juicy Juice,Dynamic Green,17000,0.0,40000.0,13,520000.0,299000.0
2025-03-04,Tuesday,0,1,Juicy Juice,Sun Kissed,17000,0.0,40000.0,20,800000.0,460000.0
2025-03-05,Wednesday,0,1,Freshy Coconut,Coconut Water,8000,0.0,18000.0,68,1224000.0,680000.0
2025-03-05,Wednesday,0,1,Freshy Coconut,Kelapa Ijo,9000,0.0,20000.0,66,1320000.0,726000.0
2025-03-05,Wednesday,0,1,Nut Milk,Choco Blast,19000,0.0,45000.0,36,1620000.0,936000.0
2025-03-05,Wednesday,0,1,Nut Milk,Vanilla Shake,19000,0.0,45000.0,15,675000.0,390000.0
2025-03-05,Wednesday,0,1,Juicy Juice,Tropical Vibes,17000,0.0,40000.0,27,1080000.0,621000.0
2025-03-05,Wednesday,0,1,Juicy Juice,Dynamic Green,17000,0.0,40000.0,15,600000.0,345000.0
2025-03-05,Wednesday,0,1,Juicy Juice,Sun Kissed,17000,0.0,40000.0,25,1000000.0,575000.0
2025-03-06,Thursday,0,0,Freshy Coconut,Coconut Water,8000,0.0,18000.0,64,1152000.0,640000.0
2025-03-06,Thursday,0,0,Freshy Coconut,Kelapa Ijo,9000,0.0,20000.0,49,980000.0,539000.0
2025-03-06,Thursday,0,0,Nut Milk,Choco Blast,19000,0.0,45000.0,34,1530000.0,884000.0
2025-03-06,Thursday,0,0,Nut Milk,Vanilla Shake,19000,0.1,40500.0,16,648000.0,344000.0
2025-03-06,Thursday,0,0,Juicy Juice,Tropical Vibes,17000,0.1,36000.0,25,900000.0,475000.0
2025-03-06,Thursday,0,0,Juicy Juice,Dynamic Green,17000,0.0,40000.0,12,480000.0,276000.0
2025-03-06,Thursday,0,0,Juicy Juice,Sun Kissed,17000,0.2,32000.0,27,864000.0,405000.0
2025-03-07,Friday,1,0,Freshy Coconut,Coconut Water,8000,0.0,18000.0,68,1224000.0,680000.0
2025-03-07,Friday,1,0,Freshy Coconut,Kelapa Ijo,9000,0.0,20000.0,58,1160000.0,638000.0
2025-03-07,Friday,1,0,Nut Milk,Choco Blast,19000,0.1,40500.0,35,1417500.0,752500.0
2025-03-07,Friday,1,0,Nut Milk,Vanilla Shake,19000,0.0,45000.0,17,765000.0,442000.0
2025-03-07,Friday,1,0,Juicy Juice,Tropical Vibes,17000,0.1,36000.0,25,900000.0,475000.0
2025-03-07,Friday,1,0,Juicy Juice,Dynamic Green,17000,0.1,36000.0,16,576000.0,304000.0
2025-03-07,Friday,1,0,Juicy Juice,Sun Kissed,17000,0.0,40000.0,17,680000.0,391000.0
2025-03-08,Saturday,1,0,Freshy Coconut,Coconut Water,8000,0.0,18000.0,111,1998000.0,1110000.0
2025-03-08,Saturday,1,0,Freshy Coconut,Kelapa Ijo,9000,0.1,18000.0,76,1368000.0,684000.0
2025-03-08,Saturday,1,0,Nut Milk,Choco Blast,19000,0.0,45000.0,44,1980000.0,1144000.0
2025-03-08,Saturday,1,0,Nut Milk,Vanilla Shake,19000,0.0,45000.0,17,765000.0,442000.0
2025-03-08,Saturday,1,0,Juicy Juice,Tropical Vibes,17000,0.0,40000.0,32,1280000.0,736000.0
2025-03-08,Saturday,1,0,Juicy Juice,Dynamic Green,17000,0.1,36000.0,16,576000.0,304000.0
2025-03-08,Saturday,1,0,Juicy Juice,Sun Kissed,17000,0.1,36000.0,38,1368000.0,722000.0
2025-03-09,Sunday,1,0,Freshy Coconut,Coconut Water,8000,0.0,18000.0,115,2070000.0,1150000.0
2025-03-09,Sunday,1,0,Freshy Coconut,Kelapa Ijo,9000,0.0,20000.0,80,1600000.0,880000.0
2025-03-09,Sunday,1,0,Nut Milk,Choco Blast,19000,0.0,45000.0,41,1845000.0,1066000.0
2025-03-09,Sunday,1,0,Nut Milk,Vanilla Shake,19000,0.0,45000.0,16,720000.0,416000.0
2025-03-09,Sunday,1,0,Juicy Juice,Tropical Vibes,17000,0.1,36000.0,39,1404000.0,741000.0
2025-03-09,Sunday,1,0,Juicy Juice,Dynamic Green,17000,0.0,40000.0,16,640000.0,368000.0
2025-03-09,Sunday,1,0,Juicy Juice,Sun Kissed,17000,0.0,40000.0,26,1040000.0,598000.0
2025-03-10,Monday,0,0,Freshy Coconut,Coconut Water,8000,0.1,16200.0,70,1134000.0,574000.0
2025-03-10,Monday,0,0,Freshy Coconut,Kelapa Ijo,9000,0.0,20000.0,46,920000.0,506000.0
2025-03-10,Monday,0,0,Nut Milk,Choco Blast,19000,0.0,45000.0,23,1035000.0,598000.0
2025-03-10,Monday,0,0,Nut Milk,Vanilla Shake,19000,0.1,40500.0,17,688500.0,365500.0
2025-03-10,Monday,0,0,Juicy Juice,Tropical Vibes,17000,0.0,40000.0,20,800000.0,460000.0
2025-03-10,Monday,0,0,Juicy Juice,Dynamic Green,17000,0.2,32000.0,15,480000.0,225000.0
2025-03-10,Monday,0,0,Juicy Juice,Sun Kissed,17000,0.1,36000.0,20,720000.0,380000.0
2025-03-11,Tuesday,0,0,Freshy Coconut,Coconut Water,8000,0.0,18000.0,56,1008000.0,560000.0
2025-03-11,Tuesday,0,0,Freshy Coconut,Kelapa Ijo,9000,0.0,20000.0,40,800000.0,440000.0
2025-03-11,Tuesday,0,0,Nut Milk,Choco Blast,19000,0.2,36000.0,38,1368000.0,646000.0
2025-03-11,Tuesday,0,0,Nut Milk,Vanilla Shake,19000,0.0,45000.0,10,450000.0,260000.0
2025-03-11,Tuesday,0,0,Juicy Juice,Tropical Vibes,17000,0.0,40000.0,18,720000.0,414000.0
2025-03-11,Tuesday,0,0,Juicy Juice,Dynamic Green,17000,0.0,40000.0,9,360000.0,207000.0
2025-03-11,Tuesday,0,0,Juicy Juice,Sun Kissed,17000,0.1,36000.0,22,792000.0,418000.0
2025-03-12,Wednesday,0,0,Freshy Coconut,Coconut Water,8000,0.0,18000.0,58,1044000.0,580000.0
2025-03-12,Wednesday,0,0,Freshy Coconut,Kelapa Ijo,9000,0.0,20000.0,42,840000.0,462000.0
2025-03-12,Wednesday,0,0,Nut Milk,Choco Blast,19000,0.0,45000.0,32,1440000.0,832000.0
2025-03-12,Wednesday,0,0,Nut Milk,Vanilla Shake,19000,0.0,45000.0,13,585000.0,338000.0
2025-03-12,Wednesday,0,0,Juicy Juice,Tropical Vibes,17000,0.1,36000.0,23,828000.0,437000.0
2025-03-12,Wednesday,0,0,Juicy Juice,Dynamic Green,17000,0.0,40000.0,8,320000.0,184000.0
2025-03-12,Wednesday,0,0,Juicy Juice,Sun Kissed,17000,0.0,40000.0,19,760000.0,437000.0
2025-03-13,Thursday,0,0,Freshy Coconut,Coconut Water,8000,0.0,18000.0,58,1044000.0,580000.0
2025-03-13,Thursday,0,0,Freshy Coconut,Kelapa Ijo,9000,0.1,18000.0,62,1116000.0,558000.0
2025-03-13,Thursday,0,0,Nut Milk,Choco Blast,19000,0.0,45000.0,35,1575000.0,910000.0
2025-03-13,Thursday,0,0,Nut Milk,Vanilla Shake,19000,0.1,40500.0,15,607500.0,322500.0
2025-03-13,Thursday,0,0,Juicy Juice,Tropical Vibes,17000,0.2,32000.0,33,1056000.0,495000.0
2025-03-13,Thursday,0,0,Juicy Juice,Dynamic Green,17000,0.2,32000.0,16,512000.0,240000.0
2025-03-13,Thursday,0,0,Juicy Juice,Sun Kissed,17000,0.1,36000.0,21,756000.0,399000.0
2025-03-14,Friday,1,0,Freshy Coconut,Coconut Water,8000,0.2,14400.0,107,1540800.0,684800.0
2025-03-14,Friday,1,0,Freshy Coconut,Kelapa Ijo,9000,0.0,20000.0,67,1340000.0,737000.0
2025-03-14,Friday,1,0,Nut Milk,Choco Blast,19000,0.1,40500.0,44,1782000.0,946000.0
2025-03-14,Friday,1,0,Nut Milk,Vanilla Shake,19000,0.1,40500.0,17,688500.0,365500.0
2025-03-14,Friday,1,0,Juicy Juice,Tropical Vibes,17000,0.1,36000.0,25,900000.0,475000.0
2025-03-14,Friday,1,0,Juicy Juice,Dynamic Green,17000,0.0,40000.0,11,440000.0,253000.0
2025-03-14,Friday,1,0,Juicy Juice,Sun Kissed,17000,0.0,40000.0,23,920000.0,529000.0
2025-03-15,Saturday,1,0,Freshy Coconut,Coconut Water,8000,0.0,18000.0,99,1782000.0,990000.0
2025-03-15,Saturday,1,0,Freshy Coconut,Kelapa Ijo,9000,0.0,20000.0,69,1380000.0,759000.0
2025-03-15,Saturday,1,0,Nut Milk,Choco Blast,19000,0.0,45000.0,41,1845000.0,1066000.0
2025-03-15,Saturday,1,0,Nut Milk,Vanilla Shake,19000,0.0,45000.0,14,630000.0,364000.0
2025-03-15,Saturday,1,0,Juicy Juice,Tropical Vibes,17000,0.1,36000.0,38,1368000.0,722000.0
2025-03-15,Saturday,1,0,Juicy Juice,Dynamic Green,17000,0.0,40000.0,16,640000.0,368000.0
2025-03-15,Saturday,1,0,Juicy Juice,Sun Kissed,17000,0.1,36000.0,28,1008000.0,532000.0
2025-03-16,Sunday,1,0,Freshy Coconut,Coconut Water,8000,0.0,18000.0,111,1998000.0,1110000.0
2025-03-16,Sunday,1,0,Freshy Coconut,Kelapa Ijo,9000,0.0,20000.0,76,1520000.0,836000.0
2025-03-16,Sunday,1,0,Nut Milk,Choco Blast,19000,0.1,40500.0,60,2430000.0,1290000.0
2025-03-16,Sunday,1,0,Nut Milk,Vanilla Shake,19000,0.0,45000.0,18,810000.0,468000.0
2025-03-16,Sunday,1,0,Juicy Juice,Tropical Vibes,17000,0.0,40000.0,32,1280000.0,736000.0
2025-03-16,Sunday,1,0,Juicy Juice,Dynamic Green,17000,0.2,32000.0,24,768000.0,360000.0
2025-03-16,Sunday,1,0,Juicy Juice,Sun Kissed,17000,0.1,36000.0,36,1296000.0,684000.0
2025-03-17,Monday,0,0,Freshy Coconut,Coconut Water,8000,0.1,16200.0,87,1409400.0,713400.0
2025-03-17,Monday,0,0,Freshy Coconut,Kelapa Ijo,9000,0.0,20000.0,48,960000.0,528000.0
2025-03-17,Monday,0,0,Nut Milk,Choco Blast,19000,0.0,45000.0,28,1260000.0,728000.0
2025-03-17,Monday,0,0,Nut Milk,Vanilla Shake,19000,0.1,40500.0,14,567000.0,301000.0
2025-03-17,Monday,0,0,Juicy Juice,Tropical Vibes,17000,0.0,40000.0,20,800000.0,460000.0
2025-03-17,Monday,0,0,Juicy Juice,Dynamic Green,17000,0.0,40000.0,12,480000.0,276000.0
2025-03-17,Monday,0,0,Juicy Juice,Sun Kissed,17000,0.1,36000.0,19,684000.0,361000.0
2025-03-18,Tuesday,0,0,Freshy Coconut,Coconut Water,8000,0.0,18000.0,54,972000.0,540000.0
2025-03-18,Tuesday,0,0,Freshy Coconut,Kelapa Ijo,9000,0.0,20000.0,40,800000.0,440000.0
2025-03-18,Tuesday,0,0,Nut Milk,Choco Blast,19000,0.0,45000.0,26,1170000.0,676000.0
2025-03-18,Tuesday,0,0,Nut Milk,Vanilla Shake,19000,0.0,45000.0,11,495000.0,286000.0
2025-03-18,Tuesday,0,0,Juicy Juice,Tropical Vibes,17000,0.1,36000.0,19,684000.0,361000.0
2025-03-18,Tuesday,0,0,Juicy Juice,Dynamic Green,17000,0.0,40000.0,8,320000.0,184000.0
2025-03-18,Tuesday,0,0,Juicy Juice,Sun Kissed,17000,0.2,32000.0,25,800000.0,375000.0
2025-03-19,Wednesday,0,0,Freshy Coconut,Coconut Water,8000,0.0,18000.0,67,1206000.0,670000.0
2025-03-19,Wednesday,0,0,Freshy Coconut,Kelapa Ijo,9000,0.0,20000.0,39,780000.0,429000.0
2025-03-19,Wednesday,0,0,Nut Milk,Choco Blast,19000,0.1,40500.0,37,1498500.0,795500.0
2025-03-19,Wednesday,0,0,Nut Milk,Vanilla Shake,19000,0.0,45000.0,11,495000.0,286000.0
2025-03-19,Wednesday,0,0,Juicy Juice,Tropical Vibes,17000,0.2,32000.0,27,864000.0,405000.0
2025-03-19,Wednesday,0,0,Juicy Juice,Dynamic Green,17000,0.2,32000.0,14,448000.0,210000.0
2025-03-19,Wednesday,0,0,Juicy Juice,Sun Kissed,17000,0.0,40000.0,17,680000.0,391000.0
2025-03-20,Thursday,0,0,Freshy Coconut,Coconut Water,8000,0.2,14400.0,95,1368000.0,608000.0
2025-03-20,Thursday,0,0,Freshy Coconut,Kelapa Ijo,9000,0.0,20000.0,47,940000.0,517000.0
2025-03-20,Thursday,0,0,Nut Milk,Choco Blast,19000,0.0,45000.0,36,1620000.0,936000.0
2025-03-20,Thursday,0,0,Nut Milk,Vanilla Shake,19000,0.1,40500.0,15,607500.0,322500.0
2025-03-20,Thursday,0,0,Juicy Juice,Tropical Vibes,17000,0.0,40000.0,21,840000.0,483000.0
2025-03-20,Thursday,0,0,Juicy Juice,Dynamic Green,17000,0.0,40000.0,10,400000.0,230000.0
2025-03-20,Thursday,0,0,Juicy Juice,Sun Kissed,17000,0.0,40000.0,19,760000.0,437000.0
2025-03-21,Friday,1,0,Freshy Coconut,Coconut Water,8000,0.1,16200.0,99,1603800.0,811800.0
2025-03-21,Friday,1,0,Freshy Coconut,Kelapa Ijo,9000,0.0,20000.0,52,1040000.0,572000.0
2025-03-21,Friday,1,0,Nut Milk,Choco Blast,19000,0.1,40500.0,50,2025000.0,1075000.0
2025-03-21,Friday,1,0,Nut Milk,Vanilla Shake,19000,0.0,45000.0,16,720000.0,416000.0
2025-03-21,Friday,1,0,Juicy Juice,Tropical Vibes,17000,0.0,40000.0,24,960000.0,552000.0
2025-03-21,Friday,1,0,Juicy Juice,Dynamic Green,17000,0.0,40000.0,10,400000.0,230000.0
2025-03-21,Friday,1,0,Juicy Juice,Sun Kissed,17000,0.0,40000.0,17,680000.0,391000.0
2025-03-22,Saturday,1,0,Freshy Coconut,Coconut Water,8000,0.0,18000.0,87,1566000.0,870000.0
2025-03-22,Saturday,1,0,Freshy Coconut,Kelapa Ijo,9000,0.1,18000.0,91,1638000.0,819000.0
2025-03-22,Saturday,1,0,Nut Milk,Choco Blast,19000,0.0,45000.0,44,1980000.0,1144000.0
2025-03-22,Saturday,1,0,Nut Milk,Vanilla Shake,19000,0.0,45000.0,16,720000.0,416000.0
2025-03-22,Saturday,1,0,Juicy Juice,Tropical Vibes,17000,0.0,40000.0,31,1240000.0,713000.0
2025-03-22,Saturday,1,0,Juicy Juice,Dynamic Green,17000,0.0,40000.0,12,480000.0,276000.0
2025-03-22,Saturday,1,0,Juicy Juice,Sun Kissed,17000,0.1,36000.0,28,1008000.0,532000.0
2025-03-23,Sunday,1,0,Freshy Coconut,Coconut Water,8000,0.2,14400.0,158,2275200.0,1011200.0
2025-03-23,Sunday,1,0,Freshy Coconut,Kelapa Ijo,9000,0.0,20000.0,64,1280000.0,704000.0
2025-03-23,Sunday,1,0,Nut Milk,Choco Blast,19000,0.0,45000.0,54,2430000.0,1404000.0
2025-03-23,Sunday,1,0,Nut Milk,Vanilla Shake,19000,0.0,45000.0,23,1035000.0,598000.0
2025-03-23,Sunday,1,0,Juicy Juice,Tropical Vibes,17000,0.1,36000.0,41,1476000.0,779000.0
2025-03-23,Sunday,1,0,Juicy Juice,Dynamic Green,17000,0.1,36000.0,16,576000.0,304000.0
2025-03-23,Sunday,1,0,Juicy Juice,Sun Kissed,17000,0.0,40000.0,31,1240000.0,713000.0
2025-03-24,Monday,0,0,Freshy Coconut,Coconut Water,8000,0.1,16200.0,79,1279800.0,647800.0
2025-03-24,Monday,0,0,Freshy Coconut,Kelapa Ijo,9000,0.0,20000.0,51,1020000.0,561000.0
2025-03-24,Monday,0,0,Nut Milk,Choco Blast,19000,0.0,45000.0,34,1530000.0,884000.0
2025-03-24,Monday,0,0,Nut Milk,Vanilla Shake,19000,0.1,40500.0,13,526500.0,279500.0
2025-03-24,Monday,0,0,Juicy Juice,Tropical Vibes,17000,0.0,40000.0,18,720000.0,414000.0
2025-03-24,Monday,0,0,Juicy Juice,Dynamic Green,17000,0.0,40000.0,12,480000.0,276000.0
2025-03-24,Monday,0,0,Juicy Juice,Sun Kissed,17000,0.1,36000.0,22,792000.0,418000.0
2025-03-25,Tuesday,0,0,Freshy Coconut,Coconut Water,8000,0.0,18000.0,68,1224000.0,680000.0
2025-03-25,Tuesday,0,0,Freshy Coconut,Kelapa Ijo,9000,0.0,20000.0,39,780000.0,429000.0
2025-03-25,Tuesday,0,0,Nut Milk,Choco Blast,19000,0.1,40500.0,35,1417500.0,752500.0
2025-03-25,Tuesday,0,0,Nut Milk,Vanilla Shake,19000,0.0,45000.0,11,495000.0,286000.0
2025-03-25,Tuesday,0,0,Juicy Juice,Tropical Vibes,17000,0.0,40000.0,17,680000.0,391000.0
2025-03-25,Tuesday,0,0,Juicy Juice,Dynamic Green,17000,0.0,40000.0,9,360000.0,207000.0
2025-03-25,Tuesday,0,0,Juicy Juice,Sun Kissed,17000,0.0,40000.0,15,600000.0,345000.0
2025-03-26,Wednesday,0,1,Freshy Coconut,Coconut Water,8000,0.0,18000.0,71,1278000.0,710000.0
2025-03-26,Wednesday,0,1,Freshy Coconut,Kelapa Ijo,9000,0.1,18000.0,74,1332000.0,666000.0
2025-03-26,Wednesday,0,1,Nut Milk,Choco Blast,19000,0.1,40500.0,42,1701000.0,903000.0
2025-03-26,Wednesday,0,1,Nut Milk,Vanilla Shake,19000,0.0,45000.0,13,585000.0,338000.0
2025-03-26,Wednesday,0,1,Juicy Juice,Tropical Vibes,17000,0.1,36000.0,31,1116000.0,589000.0
2025-03-26,Wednesday,0,1,Juicy Juice,Dynamic Green,17000,0.2,32000.0,20,640000.0,300000.0
2025-03-26,Wednesday,0,1,Juicy Juice,Sun Kissed,17000,0.0,40000.0,25,1000000.0,575000.0
2025-03-27,Thursday,0,1,Freshy Coconut,Coconut Water,8000,0.0,18000.0,105,1890000.0,1050000.0
2025-03-27,Thursday,0,1,Freshy Coconut,Kelapa Ijo,9000,0.2,16000.0,102,1632000.0,714000.0
2025-03-27,Thursday,0,1,Nut Milk,Choco Blast,19000,0.1,40500.0,55,2227500.0,1182500.0
2025-03-27,Thursday,0,1,Nut Milk,Vanilla Shake,19000,0.0,45000.0,19,855000.0,494000.0
2025-03-27,Thursday,0,1,Juicy Juice,Tropical Vibes,17000,0.0,40000.0,32,1280000.0,736000.0
2025-03-27,Thursday,0,1,Juicy Juice,Dynamic Green,17000,0.1,36000.0,17,612000.0,323000.0
2025-03-27,Thursday,0,1,Juicy Juice,Sun Kissed,17000,0.1,36000.0,28,1008000.0,532000.0
2025-03-28,Friday,1,1,Freshy Coconut,Coconut Water,8000,0.0,18000.0,98,1764000.0,980000.0
2025-03-28,Friday,1,1,Freshy Coconut,Kelapa Ijo,9000,0.0,20000.0,71,1420000.0,781000.0
2025-03-28,Friday,1,1,Nut Milk,Choco Blast,19000,0.0,45000.0,48,2160000.0,1248000.0
2025-03-28,Friday,1,1,Nut Milk,Vanilla Shake,19000,0.0,45000.0,19,855000.0,494000.0
2025-03-28,Friday,1,1,Juicy Juice,Tropical Vibes,17000,0.0,40000.0,31,1240000.0,713000.0
2025-03-28,Friday,1,1,Juicy Juice,Dynamic Green,17000,0.2,32000.0,24,768000.0,360000.0
2025-03-28,Friday,1,1,Juicy Juice,Sun Kissed,17000,0.2,32000.0,43,1376000.0,645000.0
2025-03-29,Saturday,1,1,Freshy Coconut,Coconut Water,8000,0.1,16200.0,187,3029400.0,1533400.0
2025-03-29,Saturday,1,1,Freshy Coconut,Kelapa Ijo,9000,0.1,18000.0,107,1926000.0,963000.0
2025-03-29,Saturday,1,1,Nut Milk,Choco Blast,19000,0.0,45000.0,66,2970000.0,1716000.0
2025-03-29,Saturday,1,1,Nut Milk,Vanilla Shake,19000,0.2,36000.0,35,1260000.0,595000.0
2025-03-29,Saturday,1,1,Juicy Juice,Tropical Vibes,17000,0.0,40000.0,41,1640000.0,943000.0
2025-03-29,Saturday,1,1,Juicy Juice,Dynamic Green,17000,0.0,40000.0,22,880000.0,506000.0
2025-03-29,Saturday,1,1,Juicy Juice,Sun Kissed,17000,0.0,40000.0,38,1520000.0,874000.0
2025-03-30,Sunday,1,1,Freshy Coconut,Coconut Water,8000,0.2,14400.0,197,2836800.0,1260800.0
2025-03-30,Sunday,1,1,Freshy Coconut,Kelapa Ijo,9000,0.0,20000.0,103,2060000.0,1133000.0
2025-03-30,Sunday,1,1,Nut Milk,Choco Blast,19000,0.2,36000.0,84,3024000.0,1428000.0
2025-03-30,Sunday,1,1,Nut Milk,Vanilla Shake,19000,0.0,45000.0,23,1035000.0,598000.0
2025-03-30,Sunday,1,1,Juicy Juice,Tropical Vibes,17000,0.0,40000.0,42,1680000.0,966000.0
2025-03-30,Sunday,1,1,Juicy Juice,Dynamic Green,17000,0.0,40000.0,20,800000.0,460000.0
2025-03-30,Sunday,1,1,Juicy Juice,Sun Kissed,17000,0.1,36000.0,42,1512000.0,798000.0
2025-03-31,Monday,0,1,Freshy Coconut,Coconut Water,8000,0.0,18000.0,82,1476000.0,820000.0
2025-03-31,Monday,0,1,Freshy Coconut,Kelapa Ijo,9000,0.0,20000.0,61,1220000.0,671000.0
2025-03-31,Monday,0,1,Nut Milk,Choco Blast,19000,0.0,45000.0,40,1800000.0,1040000.0
2025-03-31,Monday,0,1,Nut Milk,Vanilla Shake,19000,0.2,36000.0,24,864000.0,408000.0
2025-03-31,Monday,0,1,Juicy Juice,Tropical Vibes,17000,0.0,40000.0,26,1040000.0,598000.0
2025-03-31,Monday,0,1,Juicy Juice,Dynamic Green,17000,0.0,40000.0,12,480000.0,276000.0
2025-03-31,Monday,0,1,Juicy Juice,Sun Kissed,17000,0.1,36000.0,33,1188000.0,627000.0
2025-04-01,Tuesday,0,1,Freshy Coconut,Coconut Water,8000,0.1,16200.0,73,1182600.0,598600.0
2025-04-01,Tuesday,0,1,Freshy Coconut,Kelapa Ijo,9000,0.0,20000.0,67,1340000.0,737000.0
2025-04-01,Tuesday,0,1,Nut Milk,Choco Blast,19000,0.0,45000.0,40,1800000.0,1040000.0
2025-04-01,Tuesday,0,1,Nut Milk,Vanilla Shake,19000,0.1,40500.0,16,648000.0,344000.0
2025-04-01,Tuesday,0,1,Juicy Juice,Tropical Vibes,17000,0.1,36000.0,27,972000.0,513000.0
2025-04-01,Tuesday,0,1,Juicy Juice,Dynamic Green,17000,0.0,40000.0,14,560000.0,322000.0
2025-04-01,Tuesday,0,1,Juicy Juice,Sun Kissed,17000,0.0,40000.0,22,880000.0,506000.0
2025-04-02,Wednesday,0,1,Freshy Coconut,Coconut Water,8000,0.0,18000.0,87,1566000.0,870000.0
2025-04-02,Wednesday,0,1,Freshy Coconut,Kelapa Ijo,9000,0.0,20000.0,57,1140000.0,627000.0
2025-04-02,Wednesday,0,1,Nut Milk,Choco Blast,19000,0.0,45000.0,41,1845000.0,1066000.0
2025-04-02,Wednesday,0,1,Nut Milk,Vanilla Shake,19000,0.1,40500.0,19,769500.0,408500.0
2025-04-02,Wednesday,0,1,Juicy Juice,Tropical Vibes,17000,0.0,40000.0,27,1080000.0,621000.0
2025-04-02,Wednesday,0,1,Juicy Juice,Dynamic Green,17000,0.0,40000.0,12,480000.0,276000.0
2025-04-02,Wednesday,0,1,Juicy Juice,Sun Kissed,17000,0.1,36000.0,29,1044000.0,551000.0
2025-04-03,Thursday,0,1,Freshy Coconut,Coconut Water,8000,0.0,18000.0,83,1494000.0,830000.0
2025-04-03,Thursday,0,1,Freshy Coconut,Kelapa Ijo,9000,0.0,20000.0,72,1440000.0,792000.0
2025-04-03,Thursday,0,1,Nut Milk,Choco Blast,19000,0.2,36000.0,59,2124000.0,1003000.0
2025-04-03,Thursday,0,1,Nut Milk,Vanilla Shake,19000,0.0,45000.0,17,765000.0,442000.0
2025-04-03,Thursday,0,1,Juicy Juice,Tropical Vibes,17000,0.0,40000.0,31,1240000.0,713000.0
2025-04-03,Thursday,0,1,Juicy Juice,Dynamic Green,17000,0.0,40000.0,14,560000.0,322000.0
2025-04-03,Thursday,0,1,Juicy Juice,Sun Kissed,17000,0.0,40000.0,28,1120000.0,644000.0
2025-04-04,Friday,1,1,Freshy Coconut,Coconut Water,8000,0.0,18000.0,92,1656000.0,920000.0
2025-04-04,Friday,1,1,Freshy Coconut,Kelapa Ijo,9000,0.0,20000.0,81,1620000.0,891000.0
2025-04-04,Friday,1,1,Nut Milk,Choco Blast,19000,0.1,40500.0,62,2511000.0,1333000.0
2025-04-04,Friday,1,1,Nut Milk,Vanilla Shake,19000,0.1,40500.0,25,1012500.0,537500.0
2025-04-04,Friday,1,1,Juicy Juice,Tropical Vibes,17000,0.1,36000.0,39,1404000.0,741000.0
2025-04-04,Friday,1,1,Juicy Juice,Dynamic Green,17000,0.2,32000.0,28,896000.0,420000.0
2025-04-04,Friday,1,1,Juicy Juice,Sun Kissed,17000,0.1,36000.0,39,1404000.0,741000.0
2025-04-05,Saturday,1,1,Freshy Coconut,Coconut Water,8000,0.2,14400.0,183,2635200.0,1171200.0
2025-04-05,Saturday,1,1,Freshy Coconut,Kelapa Ijo,9000,0.0,20000.0,98,1960000.0,1078000.0
2025-04-05,Saturday,1,1,Nut Milk,Choco Blast,19000,0.1,40500.0,73,2956500.0,1569500.0
2025-04-05,Saturday,1,1,Nut Milk,Vanilla Shake,19000,0.0,45000.0,25,1125000.0,650000.0
2025-04-05,Saturday,1,1,Juicy Juice,Tropical Vibes,17000,0.0,40000.0,46,1840000.0,1058000.0
2025-04-05,Saturday,1,1,Juicy Juice,Dynamic Green,17000,0.0,40000.0,19,760000.0,437000.0
2025-04-05,Saturday,1,1,Juicy Juice,Sun Kissed,17000,0.1,36000.0,46,1656000.0,874000.0
2025-04-06,Sunday,1,0,Freshy Coconut,Coconut Water,8000,0.0,18000.0,109,1962000.0,1090000.0
2025-04-06,Sunday,1,0,Freshy Coconut,Kelapa Ijo,9000,0.0,20000.0,79,1580000.0,869000.0
2025-04-06,Sunday,1,0,Nut Milk,Choco Blast,19000,0.0,45000.0,47,2115000.0,1222000.0
2025-04-06,Sunday,1,0,Nut Milk,Vanilla Shake,19000,0.1,40500.0,22,891000.0,473000.0
2025-04-06,Sunday,1,0,Juicy Juice,Tropical Vibes,17000,0.0,40000.0,29,1160000.0,667000.0
2025-04-06,Sunday,1,0,Juicy Juice,Dynamic Green,17000,0.1,36000.0,16,576000.0,304000.0
2025-04-06,Sunday,1,0,Juicy Juice,Sun Kissed,17000,0.0,40000.0,26,1040000.0,598000.0
2025-04-07,Monday,0,0,Freshy Coconut,Coconut Water,8000,0.0,18000.0,61,1098000.0,610000.0
2025-04-07,Monday,0,0,Freshy Coconut,Kelapa Ijo,9000,0.1,18000.0,60,1080000.0,540000.0
2025-04-07,Monday,0,0,Nut Milk,Choco Blast,19000,0.0,45000.0,27,1215000.0,702000.0
2025-04-07,Monday,0,0,Nut Milk,Vanilla Shake,19000,0.1,40500.0,17,688500.0,365500.0
2025-04-07,Monday,0,0,Juicy Juice,Tropical Vibes,17000,0.0,40000.0,20,800000.0,460000.0
2025-04-07,Monday,0,0,Juicy Juice,Dynamic Green,17000,0.2,32000.0,12,384000.0,180000.0
2025-04-07,Monday,0,0,Juicy Juice,Sun Kissed,17000,0.1,36000.0,21,756000.0,399000.0
2025-04-08,Tuesday,0,0,Freshy Coconut,Coconut Water,8000,0.0,18000.0,55,990000.0,550000.0
2025-04-08,Tuesday,0,0,Freshy Coconut,Kelapa Ijo,9000,0.0,20000.0,47,940000.0,517000.0
2025-04-08,Tuesday,0,0,Nut Milk,Choco Blast,19000,0.0,45000.0,24,1080000.0,624000.0
2025-04-08,Tuesday,0,0,Nut Milk,Vanilla Shake,19000,0.1,40500.0,13,526500.0,279500.0
2025-04-08,Tuesday,0,0,Juicy Juice,Tropical Vibes,17000,0.1,36000.0,23,828000.0,437000.0
2025-04-08,Tuesday,0,0,Juicy Juice,Dynamic Green,17000,0.2,32000.0,12,384000.0,180000.0
2025-04-08,Tuesday,0,0,Juicy Juice,Sun Kissed,17000,0.0,40000.0,16,640000.0,368000.0
2025-04-09,Wednesday,0,0,Freshy Coconut,Coconut Water,8000,0.0,18000.0,48,864000.0,480000.0
2025-04-09,Wednesday,0,0,Freshy Coconut,Kelapa Ijo,9000,0.1,18000.0,55,990000.0,495000.0
2025-04-09,Wednesday,0,0,Nut Milk,Choco Blast,19000,0.0,45000.0,32,1440000.0,832000.0
2025-04-09,Wednesday,0,0,Nut Milk,Vanilla Shake,19000,0.0,45000.0,11,495000.0,286000.0
2025-04-09,Wednesday,0,0,Juicy Juice,Tropical Vibes,17000,0.1,36000.0,19,684000.0,361000.0
2025-04-09,Wednesday,0,0,Juicy Juice,Dynamic Green,17000,0.0,40000.0,11,440000.0,253000.0
2025-04-09,Wednesday,0,0,Juicy Juice,Sun Kissed,17000,0.0,40000.0,19,760000.0,437000.0
2025-04-10,Thursday,0,0,Freshy Coconut,Coconut Water,8000,0.0,18000.0,66,1188000.0,660000.0
2025-04-10,Thursday,0,0,Freshy Coconut,Kelapa Ijo,9000,0.1,18000.0,63,1134000.0,567000.0
2025-04-10,Thursday,0,0,Nut Milk,Choco Blast,19000,0.1,40500.0,45,1822500.0,967500.0
2025-04-10,Thursday,0,0,Nut Milk,Vanilla Shake,19000,0.0,45000.0,15,675000.0,390000.0
2025-04-10,Thursday,0,0,Juicy Juice,Tropical Vibes,17000,0.1,36000.0,25,900000.0,475000.0
2025-04-10,Thursday,0,0,Juicy Juice,Dynamic Green,17000,0.2,32000.0,15,480000.0,225000.0
2025-04-10,Thursday,0,0,Juicy Juice,Sun Kissed,17000,0.1,36000.0,22,792000.0,418000.0
2025-04-11,Friday,1,0,Freshy Coconut,Coconut Water,8000,0.2,14400.0,138,1987200.0,883200.0
2025-04-11,Friday,1,0,Freshy Coconut,Kelapa Ijo,9000,0.0,20000.0,51,1020000.0,561000.0
2025-04-11,Friday,1,0,Nut Milk,Choco Blast,19000,0.1,40500.0,43,1741500.0,924500.0
2025-04-11,Friday,1,0,Nut Milk,Vanilla Shake,19000,0.0,45000.0,13,585000.0,338000.0
2025-04-11,Friday,1,0,Juicy Juice,Tropical Vibes,17000,0.1,36000.0,35,1260000.0,665000.0
2025-04-11,Friday,1,0,Juicy Juice,Dynamic Green,17000,0.1,36000.0,17,612000.0,323000.0
2025-04-11,Friday,1,0,Juicy Juice,Sun Kissed,17000,0.0,40000.0,19,760000.0,437000.0
2025-04-12,Saturday,1,0,Freshy Coconut,Coconut Water,8000,0.0,18000.0,107,1926000.0,1070000.0
2025-04-12,Saturday,1,0,Freshy Coconut,Kelapa Ijo,9000,0.1,18000.0,91,1638000.0,819000.0
2025-04-12,Saturday,1,0,Nut Milk,Choco Blast,19000,0.1,40500.0,55,2227500.0,1182500.0
2025-04-12,Saturday,1,0,Nut Milk,Vanilla Shake,19000,0.0,45000.0,20,900000.0,520000.0
2025-04-12,Saturday,1,0,Juicy Juice,Tropical Vibes,17000,0.0,40000.0,30,1200000.0,690000.0
2025-04-12,Saturday,1,0,Juicy Juice,Dynamic Green,17000,0.0,40000.0,14,560000.0,322000.0
2025-04-12,Saturday,1,0,Juicy Juice,Sun Kissed,17000,0.0,40000.0,31,1240000.0,713000.0
2025-04-13,Sunday,1,0,Freshy Coconut,Coconut Water,8000,0.0,18000.0,95,1710000.0,950000.0
2025-04-13,Sunday,1,0,Freshy Coconut,Kelapa Ijo,9000,0.2,16000.0,110,1760000.0,770000.0
2025-04-13,Sunday,1,0,Nut Milk,Choco Blast,19000,0.0,45000.0,41,1845000.0,1066000.0
2025-04-13,Sunday,1,0,Nut Milk,Vanilla Shake,19000,0.1,40500.0,26,1053000.0,559000.0
2025-04-13,Sunday,1,0,Juicy Juice,Tropical Vibes,17000,0.0,40000.0,29,1160000.0,667000.0
2025-04-13,Sunday,1,0,Juicy Juice,Dynamic Green,17000,0.0,40000.0,13,520000.0,299000.0
2025-04-13,Sunday,1,0,Juicy Juice,Sun Kissed,17000,0.0,40000.0,29,1160000.0,667000.0
2025-04-14,Monday,0,0,Freshy Coconut,Coconut Water,8000,0.1,16200.0,81,1312200.0,664200.0
2025-04-14,Monday,0,0,Freshy Coconut,Kelapa Ijo,9000,0.0,20000.0,41,820000.0,451000.0
2025-04-14,Monday,0,0,Nut Milk,Choco Blast,19000,0.0,45000.0,30,1350000.0,780000.0
2025-04-14,Monday,0,0,Nut Milk,Vanilla Shake,19000,0.0,45000.0,12,540000.0,312000.0
2025-04-14,Monday,0,0,Juicy Juice,Tropical Vibes,17000,0.2,32000.0,32,1024000.0,480000.0
2025-04-14,Monday,0,0,Juicy Juice,Dynamic Green,17000,0.2,32000.0,16,512000.0,240000.0
2025-04-14,Monday,0,0,Juicy Juice,Sun Kissed,17000,0.1,36000.0,20,720000.0,380000.0
2025-04-15,Tuesday,0,0,Freshy Coconut,Coconut Water,8000,0.1,16200.0,82,1328400.0,672400.0
2025-04-15,Tuesday,0,0,Freshy Coconut,Kelapa Ijo,9000,0.1,18000.0,51,918000.0,459000.0
2025-04-15,Tuesday,0,0,Nut Milk,Choco Blast,19000,0.0,45000.0,24,1080000.0,624000.0
2025-04-15,Tuesday,0,0,Nut Milk,Vanilla Shake,19000,0.0,45000.0,10,450000.0,260000.0
2025-04-15,Tuesday,0,0,Juicy Juice,Tropical Vibes,17000,0.0,40000.0,17,680000.0,391000.0
2025-04-15,Tuesday,0,0,Juicy Juice,Dynamic Green,17000,0.0,40000.0,9,360000.0,207000.0
2025-04-15,Tuesday,0,0,Juicy Juice,Sun Kissed,17000,0.0,40000.0,17,680000.0,391000.0
2025-04-16,Wednesday,0,0,Freshy Coconut,Coconut Water,8000,0.0,18000.0,55,990000.0,550000.0
2025-04-16,Wednesday,0,0,Freshy Coconut,Kelapa Ijo,9000,0.0,20000.0,41,820000.0,451000.0
2025-04-16,Wednesday,0,0,Nut Milk,Choco Blast,19000,0.1,40500.0,33,1336500.0,709500.0
2025-04-16,Wednesday,0,0,Nut Milk,Vanilla Shake,19000,0.0,45000.0,10,450000.0,260000.0
2025-04-16,Wednesday,0,0,Juicy Juice,Tropical Vibes,17000,0.2,32000.0,30,960000.0,450000.0
2025-04-16,Wednesday,0,0,Juicy Juice,Dynamic Green,17000,0.0,40000.0,8,320000.0,184000.0
2025-04-16,Wednesday,0,0,Juicy Juice,Sun Kissed,17000,0.0,40000.0,18,720000.0,414000.0
2025-04-17,Thursday,0,0,Freshy Coconut,Coconut Water,8000,0.2,14400.0,103,1483200.0,659200.0
2025-04-17,Thursday,0,0,Freshy Coconut,Kelapa Ijo,9000,0.0,20000.0,42,840000.0,462000.0
2025-04-17,Thursday,0,0,Nut Milk,Choco Blast,19000,0.1,40500.0,40,1620000.0,860000.0
2025-04-17,Thursday,0,0,Nut Milk,Vanilla Shake,19000,0.0,45000.0,12,540000.0,312000.0
2025-04-17,Thursday,0,0,Juicy Juice,Tropical Vibes,17000,0.0,40000.0,20,800000.0,460000.0
2025-04-17,Thursday,0,0,Juicy Juice,Dynamic Green,17000,0.0,40000.0,10,400000.0,230000.0
2025-04-17,Thursday,0,0,Juicy Juice,Sun Kissed,17000,0.2,32000.0,30,960000.0,450000.0
2025-04-18,Friday,1,0,Freshy Coconut,Coconut Water,8000,0.2,14400.0,113,1627200.0,723200.0
2025-04-18,Friday,1,0,Freshy Coconut,Kelapa Ijo,9000,0.0,20000.0,55,1100000.0,605000.0
2025-04-18,Friday,1,0,Nut Milk,Choco Blast,19000,0.0,45000.0,40,1800000.0,1040000.0
2025-04-18,Friday,1,0,Nut Milk,Vanilla Shake,19000,0.1,40500.0,17,688500.0,365500.0
2025-04-18,Friday,1,0,Juicy Juice,Tropical Vibes,17000,0.1,36000.0,29,1044000.0,551000.0
2025-04-18,Friday,1,0,Juicy Juice,Dynamic Green,17000,0.1,36000.0,14,504000.0,266000.0
2025-04-18,Friday,1,0,Juicy Juice,Sun Kissed,17000,0.0,40000.0,22,880000.0,506000.0
2025-04-19,Saturday,1,0,Freshy Coconut,Coconut Water,8000,0.2,14400.0,139,2001600.0,889600.0
2025-04-19,Saturday,1,0,Freshy Coconut,Kelapa Ijo,9000,0.0,20000.0,54,1080000.0,594000.0
2025-04-19,Saturday,1,0,Nut Milk,Choco Blast,19000,0.1,40500.0,41,1660500.0,881500.0
2025-04-19,Saturday,1,0,Nut Milk,Vanilla Shake,19000,0.0,45000.0,18,810000.0,468000.0
2025-04-19,Saturday,1,0,Juicy Juice,Tropical Vibes,17000,0.0,40000.0,27,1080000.0,621000.0
2025-04-19,Saturday,1,0,Juicy Juice,Dynamic Green,17000,0.0,40000.0,15,600000.0,345000.0
2025-04-19,Saturday,1,0,Juicy Juice,Sun Kissed,17000,0.0,40000.0,27,1080000.0,621000.0
2025-04-20,Sunday,1,0,Freshy Coconut,Coconut Water,8000,0.0,18000.0,85,1530000.0,850000.0
2025-04-20,Sunday,1,0,Freshy Coconut,Kelapa Ijo,9000,0.0,20000.0,69,1380000.0,759000.0
2025-04-20,Sunday,1,0,Nut Milk,Choco Blast,19000,0.1,40500.0,72,2916000.0,1548000.0
2025-04-20,Sunday,1,0,Nut Milk,Vanilla Shake,19000,0.2,36000.0,25,900000.0,425000.0
2025-04-20,Sunday,1,0,Juicy Juice,Tropical Vibes,17000,0.1,36000.0,37,1332000.0,703000.0
2025-04-20,Sunday,1,0,Juicy Juice,Dynamic Green,17000,0.0,40000.0,17,680000.0,391000.0
2025-04-20,Sunday,1,0,Juicy Juice,Sun Kissed,17000,0.0,40000.0,29,1160000.0,667000.0
2025-04-21,Monday,0,0,Freshy Coconut,Coconut Water,8000,0.1,16200.0,83,1344600.0,680600.0
2025-04-21,Monday,0,0,Freshy Coconut,Kelapa Ijo,9000,0.0,20000.0,45,900000.0,495000.0
2025-04-21,Monday,0,0,Nut Milk,Choco Blast,19000,0.0,45000.0,31,1395000.0,806000.0
2025-04-21,Monday,0,0,Nut Milk,Vanilla Shake,19000,0.2,36000.0,15,540000.0,255000.0
2025-04-21,Monday,0,0,Juicy Juice,Tropical Vibes,17000,0.0,40000.0,22,880000.0,506000.0
2025-04-21,Monday,0,0,Juicy Juice,Dynamic Green,17000,0.2,32000.0,13,416000.0,195000.0
2025-04-21,Monday,0,0,Juicy Juice,Sun Kissed,17000,0.0,40000.0,16,640000.0,368000.0
2025-04-22,Tuesday,0,0,Freshy Coconut,Coconut Water,8000,0.0,18000.0,60,1080000.0,600000.0
2025-04-22,Tuesday,0,0,Freshy Coconut,Kelapa Ijo,9000,0.0,20000.0,34,680000.0,374000.0
2025-04-22,Tuesday,0,0,Nut Milk,Choco Blast,19000,0.0,45000.0,26,1170000.0,676000.0
2025-04-22,Tuesday,0,0,Nut Milk,Vanilla Shake,19000,0.0,45000.0,12,540000.0,312000.0
2025-04-22,Tuesday,0,0,Juicy Juice,Tropical Vibes,17000,0.0,40000.0,18,720000.0,414000.0
2025-04-22,Tuesday,0,0,Juicy Juice,Dynamic Green,17000,0.1,36000.0,9,324000.0,171000.0
2025-04-22,Tuesday,0,0,Juicy Juice,Sun Kissed,17000,0.0,40000.0,15,600000.0,345000.0
2025-04-23,Wednesday,0,0,Freshy Coconut,Coconut Water,8000,0.0,18000.0,63,1134000.0,630000.0
2025-04-23,Wednesday,0,0,Freshy Coconut,Kelapa Ijo,9000,0.0,20000.0,40,800000.0,440000.0
2025-04-23,Wednesday,0,0,Nut Milk,Choco Blast,19000,0.0,45000.0,31,1395000.0,806000.0
2025-04-23,Wednesday,0,0,Nut Milk,Vanilla Shake,19000,0.1,40500.0,15,607500.0,322500.0
2025-04-23,Wednesday,0,0,Juicy Juice,Tropical Vibes,17000,0.0,40000.0,19,760000.0,437000.0
2025-04-23,Wednesday,0,0,Juicy Juice,Dynamic Green,17000,0.1,36000.0,11,396000.0,209000.0
2025-04-23,Wednesday,0,0,Juicy Juice,Sun Kissed,17000,0.0,40000.0,19,760000.0,437000.0
2025-04-24,Thursday,0,0,Freshy Coconut,Coconut Water,8000,0.2,14400.0,110,1584000.0,704000.0
2025-04-24,Thursday,0,0,Freshy Coconut,Kelapa Ijo,9000,0.1,18000.0,46,828000.0,414000.0
2025-04-24,Thursday,0,0,Nut Milk,Choco Blast,19000,0.2,36000.0,42,1512000.0,714000.0
2025-04-24,Thursday,0,0,Nut Milk,Vanilla Shake,19000,0.2,36000.0,16,576000.0,272000.0
2025-04-24,Thursday,0,0,Juicy Juice,Tropical Vibes,17000,0.2,32000.0,28,896000.0,420000.0
2025-04-24,Thursday,0,0,Juicy Juice,Dynamic Green,17000,0.0,40000.0,12,480000.0,276000.0
2025-04-24,Thursday,0,0,Juicy Juice,Sun Kissed,17000,0.0,40000.0,21,840000.0,483000.0
2025-04-25,Friday,1,0,Freshy Coconut,Coconut Water,8000,0.0,18000.0,65,1170000.0,650000.0
2025-04-25,Friday,1,0,Freshy Coconut,Kelapa Ijo,9000,0.2,16000.0,79,1264000.0,553000.0
2025-04-25,Friday,1,0,Nut Milk,Choco Blast,19000,0.0,45000.0,45,2025000.0,1170000.0
2025-04-25,Friday,1,0,Nut Milk,Vanilla Shake,19000,0.0,45000.0,15,675000.0,390000.0
2025-04-25,Friday,1,0,Juicy Juice,Tropical Vibes,17000,0.1,36000.0,32,1152000.0,608000.0
2025-04-25,Friday,1,0,Juicy Juice,Dynamic Green,17000,0.2,32000.0,18,576000.0,270000.0
2025-04-25,Friday,1,0,Juicy Juice,Sun Kissed,17000,0.0,40000.0,24,960000.0,552000.0
2025-04-26,Saturday,1,1,Freshy Coconut,Coconut Water,8000,0.0,18000.0,143,2574000.0,1430000.0
2025-04-26,Saturday,1,1,Freshy Coconut,Kelapa Ijo,9000,0.0,20000.0,91,1820000.0,1001000.0
2025-04-26,Saturday,1,1,Nut Milk,Choco Blast,19000,0.2,36000.0,94,3384000.0,1598000.0
2025-04-26,Saturday,1,1,Nut Milk,Vanilla Shake,19000,0.0,45000.0,29,1305000.0,754000.0
2025-04-26,Saturday,1,1,Juicy Juice,Tropical Vibes,17000,0.2,32000.0,55,1760000.0,825000.0
2025-04-26,Saturday,1,1,Juicy Juice,Dynamic Green,17000,0.1,36000.0,27,972000.0,513000.0
2025-04-26,Saturday,1,1,Juicy Juice,Sun Kissed,17000,0.0,40000.0,42,1680000.0,966000.0
2025-04-27,Sunday,1,1,Freshy Coconut,Coconut Water,8000,0.0,18000.0,126,2268000.0,1260000.0
2025-04-27,Sunday,1,1,Freshy Coconut,Kelapa Ijo,9000,0.1,18000.0,134,2412000.0,1206000.0
2025-04-27,Sunday,1,1,Nut Milk,Choco Blast,19000,0.1,40500.0,74,2997000.0,1591000.0
2025-04-27,Sunday,1,1,Nut Milk,Vanilla Shake,19000,0.2,36000.0,37,1332000.0,629000.0
2025-04-27,Sunday,1,1,Juicy Juice,Tropical Vibes,17000,0.1,36000.0,52,1872000.0,988000.0
2025-04-27,Sunday,1,1,Juicy Juice,Dynamic Green,17000,0.1,36000.0,27,972000.0,513000.0
2025-04-27,Sunday,1,1,Juicy Juice,Sun Kissed,17000,0.1,36000.0,41,1476000.0,779000.0
2025-04-28,Monday,0,1,Freshy Coconut,Coconut Water,8000,0.0,18000.0,101,1818000.0,1010000.0
2025-04-28,Monday,0,1,Freshy Coconut,Kelapa Ijo,9000,0.0,20000.0,65,1300000.0,715000.0
2025-04-28,Monday,0,1,Nut Milk,Choco Blast,19000,0.0,45000.0,51,2295000.0,1326000.0
2025-04-28,Monday,0,1,Nut Milk,Vanilla Shake,19000,0.0,45000.0,18,810000.0,468000.0
2025-04-28,Monday,0,1,Juicy Juice,Tropical Vibes,17000,0.0,40000.0,29,1160000.0,667000.0
2025-04-28,Monday,0,1,Juicy Juice,Dynamic Green,17000,0.1,36000.0,17,612000.0,323000.0
2025-04-28,Monday,0,1,Juicy Juice,Sun Kissed,17000,0.0,40000.0,27,1080000.0,621000.0
2025-04-29,Tuesday,0,1,Freshy Coconut,Coconut Water,8000,0.2,14400.0,105,1512000.0,672000.0
2025-04-29,Tuesday,0,1,Freshy Coconut,Kelapa Ijo,9000,0.2,16000.0,79,1264000.0,553000.0
2025-04-29,Tuesday,0,1,Nut Milk,Choco Blast,19000,0.0,45000.0,37,1665000.0,962000.0
2025-04-29,Tuesday,0,1,Nut Milk,Vanilla Shake,19000,0.0,45000.0,17,765000.0,442000.0
2025-04-29,Tuesday,0,1,Juicy Juice,Tropical Vibes,17000,0.1,36000.0,32,1152000.0,608000.0
2025-04-29,Tuesday,0,1,Juicy Juice,Dynamic Green,17000,0.2,32000.0,17,544000.0,255000.0
2025-04-29,Tuesday,0,1,Juicy Juice,Sun Kissed,17000,0.0,40000.0,22,880000.0,506000.0
2025-04-30,Wednesday,0,1,Freshy Coconut,Coconut Water,8000,0.0,18000.0,94,1692000.0,940000.0
2025-04-30,Wednesday,0,1,Freshy Coconut,Kelapa Ijo,9000,0.1,18000.0,83,1494000.0,747000.0
2025-04-30,Wednesday,0,1,Nut Milk,Choco Blast,19000,0.1,40500.0,50,2025000.0,1075000.0
2025-04-30,Wednesday,0,1,Nut Milk,Vanilla Shake,19000,0.0,45000.0,17,765000.0,442000.0
2025-04-30,Wednesday,0,1,Juicy Juice,Tropical Vibes,17000,0.0,40000.0,28,1120000.0,644000.0
2025-04-30,Wednesday,0,1,Juicy Juice,Dynamic Green,17000,0.0,40000.0,14,560000.0,322000.0
2025-04-30,Wednesday,0,1,Juicy Juice,Sun Kissed,17000,0.0,40000.0,28,1120000.0,644000.0
2025-05-01,Thursday,0,1,Freshy Coconut,Coconut Water,8000,0.0,18000.0,100,1800000.0,1000000.0
2025-05-01,Thursday,0,1,Freshy Coconut,Kelapa Ijo,9000,0.1,18000.0,80,1440000.0,720000.0
2025-05-01,Thursday,0,1,Nut Milk,Choco Blast,19000,0.1,40500.0,51,2065500.0,1096500.0
2025-05-01,Thursday,0,1,Nut Milk,Vanilla Shake,19000,0.2,36000.0,29,1044000.0,493000.0
2025-05-01,Thursday,0,1,Juicy Juice,Tropical Vibes,17000,0.0,40000.0,31,1240000.0,713000.0
2025-05-01,Thursday,0,1,Juicy Juice,Dynamic Green,17000,0.0,40000.0,15,600000.0,345000.0
2025-05-01,Thursday,0,1,Juicy Juice,Sun Kissed,17000,0.0,40000.0,29,1160000.0,667000.0
2025-05-02,Friday,1,1,Freshy Coconut,Coconut Water,8000,0.2,14400.0,157,2260800.0,1004800.0
2025-05-02,Friday,1,1,Freshy Coconut,Kelapa Ijo,9000,0.1,18000.0,120,2160000.0,1080000.0
2025-05-02,Friday,1,1,Nut Milk,Choco Blast,19000,0.1,40500.0,47,1903500.0,1010500.0
2025-05-02,Friday,1,1,Nut Milk,Vanilla Shake,19000,0.0,45000.0,20,900000.0,520000.0
2025-05-02,Friday,1,1,Juicy Juice,Tropical Vibes,17000,0.1,36000.0,38,1368000.0,722000.0
2025-05-02,Friday,1,1,Juicy Juice,Dynamic Green,17000,0.0,40000.0,16,640000.0,368000.0
2025-05-02,Friday,1,1,Juicy Juice,Sun Kissed,17000,0.0,40000.0,30,1200000.0,690000.0
2025-05-03,Saturday,1,1,Freshy Coconut,Coconut Water,8000,0.0,18000.0,132,2376000.0,1320000.0
2025-05-03,Saturday,1,1,Freshy Coconut,Kelapa Ijo,9000,0.0,20000.0,70,1400000.0,770000.0
2025-05-03,Saturday,1,1,Nut Milk,Choco Blast,19000,0.0,45000.0,76,3420000.0,1976000.0
2025-05-03,Saturday,1,1,Nut Milk,Vanilla Shake,19000,0.0,45000.0,27,1215000.0,702000.0
2025-05-03,Saturday,1,1,Juicy Juice,Tropical Vibes,17000,0.0,40000.0,47,1880000.0,1081000.0
2025-05-03,Saturday,1,1,Juicy Juice,Dynamic Green,17000,0.2,32000.0,27,864000.0,405000.0
2025-05-03,Saturday,1,1,Juicy Juice,Sun Kissed,17000,0.0,40000.0,35,1400000.0,805000.0
2025-05-04,Sunday,1,1,Freshy Coconut,Coconut Water,8000,0.0,18000.0,147,2646000.0,1470000.0
2025-05-04,Sunday,1,1,Freshy Coconut,Kelapa Ijo,9000,0.1,18000.0,152,2736000.0,1368000.0
2025-05-04,Sunday,1,1,Nut Milk,Choco Blast,19000,0.1,40500.0,87,3523500.0,1870500.0
2025-05-04,Sunday,1,1,Nut Milk,Vanilla Shake,19000,0.0,45000.0,23,1035000.0,598000.0
2025-05-04,Sunday,1,1,Juicy Juice,Tropical Vibes,17000,0.1,36000.0,47,1692000.0,893000.0
2025-05-04,Sunday,1,1,Juicy Juice,Dynamic Green,17000,0.0,40000.0,21,840000.0,483000.0
2025-05-04,Sunday,1,1,Juicy Juice,Sun Kissed,17000,0.0,40000.0,37,1480000.0,851000.0
2025-05-05,Monday,0,1,Freshy Coconut,Coconut Water,8000,0.0,18000.0,66,1188000.0,660000.0
2025-05-05,Monday,0,1,Freshy Coconut,Kelapa Ijo,9000,0.0,20000.0,65,1300000.0,715000.0
2025-05-05,Monday,0,1,Nut Milk,Choco Blast,19000,0.2,36000.0,60,2160000.0,1020000.0
2025-05-05,Monday,0,1,Nut Milk,Vanilla Shake,19000,0.1,40500.0,17,688500.0,365500.0
2025-05-05,Monday,0,1,Juicy Juice,Tropical Vibes,17000,0.1,36000.0,33,1188000.0,627000.0
2025-05-05,Monday,0,1,Juicy Juice,Dynamic Green,17000,0.0,40000.0,13,520000.0,299000.0
2025-05-05,Monday,0,1,Juicy Juice,Sun Kissed,17000,0.1,36000.0,28,1008000.0,532000.0
2025-05-06,Tuesday,0,0,Freshy Coconut,Coconut Water,8000,0.2,14400.0,72,1036800.0,460800.0
2025-05-06,Tuesday,0,0,Freshy Coconut,Kelapa Ijo,9000,0.1,18000.0,47,846000.0,423000.0
2025-05-06,Tuesday,0,0,Nut Milk,Choco Blast,19000,0.1,40500.0,25,1012500.0,537500.0
2025-05-06,Tuesday,0,0,Nut Milk,Vanilla Shake,19000,0.0,45000.0,11,495000.0,286000.0
2025-05-06,Tuesday,0,0,Juicy Juice,Tropical Vibes,17000,0.0,40000.0,21,840000.0,483000.0
2025-05-06,Tuesday,0,0,Juicy Juice,Dynamic Green,17000,0.0,40000.0,9,360000.0,207000.0
2025-05-06,Tuesday,0,0,Juicy Juice,Sun Kissed,17000,0.2,32000.0,24,768000.0,360000.0
2025-05-07,Wednesday,0,0,Freshy Coconut,Coconut Water,8000,0.1,16200.0,73,1182600.0,598600.0
2025-05-07,Wednesday,0,0,Freshy Coconut,Kelapa Ijo,9000,0.1,18000.0,56,1008000.0,504000.0
2025-05-07,Wednesday,0,0,Nut Milk,Choco Blast,19000,0.1,40500.0,35,1417500.0,752500.0
2025-05-07,Wednesday,0,0,Nut Milk,Vanilla Shake,19000,0.0,45000.0,11,495000.0,286000.0
2025-05-07,Wednesday,0,0,Juicy Juice,Tropical Vibes,17000,0.0,40000.0,15,600000.0,345000.0
2025-05-07,Wednesday,0,0,Juicy Juice,Dynamic Green,17000,0.1,36000.0,13,468000.0,247000.0
2025-05-07,Wednesday,0,0,Juicy Juice,Sun Kissed,17000,0.0,40000.0,20,800000.0,460000.0
2025-05-08,Thursday,0,0,Freshy Coconut,Coconut Water,8000,0.0,18000.0,73,1314000.0,730000.0
2025-05-08,Thursday,0,0,Freshy Coconut,Kelapa Ijo,9000,0.2,16000.0,73,1168000.0,511000.0
2025-05-08,Thursday,0,0,Nut Milk,Choco Blast,19000,0.0,45000.0,30,1350000.0,780000.0
2025-05-08,Thursday,0,0,Nut Milk,Vanilla Shake,19000,0.0,45000.0,13,585000.0,338000.0
2025-05-08,Thursday,0,0,Juicy Juice,Tropical Vibes,17000,0.1,36000.0,23,828000.0,437000.0
2025-05-08,Thursday,0,0,Juicy Juice,Dynamic Green,17000,0.2,32000.0,17,544000.0,255000.0
2025-05-08,Thursday,0,0,Juicy Juice,Sun Kissed,17000,0.0,40000.0,23,920000.0,529000.0
2025-05-09,Friday,1,0,Freshy Coconut,Coconut Water,8000,0.2,14400.0,122,1756800.0,780800.0
2025-05-09,Friday,1,0,Freshy Coconut,Kelapa Ijo,9000,0.1,18000.0,63,1134000.0,567000.0
2025-05-09,Friday,1,0,Nut Milk,Choco Blast,19000,0.1,40500.0,43,1741500.0,924500.0
2025-05-09,Friday,1,0,Nut Milk,Vanilla Shake,19000,0.0,45000.0,15,675000.0,390000.0
2025-05-09,Friday,1,0,Juicy Juice,Tropical Vibes,17000,0.1,36000.0,32,1152000.0,608000.0
2025-05-09,Friday,1,0,Juicy Juice,Dynamic Green,17000,0.0,40000.0,13,520000.0,299000.0
2025-05-09,Friday,1,0,Juicy Juice,Sun Kissed,17000,0.0,40000.0,27,1080000.0,621000.0
2025-05-10,Saturday,1,0,Freshy Coconut,Coconut Water,8000,0.0,18000.0,107,1926000.0,1070000.0
2025-05-10,Saturday,1,0,Freshy Coconut,Kelapa Ijo,9000,0.0,20000.0,71,1420000.0,781000.0
2025-05-10,Saturday,1,0,Nut Milk,Choco Blast,19000,0.0,45000.0,48,2160000.0,1248000.0
2025-05-10,Saturday,1,0,Nut Milk,Vanilla Shake,19000,0.1,40500.0,19,769500.0,408500.0
2025-05-10,Saturday,1,0,Juicy Juice,Tropical Vibes,17000,0.0,40000.0,28,1120000.0,644000.0
2025-05-10,Saturday,1,0,Juicy Juice,Dynamic Green,17000,0.2,32000.0,20,640000.0,300000.0
2025-05-10,Saturday,1,0,Juicy Juice,Sun Kissed,17000,0.0,40000.0,31,1240000.0,713000.0
2025-05-11,Sunday,1,0,Freshy Coconut,Coconut Water,8000,0.2,14400.0,140,2016000.0,896000.0
2025-05-11,Sunday,1,0,Freshy Coconut,Kelapa Ijo,9000,0.1,18000.0,87,1566000.0,783000.0
2025-05-11,Sunday,1,0,Nut Milk,Choco Blast,19000,0.2,36000.0,79,2844000.0,1343000.0
2025-05-11,Sunday,1,0,Nut Milk,Vanilla Shake,19000,0.1,40500.0,29,1174500.0,623500.0
2025-05-11,Sunday,1,0,Juicy Juice,Tropical Vibes,17000,0.0,40000.0,24,960000.0,552000.0
2025-05-11,Sunday,1,0,Juicy Juice,Dynamic Green,17000,0.0,40000.0,16,640000.0,368000.0
2025-05-11,Sunday,1,0,Juicy Juice,Sun Kissed,17000,0.0,40000.0,30,1200000.0,690000.0
2025-05-12,Monday,0,0,Freshy Coconut,Coconut Water,8000,0.0,18000.0,58,1044000.0,580000.0
2025-05-12,Monday,0,0,Freshy Coconut,Kelapa Ijo,9000,0.0,20000.0,46,920000.0,506000.0
2025-05-12,Monday,0,0,Nut Milk,Choco Blast,19000,0.0,45000.0,33,1485000.0,858000.0
2025-05-12,Monday,0,0,Nut Milk,Vanilla Shake,19000,0.1,40500.0,15,607500.0,322500.0
2025-05-12,Monday,0,0,Juicy Juice,Tropical Vibes,17000,0.0,40000.0,21,840000.0,483000.0
2025-05-12,Monday,0,0,Juicy Juice,Dynamic Green,17000,0.0,40000.0,11,440000.0,253000.0
2025-05-12,Monday,0,0,Juicy Juice,Sun Kissed,17000,0.0,40000.0,18,720000.0,414000.0
2025-05-13,Tuesday,0,0,Freshy Coconut,Coconut Water,8000,0.2,14400.0,72,1036800.0,460800.0
2025-05-13,Tuesday,0,0,Freshy Coconut,Kelapa Ijo,9000,0.1,18000.0,45,810000.0,405000.0
2025-05-13,Tuesday,0,0,Nut Milk,Choco Blast,19000,0.1,40500.0,30,1215000.0,645000.0
2025-05-13,Tuesday,0,0,Nut Milk,Vanilla Shake,19000,0.0,45000.0,9,405000.0,234000.0
2025-05-13,Tuesday,0,0,Juicy Juice,Tropical Vibes,17000,0.2,32000.0,27,864000.0,405000.0
2025-05-13,Tuesday,0,0,Juicy Juice,Dynamic Green,17000,0.0,40000.0,9,360000.0,207000.0
2025-05-13,Tuesday,0,0,Juicy Juice,Sun Kissed,17000,0.0,40000.0,16,640000.0,368000.0
2025-05-14,Wednesday,0,0,Freshy Coconut,Coconut Water,8000,0.0,18000.0,69,1242000.0,690000.0
2025-05-14,Wednesday,0,0,Freshy Coconut,Kelapa Ijo,9000,0.1,18000.0,44,792000.0,396000.0
2025-05-14,Wednesday,0,0,Nut Milk,Choco Blast,19000,0.0,45000.0,31,1395000.0,806000.0
2025-05-14,Wednesday,0,0,Nut Milk,Vanilla Shake,19000,0.2,36000.0,15,540000.0,255000.0
2025-05-14,Wednesday,0,0,Juicy Juice,Tropical Vibes,17000,0.0,40000.0,18,720000.0,414000.0
2025-05-14,Wednesday,0,0,Juicy Juice,Dynamic Green,17000,0.0,40000.0,9,360000.0,207000.0
2025-05-14,Wednesday,0,0,Juicy Juice,Sun Kissed,17000,0.1,36000.0,19,684000.0,361000.0
2025-05-15,Thursday,0,0,Freshy Coconut,Coconut Water,8000,0.2,14400.0,95,1368000.0,608000.0
2025-05-15,Thursday,0,0,Freshy Coconut,Kelapa Ijo,9000,0.0,20000.0,48,960000.0,528000.0
2025-05-15,Thursday,0,0,Nut Milk,Choco Blast,19000,0.0,45000.0,37,1665000.0,962000.0
2025-05-15,Thursday,0,0,Nut Milk,Vanilla Shake,19000,0.2,36000.0,18,648000.0,306000.0
2025-05-15,Thursday,0,0,Juicy Juice,Tropical Vibes,17000,0.0,40000.0,22,880000.0,506000.0
2025-05-15,Thursday,0,0,Juicy Juice,Dynamic Green,17000,0.1,36000.0,12,432000.0,228000.0
2025-05-15,Thursday,0,0,Juicy Juice,Sun Kissed,17000,0.2,32000.0,29,928000.0,435000.0
2025-05-16,Friday,1,0,Freshy Coconut,Coconut Water,8000,0.0,18000.0,69,1242000.0,690000.0
2025-05-16,Friday,1,0,Freshy Coconut,Kelapa Ijo,9000,0.1,18000.0,73,1314000.0,657000.0
2025-05-16,Friday,1,0,Nut Milk,Choco Blast,19000,0.0,45000.0,36,1620000.0,936000.0
2025-05-16,Friday,1,0,Nut Milk,Vanilla Shake,19000,0.0,45000.0,17,765000.0,442000.0
2025-05-16,Friday,1,0,Juicy Juice,Tropical Vibes,17000,0.1,36000.0,31,1116000.0,589000.0
2025-05-16,Friday,1,0,Juicy Juice,Dynamic Green,17000,0.0,40000.0,11,440000.0,253000.0
2025-05-16,Friday,1,0,Juicy Juice,Sun Kissed,17000,0.0,40000.0,20,800000.0,460000.0
2025-05-17,Saturday,1,0,Freshy Coconut,Coconut Water,8000,0.0,18000.0,104,1872000.0,1040000.0
2025-05-17,Saturday,1,0,Freshy Coconut,Kelapa Ijo,9000,0.0,20000.0,75,1500000.0,825000.0
2025-05-17,Saturday,1,0,Nut Milk,Choco Blast,19000,0.0,45000.0,44,1980000.0,1144000.0
2025-05-17,Saturday,1,0,Nut Milk,Vanilla Shake,19000,0.0,45000.0,18,810000.0,468000.0
2025-05-17,Saturday,1,0,Juicy Juice,Tropical Vibes,17000,0.0,40000.0,30,1200000.0,690000.0
2025-05-17,Saturday,1,0,Juicy Juice,Dynamic Green,17000,0.1,36000.0,16,576000.0,304000.0
2025-05-17,Saturday,1,0,Juicy Juice,Sun Kissed,17000,0.0,40000.0,28,1120000.0,644000.0
2025-05-18,Sunday,1,0,Freshy Coconut,Coconut Water,8000,0.0,18000.0,95,1710000.0,950000.0
2025-05-18,Sunday,1,0,Freshy Coconut,Kelapa Ijo,9000,0.0,20000.0,73,1460000.0,803000.0
2025-05-18,Sunday,1,0,Nut Milk,Choco Blast,19000,0.1,40500.0,60,2430000.0,1290000.0
2025-05-18,Sunday,1,0,Nut Milk,Vanilla Shake,19000,0.0,45000.0,21,945000.0,546000.0
2025-05-18,Sunday,1,0,Juicy Juice,Tropical Vibes,17000,0.0,40000.0,32,1280000.0,736000.0
2025-05-18,Sunday,1,0,Juicy Juice,Dynamic Green,17000,0.0,40000.0,17,680000.0,391000.0
2025-05-18,Sunday,1,0,Juicy Juice,Sun Kissed,17000,0.0,40000.0,26,1040000.0,598000.0
2025-05-19,Monday,0,0,Freshy Coconut,Coconut Water,8000,0.1,16200.0,78,1263600.0,639600.0
2025-05-19,Monday,0,0,Freshy Coconut,Kelapa Ijo,9000,0.2,16000.0,56,896000.0,392000.0
2025-05-19,Monday,0,0,Nut Milk,Choco Blast,19000,0.0,45000.0,35,1575000.0,910000.0
2025-05-19,Monday,0,0,Nut Milk,Vanilla Shake,19000,0.1,40500.0,18,729000.0,387000.0
2025-05-19,Monday,0,0,Juicy Juice,Tropical Vibes,17000,0.1,36000.0,23,828000.0,437000.0
2025-05-19,Monday,0,0,Juicy Juice,Dynamic Green,17000,0.0,40000.0,10,400000.0,230000.0
2025-05-19,Monday,0,0,Juicy Juice,Sun Kissed,17000,0.0,40000.0,18,720000.0,414000.0
2025-05-20,Tuesday,0,0,Freshy Coconut,Coconut Water,8000,0.0,18000.0,59,1062000.0,590000.0
2025-05-20,Tuesday,0,0,Freshy Coconut,Kelapa Ijo,9000,0.0,20000.0,35,700000.0,385000.0
2025-05-20,Tuesday,0,0,Nut Milk,Choco Blast,19000,0.1,40500.0,35,1417500.0,752500.0
2025-05-20,Tuesday,0,0,Nut Milk,Vanilla Shake,19000,0.0,45000.0,14,630000.0,364000.0
2025-05-20,Tuesday,0,0,Juicy Juice,Tropical Vibes,17000,0.0,40000.0,22,880000.0,506000.0
2025-05-20,Tuesday,0,0,Juicy Juice,Dynamic Green,17000,0.0,40000.0,9,360000.0,207000.0
2025-05-20,Tuesday,0,0,Juicy Juice,Sun Kissed,17000,0.0,40000.0,14,560000.0,322000.0
2025-05-21,Wednesday,0,0,Freshy Coconut,Coconut Water,8000,0.0,18000.0,53,954000.0,530000.0
2025-05-21,Wednesday,0,0,Freshy Coconut,Kelapa Ijo,9000,0.0,20000.0,45,900000.0,495000.0
2025-05-21,Wednesday,0,0,Nut Milk,Choco Blast,19000,0.1,40500.0,40,1620000.0,860000.0
2025-05-21,Wednesday,0,0,Nut Milk,Vanilla Shake,19000,0.0,45000.0,11,495000.0,286000.0
2025-05-21,Wednesday,0,0,Juicy Juice,Tropical Vibes,17000,0.0,40000.0,19,760000.0,437000.0
2025-05-21,Wednesday,0,0,Juicy Juice,Dynamic Green,17000,0.0,40000.0,10,400000.0,230000.0
2025-05-21,Wednesday,0,0,Juicy Juice,Sun Kissed,17000,0.0,40000.0,17,680000.0,391000.0
2025-05-22,Thursday,0,0,Freshy Coconut,Coconut Water,8000,0.2,14400.0,78,1123200.0,499200.0
2025-05-22,Thursday,0,0,Freshy Coconut,Kelapa Ijo,9000,0.0,20000.0,55,1100000.0,605000.0
2025-05-22,Thursday,0,0,Nut Milk,Choco Blast,19000,0.2,36000.0,44,1584000.0,748000.0
2025-05-22,Thursday,0,0,Nut Milk,Vanilla Shake,19000,0.0,45000.0,14,630000.0,364000.0
2025-05-22,Thursday,0,0,Juicy Juice,Tropical Vibes,17000,0.1,36000.0,20,720000.0,380000.0
2025-05-22,Thursday,0,0,Juicy Juice,Dynamic Green,17000,0.0,40000.0,11,440000.0,253000.0
2025-05-22,Thursday,0,0,Juicy Juice,Sun Kissed,17000,0.2,32000.0,31,992000.0,465000.0
2025-05-23,Friday,1,0,Freshy Coconut,Coconut Water,8000,0.0,18000.0,74,1332000.0,740000.0
2025-05-23,Friday,1,0,Freshy Coconut,Kelapa Ijo,9000,0.0,20000.0,59,1180000.0,649000.0
2025-05-23,Friday,1,0,Nut Milk,Choco Blast,19000,0.2,36000.0,60,2160000.0,1020000.0
2025-05-23,Friday,1,0,Nut Milk,Vanilla Shake,19000,0.0,45000.0,14,630000.0,364000.0
2025-05-23,Friday,1,0,Juicy Juice,Tropical Vibes,17000,0.0,40000.0,25,1000000.0,575000.0
2025-05-23,Friday,1,0,Juicy Juice,Dynamic Green,17000,0.2,32000.0,19,608000.0,285000.0
2025-05-23,Friday,1,0,Juicy Juice,Sun Kissed,17000,0.0,40000.0,24,960000.0,552000.0
2025-05-24,Saturday,1,0,Freshy Coconut,Coconut Water,8000,0.1,16200.0,110,1782000.0,902000.0
2025-05-24,Saturday,1,0,Freshy Coconut,Kelapa Ijo,9000,0.1,18000.0,74,1332000.0,666000.0
2025-05-24,Saturday,1,0,Nut Milk,Choco Blast,19000,0.2,36000.0,67,2412000.0,1139000.0
2025-05-24,Saturday,1,0,Nut Milk,Vanilla Shake,19000,0.2,36000.0,27,972000.0,459000.0
2025-05-24,Saturday,1,0,Juicy Juice,Tropical Vibes,17000,0.0,40000.0,30,1200000.0,690000.0
2025-05-24,Saturday,1,0,Juicy Juice,Dynamic Green,17000,0.2,32000.0,16,512000.0,240000.0
2025-05-24,Saturday,1,0,Juicy Juice,Sun Kissed,17000,0.0,40000.0,23,920000.0,529000.0
2025-05-25,Sunday,1,0,Freshy Coconut,Coconut Water,8000,0.0,18000.0,108,1944000.0,1080000.0
2025-05-25,Sunday,1,0,Freshy Coconut,Kelapa Ijo,9000,0.1,18000.0,99,1782000.0,891000.0
2025-05-25,Sunday,1,0,Nut Milk,Choco Blast,19000,0.0,45000.0,46,2070000.0,1196000.0
2025-05-25,Sunday,1,0,Nut Milk,Vanilla Shake,19000,0.0,45000.0,17,765000.0,442000.0
2025-05-25,Sunday,1,0,Juicy Juice,Tropical Vibes,17000,0.0,40000.0,31,1240000.0,713000.0
2025-05-25,Sunday,1,0,Juicy Juice,Dynamic Green,17000,0.1,36000.0,17,612000.0,323000.0
2025-05-25,Sunday,1,0,Juicy Juice,Sun Kissed,17000,0.0,40000.0,27,1080000.0,621000.0
2025-05-26,Monday,0,1,Freshy Coconut,Coconut Water,8000,0.1,16200.0,127,2057400.0,1041400.0
2025-05-26,Monday,0,1,Freshy Coconut,Kelapa Ijo,9000,0.2,16000.0,100,1600000.0,700000.0
2025-05-26,Monday,0,1,Nut Milk,Choco Blast,19000,0.0,45000.0,47,2115000.0,1222000.0
2025-05-26,Monday,0,1,Nut Milk,Vanilla Shake,19000,0.1,40500.0,23,931500.0,494500.0
2025-05-26,Monday,0,1,Juicy Juice,Tropical Vibes,17000,0.0,40000.0,20,800000.0,460000.0
2025-05-26,Monday,0,1,Juicy Juice,Dynamic Green,17000,0.0,40000.0,16,640000.0,368000.0
2025-05-26,Monday,0,1,Juicy Juice,Sun Kissed,17000,0.2,32000.0,30,960000.0,450000.0
2025-05-27,Tuesday,0,1,Freshy Coconut,Coconut Water,8000,0.1,16200.0,94,1522800.0,770800.0
2025-05-27,Tuesday,0,1,Freshy Coconut,Kelapa Ijo,9000,0.0,20000.0,55,1100000.0,605000.0
2025-05-27,Tuesday,0,1,Nut Milk,Choco Blast,19000,0.0,45000.0,32,1440000.0,832000.0
2025-05-27,Tuesday,0,1,Nut Milk,Vanilla Shake,19000,0.0,45000.0,15,675000.0,390000.0
2025-05-27,Tuesday,0,1,Juicy Juice,Tropical Vibes,17000,0.0,40000.0,25,1000000.0,575000.0
2025-05-27,Tuesday,0,1,Juicy Juice,Dynamic Green,17000,0.0,40000.0,11,440000.0,253000.0
2025-05-27,Tuesday,0,1,Juicy Juice,Sun Kissed,17000,0.1,36000.0,30,1080000.0,570000.0
2025-05-28,Wednesday,0,1,Freshy Coconut,Coconut Water,8000,0.0,18000.0,75,1350000.0,750000.0
2025-05-28,Wednesday,0,1,Freshy Coconut,Kelapa Ijo,9000,0.0,20000.0,71,1420000.0,781000.0
2025-05-28,Wednesday,0,1,Nut Milk,Choco Blast,19000,0.2,36000.0,54,1944000.0,918000.0
2025-05-28,Wednesday,0,1,Nut Milk,Vanilla Shake,19000,0.0,45000.0,16,720000.0,416000.0
2025-05-28,Wednesday,0,1,Juicy Juice,Tropical Vibes,17000,0.1,36000.0,31,1116000.0,589000.0
2025-05-28,Wednesday,0,1,Juicy Juice,Dynamic Green,17000,0.2,32000.0,19,608000.0,285000.0
2025-05-28,Wednesday,0,1,Juicy Juice,Sun Kissed,17000,0.0,40000.0,28,1120000.0,644000.0
2025-05-29,Thursday,0,1,Freshy Coconut,Coconut Water,8000,0.0,18000.0,100,1800000.0,1000000.0
2025-05-29,Thursday,0,1,Freshy Coconut,Kelapa Ijo,9000,0.0,20000.0,60,1200000.0,660000.0
2025-05-29,Thursday,0,1,Nut Milk,Choco Blast,19000,0.1,40500.0,49,1984500.0,1053500.0
2025-05-29,Thursday,0,1,Nut Milk,Vanilla Shake,19000,0.1,40500.0,22,891000.0,473000.0
2025-05-29,Thursday,0,1,Juicy Juice,Tropical Vibes,17000,0.2,32000.0,41,1312000.0,615000.0
2025-05-29,Thursday,0,1,Juicy Juice,Dynamic Green,17000,0.0,40000.0,18,720000.0,414000.0
2025-05-29,Thursday,0,1,Juicy Juice,Sun Kissed,17000,0.0,40000.0,29,1160000.0,667000.0
2025-05-30,Friday,1,1,Freshy Coconut,Coconut Water,8000,0.0,18000.0,120,2160000.0,1200000.0
2025-05-30,Friday,1,1,Freshy Coconut,Kelapa Ijo,9000,0.2,16000.0,130,2080000.0,910000.0
2025-05-30,Friday,1,1,Nut Milk,Choco Blast,19000,0.0,45000.0,54,2430000.0,1404000.0
2025-05-30,Friday,1,1,Nut Milk,Vanilla Shake,19000,0.0,45000.0,23,1035000.0,598000.0
2025-05-30,Friday,1,1,Juicy Juice,Tropical Vibes,17000,0.0,40000.0,40,1600000.0,920000.0
2025-05-30,Friday,1,1,Juicy Juice,Dynamic Green,17000,0.1,36000.0,20,720000.0,380000.0
2025-05-30,Friday,1,1,Juicy Juice,Sun Kissed,17000,0.1,36000.0,39,1404000.0,741000.0
2025-05-31,Saturday,1,1,Freshy Coconut,Coconut Water,8000,0.2,14400.0,203,2923200.0,1299200.0
2025-05-31,Saturday,1,1,Freshy Coconut,Kelapa Ijo,9000,0.1,18000.0,132,2376000.0,1188000.0
2025-05-31,Saturday,1,1,Nut Milk,Choco Blast,19000,0.1,40500.0,81,3280500.0,1741500.0
2025-05-31,Saturday,1,1,Nut Milk,Vanilla Shake,19000,0.0,45000.0,28,1260000.0,728000.0
2025-05-31,Saturday,1,1,Juicy Juice,Tropical Vibes,17000,0.1,36000.0,48,1728000.0,912000.0
2025-05-31,Saturday,1,1,Juicy Juice,Dynamic Green,17000,0.0,40000.0,20,800000.0,460000.0
2025-05-31,Saturday,1,1,Juicy Juice,Sun Kissed,17000,0.2,32000.0,61,1952000.0,915000.0
2025-06-01,Sunday,1,1,Freshy Coconut,Coconut Water,8000,0.2,14400.0,220,3168000.0,1408000.0
2025-06-01,Sunday,1,1,Freshy Coconut,Kelapa Ijo,9000,0.0,20000.0,101,2020000.0,1111000.0
2025-06-01,Sunday,1,1,Nut Milk,Choco Blast,19000,0.2,36000.0,97,3492000.0,1649000.0
2025-06-01,Sunday,1,1,Nut Milk,Vanilla Shake,19000,0.0,45000.0,25,1125000.0,650000.0
2025-06-01,Sunday,1,1,Juicy Juice,Tropical Vibes,17000,0.2,32000.0,60,1920000.0,900000.0
2025-06-01,Sunday,1,1,Juicy Juice,Dynamic Green,17000,0.0,40000.0,22,880000.0,506000.0
2025-06-01,Sunday,1,1,Juicy Juice,Sun Kissed,17000,0.2,32000.0,54,1728000.0,810000.0
2025-06-02,Monday,0,1,Freshy Coconut,Coconut Water,8000,0.0,18000.0,104,1872000.0,1040000.0
2025-06-02,Monday,0,1,Freshy Coconut,Kelapa Ijo,9000,0.0,20000.0,63,1260000.0,693000.0
2025-06-02,Monday,0,1,Nut Milk,Choco Blast,19000,0.2,36000.0,62,2232000.0,1054000.0
2025-06-02,Monday,0,1,Nut Milk,Vanilla Shake,19000,0.0,45000.0,19,855000.0,494000.0
2025-06-02,Monday,0,1,Juicy Juice,Tropical Vibes,17000,0.2,32000.0,41,1312000.0,615000.0
2025-06-02,Monday,0,1,Juicy Juice,Dynamic Green,17000,0.2,32000.0,18,576000.0,270000.0
2025-06-02,Monday,0,1,Juicy Juice,Sun Kissed,17000,0.0,40000.0,24,960000.0,552000.0
2025-06-03,Tuesday,0,1,Freshy Coconut,Coconut Water,8000,0.1,16200.0,77,1247400.0,631400.0
2025-06-03,Tuesday,0,1,Freshy Coconut,Kelapa Ijo,9000,0.0,20000.0,59,1180000.0,649000.0
2025-06-03,Tuesday,0,1,Nut Milk,Choco Blast,19000,0.0,45000.0,43,1935000.0,1118000.0
2025-06-03,Tuesday,0,1,Nut Milk,Vanilla Shake,19000,0.1,40500.0,17,688500.0,365500.0
2025-06-03,Tuesday,0,1,Juicy Juice,Tropical Vibes,17000,0.2,32000.0,33,1056000.0,495000.0
2025-06-03,Tuesday,0,1,Juicy Juice,Dynamic Green,17000,0.2,32000.0,18,576000.0,270000.0
2025-06-03,Tuesday,0,1,Juicy Juice,Sun Kissed,17000,0.1,36000.0,25,900000.0,475000.0
2025-06-04,Wednesday,0,1,Freshy Coconut,Coconut Water,8000,0.0,18000.0,84,1512000.0,840000.0
2025-06-04,Wednesday,0,1,Freshy Coconut,Kelapa Ijo,9000,0.0,20000.0,65,1300000.0,715000.0
2025-06-04,Wednesday,0,1,Nut Milk,Choco Blast,19000,0.0,45000.0,40,1800000.0,1040000.0
2025-06-04,Wednesday,0,1,Nut Milk,Vanilla Shake,19000,0.0,45000.0,16,720000.0,416000.0
2025-06-04,Wednesday,0,1,Juicy Juice,Tropical Vibes,17000,0.2,32000.0,34,1088000.0,510000.0
2025-06-04,Wednesday,0,1,Juicy Juice,Dynamic Green,17000,0.1,36000.0,12,432000.0,228000.0
2025-06-04,Wednesday,0,1,Juicy Juice,Sun Kissed,17000,0.0,40000.0,18,720000.0,414000.0
2025-06-05,Thursday,0,1,Freshy Coconut,Coconut Water,8000,0.2,14400.0,126,1814400.0,806400.0
2025-06-05,Thursday,0,1,Freshy Coconut,Kelapa Ijo,9000,0.0,20000.0,59,1180000.0,649000.0
2025-06-05,Thursday,0,1,Nut Milk,Choco Blast,19000,0.0,45000.0,45,2025000.0,1170000.0
2025-06-05,Thursday,0,1,Nut Milk,Vanilla Shake,19000,0.0,45000.0,19,855000.0,494000.0
2025-06-05,Thursday,0,1,Juicy Juice,Tropical Vibes,17000,0.0,40000.0,27,1080000.0,621000.0
2025-06-05,Thursday,0,1,Juicy Juice,Dynamic Green,17000,0.1,36000.0,18,648000.0,342000.0
2025-06-05,Thursday,0,1,Juicy Juice,Sun Kissed,17000,0.2,32000.0,35,1120000.0,525000.0
2025-06-06,Friday,1,0,Freshy Coconut,Coconut Water,8000,0.1,16200.0,111,1798200.0,910200.0
2025-06-06,Friday,1,0,Freshy Coconut,Kelapa Ijo,9000,0.0,20000.0,61,1220000.0,671000.0
2025-06-06,Friday,1,0,Nut Milk,Choco Blast,19000,0.0,45000.0,41,1845000.0,1066000.0
2025-06-06,Friday,1,0,Nut Milk,Vanilla Shake,19000,0.2,36000.0,24,864000.0,408000.0
2025-06-06,Friday,1,0,Juicy Juice,Tropical Vibes,17000,0.0,40000.0,23,920000.0,529000.0
2025-06-06,Friday,1,0,Juicy Juice,Dynamic Green,17000,0.2,32000.0,16,512000.0,240000.0
2025-06-06,Friday,1,0,Juicy Juice,Sun Kissed,17000,0.2,32000.0,32,1024000.0,480000.0
2025-06-07,Saturday,1,0,Freshy Coconut,Coconut Water,8000,0.0,18000.0,80,1440000.0,800000.0
2025-06-07,Saturday,1,0,Freshy Coconut,Kelapa Ijo,9000,0.2,16000.0,78,1248000.0,546000.0
2025-06-07,Saturday,1,0,Nut Milk,Choco Blast,19000,0.1,40500.0,60,2430000.0,1290000.0
2025-06-07,Saturday,1,0,Nut Milk,Vanilla Shake,19000,0.1,40500.0,24,972000.0,516000.0
2025-06-07,Saturday,1,0,Juicy Juice,Tropical Vibes,17000,0.0,40000.0,30,1200000.0,690000.0
2025-06-07,Saturday,1,0,Juicy Juice,Dynamic Green,17000,0.0,40000.0,16,640000.0,368000.0
2025-06-07,Saturday,1,0,Juicy Juice,Sun Kissed,17000,0.2,32000.0,35,1120000.0,525000.0
2025-06-08,Sunday,1,0,Freshy Coconut,Coconut Water,8000,0.0,18000.0,98,1764000.0,980000.0
2025-06-08,Sunday,1,0,Freshy Coconut,Kelapa Ijo,9000,0.0,20000.0,80,1600000.0,880000.0
2025-06-08,Sunday,1,0,Nut Milk,Choco Blast,19000,0.1,40500.0,55,2227500.0,1182500.0
2025-06-08,Sunday,1,0,Nut Milk,Vanilla Shake,19000,0.0,45000.0,17,765000.0,442000.0
2025-06-08,Sunday,1,0,Juicy Juice,Tropical Vibes,17000,0.0,40000.0,31,1240000.0,713000.0
2025-06-08,Sunday,1,0,Juicy Juice,Dynamic Green,17000,0.0,40000.0,14,560000.0,322000.0
2025-06-08,Sunday,1,0,Juicy Juice,Sun Kissed,17000,0.1,36000.0,31,1116000.0,589000.0
2025-06-09,Monday,0,0,Freshy Coconut,Coconut Water,8000,0.1,16200.0,71,1150200.0,582200.0
2025-06-09,Monday,0,0,Freshy Coconut,Kelapa Ijo,9000,0.0,20000.0,47,940000.0,517000.0
2025-06-09,Monday,0,0,Nut Milk,Choco Blast,19000,0.0,45000.0,25,1125000.0,650000.0
2025-06-09,Monday,0,0,Nut Milk,Vanilla Shake,19000,0.1,40500.0,12,486000.0,258000.0
2025-06-09,Monday,0,0,Juicy Juice,Tropical Vibes,17000,0.0,40000.0,19,760000.0,437000.0
2025-06-09,Monday,0,0,Juicy Juice,Dynamic Green,17000,0.0,40000.0,10,400000.0,230000.0
2025-06-09,Monday,0,0,Juicy Juice,Sun Kissed,17000,0.1,36000.0,22,792000.0,418000.0
2025-06-10,Tuesday,0,0,Freshy Coconut,Coconut Water,8000,0.0,18000.0,52,936000.0,520000.0
2025-06-10,Tuesday,0,0,Freshy Coconut,Kelapa Ijo,9000,0.0,20000.0,48,960000.0,528000.0
2025-06-10,Tuesday,0,0,Nut Milk,Choco Blast,19000,0.0,45000.0,30,1350000.0,780000.0
2025-06-10,Tuesday,0,0,Nut Milk,Vanilla Shake,19000,0.0,45000.0,13,585000.0,338000.0
2025-06-10,Tuesday,0,0,Juicy Juice,Tropical Vibes,17000,0.0,40000.0,19,760000.0,437000.0
2025-06-10,Tuesday,0,0,Juicy Juice,Dynamic Green,17000,0.0,40000.0,9,360000.0,207000.0
2025-06-10,Tuesday,0,0,Juicy Juice,Sun Kissed,17000,0.0,40000.0,17,680000.0,391000.0
2025-06-11,Wednesday,0,0,Freshy Coconut,Coconut Water,8000,0.0,18000.0,56,1008000.0,560000.0
2025-06-11,Wednesday,0,0,Freshy Coconut,Kelapa Ijo,9000,0.0,20000.0,43,860000.0,473000.0
2025-06-11,Wednesday,0,0,Nut Milk,Choco Blast,19000,0.2,36000.0,38,1368000.0,646000.0
2025-06-11,Wednesday,0,0,Nut Milk,Vanilla Shake,19000,0.1,40500.0,12,486000.0,258000.0
2025-06-11,Wednesday,0,0,Juicy Juice,Tropical Vibes,17000,0.0,40000.0,18,720000.0,414000.0
2025-06-11,Wednesday,0,0,Juicy Juice,Dynamic Green,17000,0.2,32000.0,12,384000.0,180000.0
2025-06-11,Wednesday,0,0,Juicy Juice,Sun Kissed,17000,0.0,40000.0,19,760000.0,437000.0
2025-06-12,Thursday,0,0,Freshy Coconut,Coconut Water,8000,0.1,16200.0,85,1377000.0,697000.0
2025-06-12,Thursday,0,0,Freshy Coconut,Kelapa Ijo,9000,0.2,16000.0,56,896000.0,392000.0
2025-06-12,Thursday,0,0,Nut Milk,Choco Blast,19000,0.0,45000.0,30,1350000.0,780000.0
2025-06-12,Thursday,0,0,Nut Milk,Vanilla Shake,19000,0.2,36000.0,17,612000.0,289000.0
2025-06-12,Thursday,0,0,Juicy Juice,Tropical Vibes,17000,0.0,40000.0,21,840000.0,483000.0
2025-06-12,Thursday,0,0,Juicy Juice,Dynamic Green,17000,0.0,40000.0,11,440000.0,253000.0
2025-06-12,Thursday,0,0,Juicy Juice,Sun Kissed,17000,0.1,36000.0,25,900000.0,475000.0
2025-06-13,Friday,1,0,Freshy Coconut,Coconut Water,8000,0.0,18000.0,75,1350000.0,750000.0
2025-06-13,Friday,1,0,Freshy Coconut,Kelapa Ijo,9000,0.0,20000.0,65,1300000.0,715000.0
2025-06-13,Friday,1,0,Nut Milk,Choco Blast,19000,0.0,45000.0,41,1845000.0,1066000.0
2025-06-13,Friday,1,0,Nut Milk,Vanilla Shake,19000,0.0,45000.0,16,720000.0,416000.0
2025-06-13,Friday,1,0,Juicy Juice,Tropical Vibes,17000,0.0,40000.0,24,960000.0,552000.0
2025-06-13,Friday,1,0,Juicy Juice,Dynamic Green,17000,0.0,40000.0,12,480000.0,276000.0
2025-06-13,Friday,1,0,Juicy Juice,Sun Kissed,17000,0.0,40000.0,25,1000000.0,575000.0
2025-06-14,Saturday,1,0,Freshy Coconut,Coconut Water,8000,0.1,16200.0,129,2089800.0,1057800.0
2025-06-14,Saturday,1,0,Freshy Coconut,Kelapa Ijo,9000,0.0,20000.0,64,1280000.0,704000.0
2025-06-14,Saturday,1,0,Nut Milk,Choco Blast,19000,0.1,40500.0,40,1620000.0,860000.0
2025-06-14,Saturday,1,0,Nut Milk,Vanilla Shake,19000,0.0,45000.0,18,810000.0,468000.0
2025-06-14,Saturday,1,0,Juicy Juice,Tropical Vibes,17000,0.0,40000.0,30,1200000.0,690000.0
2025-06-14,Saturday,1,0,Juicy Juice,Dynamic Green,17000,0.2,32000.0,24,768000.0,360000.0
2025-06-14,Saturday,1,0,Juicy Juice,Sun Kissed,17000,0.1,36000.0,39,1404000.0,741000.0
2025-06-15,Sunday,1,0,Freshy Coconut,Coconut Water,8000,0.0,18000.0,113,2034000.0,1130000.0
2025-06-15,Sunday,1,0,Freshy Coconut,Kelapa Ijo,9000,0.0,20000.0,73,1460000.0,803000.0
2025-06-15,Sunday,1,0,Nut Milk,Choco Blast,19000,0.0,45000.0,49,2205000.0,1274000.0
2025-06-15,Sunday,1,0,Nut Milk,Vanilla Shake,19000,0.0,45000.0,19,855000.0,494000.0
2025-06-15,Sunday,1,0,Juicy Juice,Tropical Vibes,17000,0.2,32000.0,38,1216000.0,570000.0
2025-06-15,Sunday,1,0,Juicy Juice,Dynamic Green,17000,0.0,40000.0,15,600000.0,345000.0
2025-06-15,Sunday,1,0,Juicy Juice,Sun Kissed,17000,0.0,40000.0,30,1200000.0,690000.0
2025-06-16,Monday,0,0,Freshy Coconut,Coconut Water,8000,0.0,18000.0,73,1314000.0,730000.0
2025-06-16,Monday,0,0,Freshy Coconut,Kelapa Ijo,9000,0.0,20000.0,44,880000.0,484000.0
2025-06-16,Monday,0,0,Nut Milk,Choco Blast,19000,0.0,45000.0,27,1215000.0,702000.0
2025-06-16,Monday,0,0,Nut Milk,Vanilla Shake,19000,0.1,40500.0,14,567000.0,301000.0
2025-06-16,Monday,0,0,Juicy Juice,Tropical Vibes,17000,0.1,36000.0,21,756000.0,399000.0
2025-06-16,Monday,0,0,Juicy Juice,Dynamic Green,17000,0.0,40000.0,11,440000.0,253000.0
2025-06-16,Monday,0,0,Juicy Juice,Sun Kissed,17000,0.2,32000.0,22,704000.0,330000.0
2025-06-17,Tuesday,0,0,Freshy Coconut,Coconut Water,8000,0.0,18000.0,67,1206000.0,670000.0
2025-06-17,Tuesday,0,0,Freshy Coconut,Kelapa Ijo,9000,0.0,20000.0,44,880000.0,484000.0
2025-06-17,Tuesday,0,0,Nut Milk,Choco Blast,19000,0.2,36000.0,43,1548000.0,731000.0
2025-06-17,Tuesday,0,0,Nut Milk,Vanilla Shake,19000,0.2,36000.0,13,468000.0,221000.0
2025-06-17,Tuesday,0,0,Juicy Juice,Tropical Vibes,17000,0.2,32000.0,24,768000.0,360000.0
2025-06-17,Tuesday,0,0,Juicy Juice,Dynamic Green,17000,0.2,32000.0,15,480000.0,225000.0
2025-06-17,Tuesday,0,0,Juicy Juice,Sun Kissed,17000,0.0,40000.0,18,720000.0,414000.0
2025-06-18,Wednesday,0,0,Freshy Coconut,Coconut Water,8000,0.0,18000.0,56,1008000.0,560000.0
2025-06-18,Wednesday,0,0,Freshy Coconut,Kelapa Ijo,9000,0.2,16000.0,68,1088000.0,476000.0
2025-06-18,Wednesday,0,0,Nut Milk,Choco Blast,19000,0.0,45000.0,30,1350000.0,780000.0
2025-06-18,Wednesday,0,0,Nut Milk,Vanilla Shake,19000,0.0,45000.0,11,495000.0,286000.0
2025-06-18,Wednesday,0,0,Juicy Juice,Tropical Vibes,17000,0.1,36000.0,26,936000.0,494000.0
2025-06-18,Wednesday,0,0,Juicy Juice,Dynamic Green,17000,0.0,40000.0,11,440000.0,253000.0
2025-06-18,Wednesday,0,0,Juicy Juice,Sun Kissed,17000,0.0,40000.0,16,640000.0,368000.0
2025-06-19,Thursday,0,0,Freshy Coconut,Coconut Water,8000,0.0,18000.0,58,1044000.0,580000.0
2025-06-19,Thursday,0,0,Freshy Coconut,Kelapa Ijo,9000,0.0,20000.0,44,880000.0,484000.0
2025-06-19,Thursday,0,0,Nut Milk,Choco Blast,19000,0.0,45000.0,27,1215000.0,702000.0
2025-06-19,Thursday,0,0,Nut Milk,Vanilla Shake,19000,0.0,45000.0,15,675000.0,390000.0
2025-06-19,Thursday,0,0,Juicy Juice,Tropical Vibes,17000,0.0,40000.0,21,840000.0,483000.0
2025-06-19,Thursday,0,0,Juicy Juice,Dynamic Green,17000,0.0,40000.0,11,440000.0,253000.0
2025-06-19,Thursday,0,0,Juicy Juice,Sun Kissed,17000,0.1,36000.0,25,900000.0,475000.0
2025-06-20,Friday,1,0,Freshy Coconut,Coconut Water,8000,0.0,18000.0,76,1368000.0,760000.0
2025-06-20,Friday,1,0,Freshy Coconut,Kelapa Ijo,9000,0.0,20000.0,56,1120000.0,616000.0
2025-06-20,Friday,1,0,Nut Milk,Choco Blast,19000,0.0,45000.0,38,1710000.0,988000.0
2025-06-20,Friday,1,0,Nut Milk,Vanilla Shake,19000,0.0,45000.0,13,585000.0,338000.0
2025-06-20,Friday,1,0,Juicy Juice,Tropical Vibes,17000,0.1,36000.0,34,1224000.0,646000.0
2025-06-20,Friday,1,0,Juicy Juice,Dynamic Green,17000,0.2,32000.0,17,544000.0,255000.0
2025-06-20,Friday,1,0,Juicy Juice,Sun Kissed,17000,0.0,40000.0,24,960000.0,552000.0
2025-06-21,Saturday,1,0,Freshy Coconut,Coconut Water,8000,0.0,18000.0,104,1872000.0,1040000.0
2025-06-21,Saturday,1,0,Freshy Coconut,Kelapa Ijo,9000,0.0,20000.0,72,1440000.0,792000.0
2025-06-21,Saturday,1,0,Nut Milk,Choco Blast,19000,0.1,40500.0,50,2025000.0,1075000.0
2025-06-21,Saturday,1,0,Nut Milk,Vanilla Shake,19000,0.2,36000.0,21,756000.0,357000.0
2025-06-21,Saturday,1,0,Juicy Juice,Tropical Vibes,17000,0.0,40000.0,38,1520000.0,874000.0
2025-06-21,Saturday,1,0,Juicy Juice,Dynamic Green,17000,0.1,36000.0,22,792000.0,418000.0
2025-06-21,Saturday,1,0,Juicy Juice,Sun Kissed,17000,0.1,36000.0,35,1260000.0,665000.0
2025-06-22,Sunday,1,0,Freshy Coconut,Coconut Water,8000,0.0,18000.0,98,1764000.0,980000.0
2025-06-22,Sunday,1,0,Freshy Coconut,Kelapa Ijo,9000,0.1,18000.0,98,1764000.0,882000.0
2025-06-22,Sunday,1,0,Nut Milk,Choco Blast,19000,0.0,45000.0,44,1980000.0,1144000.0
2025-06-22,Sunday,1,0,Nut Milk,Vanilla Shake,19000,0.0,45000.0,19,855000.0,494000.0
2025-06-22,Sunday,1,0,Juicy Juice,Tropical Vibes,17000,0.0,40000.0,31,1240000.0,713000.0
2025-06-22,Sunday,1,0,Juicy Juice,Dynamic Green,17000,0.0,40000.0,17,680000.0,391000.0
2025-06-22,Sunday,1,0,Juicy Juice,Sun Kissed,17000,0.0,40000.0,27,1080000.0,621000.0
2025-06-23,Monday,0,0,Freshy Coconut,Coconut Water,8000,0.2,14400.0,89,1281600.0,569600.0
2025-06-23,Monday,0,0,Freshy Coconut,Kelapa Ijo,9000,0.0,20000.0,50,1000000.0,550000.0
2025-06-23,Monday,0,0,Nut Milk,Choco Blast,19000,0.0,45000.0,28,1260000.0,728000.0
2025-06-23,Monday,0,0,Nut Milk,Vanilla Shake,19000,0.2,36000.0,17,612000.0,289000.0
2025-06-23,Monday,0,0,Juicy Juice,Tropical Vibes,17000,0.0,40000.0,24,960000.0,552000.0
2025-06-23,Monday,0,0,Juicy Juice,Dynamic Green,17000,0.0,40000.0,11,440000.0,253000.0
2025-06-23,Monday,0,0,Juicy Juice,Sun Kissed,17000,0.2,32000.0,25,800000.0,375000.0
2025-06-24,Tuesday,0,0,Freshy Coconut,Coconut Water,8000,0.0,18000.0,61,1098000.0,610000.0
2025-06-24,Tuesday,0,0,Freshy Coconut,Kelapa Ijo,9000,0.2,16000.0,55,880000.0,385000.0
2025-06-24,Tuesday,0,0,Nut Milk,Choco Blast,19000,0.0,45000.0,30,1350000.0,780000.0
2025-06-24,Tuesday,0,0,Nut Milk,Vanilla Shake,19000,0.0,45000.0,10,450000.0,260000.0
2025-06-24,Tuesday,0,0,Juicy Juice,Tropical Vibes,17000,0.0,40000.0,18,720000.0,414000.0
2025-06-24,Tuesday,0,0,Juicy Juice,Dynamic Green,17000,0.1,36000.0,11,396000.0,209000.0
2025-06-24,Tuesday,0,0,Juicy Juice,Sun Kissed,17000,0.0,40000.0,16,640000.0,368000.0
2025-06-25,Wednesday,0,0,Freshy Coconut,Coconut Water,8000,0.0,18000.0,62,1116000.0,620000.0
2025-06-25,Wednesday,0,0,Freshy Coconut,Kelapa Ijo,9000,0.2,16000.0,57,912000.0,399000.0
2025-06-25,Wednesday,0,0,Nut Milk,Choco Blast,19000,0.0,45000.0,30,1350000.0,780000.0
2025-06-25,Wednesday,0,0,Nut Milk,Vanilla Shake,19000,0.0,45000.0,12,540000.0,312000.0
2025-06-25,Wednesday,0,0,Juicy Juice,Tropical Vibes,17000,0.0,40000.0,19,760000.0,437000.0
2025-06-25,Wednesday,0,0,Juicy Juice,Dynamic Green,17000,0.1,36000.0,10,360000.0,190000.0
2025-06-25,Wednesday,0,0,Juicy Juice,Sun Kissed,17000,0.1,36000.0,24,864000.0,456000.0
2025-06-26,Thursday,0,1,Freshy Coconut,Coconut Water,8000,0.2,14400.0,161,2318400.0,1030400.0
2025-06-26,Thursday,0,1,Freshy Coconut,Kelapa Ijo,9000,0.1,18000.0,75,1350000.0,675000.0
2025-06-26,Thursday,0,1,Nut Milk,Choco Blast,19000,0.2,36000.0,58,2088000.0,986000.0
2025-06-26,Thursday,0,1,Nut Milk,Vanilla Shake,19000,0.0,45000.0,17,765000.0,442000.0
2025-06-26,Thursday,0,1,Juicy Juice,Tropical Vibes,17000,0.1,36000.0,38,1368000.0,722000.0
2025-06-26,Thursday,0,1,Juicy Juice,Dynamic Green,17000,0.0,40000.0,12,480000.0,276000.0
2025-06-26,Thursday,0,1,Juicy Juice,Sun Kissed,17000,0.2,32000.0,41,1312000.0,615000.0
2025-06-27,Friday,1,1,Freshy Coconut,Coconut Water,8000,0.0,18000.0,124,2232000.0,1240000.0
2025-06-27,Friday,1,1,Freshy Coconut,Kelapa Ijo,9000,0.0,20000.0,72,1440000.0,792000.0
2025-06-27,Friday,1,1,Nut Milk,Choco Blast,19000,0.0,45000.0,44,1980000.0,1144000.0
2025-06-27,Friday,1,1,Nut Milk,Vanilla Shake,19000,0.0,45000.0,21,945000.0,546000.0
2025-06-27,Friday,1,1,Juicy Juice,Tropical Vibes,17000,0.2,32000.0,52,1664000.0,780000.0
2025-06-27,Friday,1,1,Juicy Juice,Dynamic Green,17000,0.1,36000.0,19,684000.0,361000.0
2025-06-27,Friday,1,1,Juicy Juice,Sun Kissed,17000,0.0,40000.0,29,1160000.0,667000.0
2025-06-28,Saturday,1,1,Freshy Coconut,Coconut Water,8000,0.1,16200.0,122,1976400.0,1000400.0
2025-06-28,Saturday,1,1,Freshy Coconut,Kelapa Ijo,9000,0.1,18000.0,102,1836000.0,918000.0
2025-06-28,Saturday,1,1,Nut Milk,Choco Blast,19000,0.1,40500.0,74,2997000.0,1591000.0
2025-06-28,Saturday,1,1,Nut Milk,Vanilla Shake,19000,0.0,45000.0,24,1080000.0,624000.0
2025-06-28,Saturday,1,1,Juicy Juice,Tropical Vibes,17000,0.0,40000.0,49,1960000.0,1127000.0
2025-06-28,Saturday,1,1,Juicy Juice,Dynamic Green,17000,0.1,36000.0,29,1044000.0,551000.0
2025-06-28,Saturday,1,1,Juicy Juice,Sun Kissed,17000,0.0,40000.0,42,1680000.0,966000.0
2025-06-29,Sunday,1,1,Freshy Coconut,Coconut Water,8000,0.0,18000.0,154,2772000.0,1540000.0
2025-06-29,Sunday,1,1,Freshy Coconut,Kelapa Ijo,9000,0.1,18000.0,110,1980000.0,990000.0
2025-06-29,Sunday,1,1,Nut Milk,Choco Blast,19000,0.0,45000.0,61,2745000.0,1586000.0
2025-06-29,Sunday,1,1,Nut Milk,Vanilla Shake,19000,0.0,45000.0,26,1170000.0,676000.0
2025-06-29,Sunday,1,1,Juicy Juice,Tropical Vibes,17000,0.1,36000.0,59,2124000.0,1121000.0
2025-06-29,Sunday,1,1,Juicy Juice,Dynamic Green,17000,0.2,32000.0,30,960000.0,450000.0
2025-06-29,Sunday,1,1,Juicy Juice,Sun Kissed,17000,0.0,40000.0,47,1880000.0,1081000.0
2025-06-30,Monday,0,1,Freshy Coconut,Coconut Water,8000,0.0,18000.0,81,1458000.0,810000.0
2025-06-30,Monday,0,1,Freshy Coconut,Kelapa Ijo,9000,0.1,18000.0,63,1134000.0,567000.0
2025-06-30,Monday,0,1,Nut Milk,Choco Blast,19000,0.0,45000.0,42,1890000.0,1092000.0
2025-06-30,Monday,0,1,Nut Milk,Vanilla Shake,19000,0.0,45000.0,15,675000.0,390000.0
2025-06-30,Monday,0,1,Juicy Juice,Tropical Vibes,17000,0.0,40000.0,25,1000000.0,575000.0
2025-06-30,Monday,0,1,Juicy Juice,Dynamic Green,17000,0.0,40000.0,14,560000.0,322000.0
2025-06-30,Monday,0,1,Juicy Juice,Sun Kissed,17000,0.0,40000.0,26,1040000.0,598000.0
2025-07-01,Tuesday,0,1,Freshy Coconut,Coconut Water,8000,0.0,18000.0,77,1386000.0,770000.0
2025-07-01,Tuesday,0,1,Freshy Coconut,Kelapa Ijo,9000,0.1,18000.0,63,1134000.0,567000.0
2025-07-01,Tuesday,0,1,Nut Milk,Choco Blast,19000,0.1,40500.0,37,1498500.0,795500.0
2025-07-01,Tuesday,0,1,Nut Milk,Vanilla Shake,19000,0.1,40500.0,19,769500.0,408500.0
2025-07-01,Tuesday,0,1,Juicy Juice,Tropical Vibes,17000,0.0,40000.0,25,1000000.0,575000.0
2025-07-01,Tuesday,0,1,Juicy Juice,Dynamic Green,17000,0.1,36000.0,16,576000.0,304000.0
2025-07-01,Tuesday,0,1,Juicy Juice,Sun Kissed,17000,0.0,40000.0,21,840000.0,483000.0
2025-07-02,Wednesday,0,1,Freshy Coconut,Coconut Water,8000,0.1,16200.0,122,1976400.0,1000400.0
2025-07-02,Wednesday,0,1,Freshy Coconut,Kelapa Ijo,9000,0.0,20000.0,60,1200000.0,660000.0
2025-07-02,Wednesday,0,1,Nut Milk,Choco Blast,19000,0.2,36000.0,64,2304000.0,1088000.0
2025-07-02,Wednesday,0,1,Nut Milk,Vanilla Shake,19000,0.1,40500.0,20,810000.0,430000.0
2025-07-02,Wednesday,0,1,Juicy Juice,Tropical Vibes,17000,0.0,40000.0,25,1000000.0,575000.0
2025-07-02,Wednesday,0,1,Juicy Juice,Dynamic Green,17000,0.0,40000.0,12,480000.0,276000.0
2025-07-02,Wednesday,0,1,Juicy Juice,Sun Kissed,17000,0.0,40000.0,25,1000000.0,575000.0
2025-07-03,Thursday,0,1,Freshy Coconut,Coconut Water,8000,0.1,16200.0,109,1765800.0,893800.0
2025-07-03,Thursday,0,1,Freshy Coconut,Kelapa Ijo,9000,0.2,16000.0,102,1632000.0,714000.0
2025-07-03,Thursday,0,1,Nut Milk,Choco Blast,19000,0.0,45000.0,34,1530000.0,884000.0
2025-07-03,Thursday,0,1,Nut Milk,Vanilla Shake,19000,0.0,45000.0,15,675000.0,390000.0
2025-07-03,Thursday,0,1,Juicy Juice,Tropical Vibes,17000,0.1,36000.0,38,1368000.0,722000.0
2025-07-03,Thursday,0,1,Juicy Juice,Dynamic Green,17000,0.0,40000.0,12,480000.0,276000.0
2025-07-03,Thursday,0,1,Juicy Juice,Sun Kissed,17000,0.0,40000.0,26,1040000.0,598000.0
2025-07-04,Friday,1,1,Freshy Coconut,Coconut Water,8000,0.2,14400.0,184,2649600.0,1177600.0
2025-07-04,Friday,1,1,Freshy Coconut,Kelapa Ijo,9000,0.0,20000.0,75,1500000.0,825000.0
2025-07-04,Friday,1,1,Nut Milk,Choco Blast,19000,0.0,45000.0,67,3015000.0,1742000.0
2025-07-04,Friday,1,1,Nut Milk,Vanilla Shake,19000,0.0,45000.0,22,990000.0,572000.0
2025-07-04,Friday,1,1,Juicy Juice,Tropical Vibes,17000,0.0,40000.0,40,1600000.0,920000.0
2025-07-04,Friday,1,1,Juicy Juice,Dynamic Green,17000,0.0,40000.0,17,680000.0,391000.0
2025-07-04,Friday,1,1,Juicy Juice,Sun Kissed,17000,0.1,36000.0,39,1404000.0,741000.0
2025-07-05,Saturday,1,1,Freshy Coconut,Coconut Water,8000,0.0,18000.0,155,2790000.0,1550000.0
2025-07-05,Saturday,1,1,Freshy Coconut,Kelapa Ijo,9000,0.2,16000.0,125,2000000.0,875000.0
2025-07-05,Saturday,1,1,Nut Milk,Choco Blast,19000,0.0,45000.0,62,2790000.0,1612000.0
2025-07-05,Saturday,1,1,Nut Milk,Vanilla Shake,19000,0.1,40500.0,28,1134000.0,602000.0
2025-07-05,Saturday,1,1,Juicy Juice,Tropical Vibes,17000,0.0,40000.0,43,1720000.0,989000.0
2025-07-05,Saturday,1,1,Juicy Juice,Dynamic Green,17000,0.2,32000.0,30,960000.0,450000.0
2025-07-05,Saturday,1,1,Juicy Juice,Sun Kissed,17000,0.0,40000.0,41,1640000.0,943000.0
2025-07-06,Sunday,1,0,Freshy Coconut,Coconut Water,8000,0.0,18000.0,117,2106000.0,1170000.0
2025-07-06,Sunday,1,0,Freshy Coconut,Kelapa Ijo,9000,0.1,18000.0,104,1872000.0,936000.0
2025-07-06,Sunday,1,0,Nut Milk,Choco Blast,19000,0.0,45000.0,50,2250000.0,1300000.0
2025-07-06,Sunday,1,0,Nut Milk,Vanilla Shake,19000,0.0,45000.0,17,765000.0,442000.0
2025-07-06,Sunday,1,0,Juicy Juice,Tropical Vibes,17000,0.0,40000.0,31,1240000.0,713000.0
2025-07-06,Sunday,1,0,Juicy Juice,Dynamic Green,17000,0.0,40000.0,16,640000.0,368000.0
2025-07-06,Sunday,1,0,Juicy Juice,Sun Kissed,17000,0.0,40000.0,33,1320000.0,759000.0
2025-07-07,Monday,0,0,Freshy Coconut,Coconut Water,8000,0.1,16200.0,82,1328400.0,672400.0
2025-07-07,Monday,0,0,Freshy Coconut,Kelapa Ijo,9000,0.0,20000.0,49,980000.0,539000.0
2025-07-07,Monday,0,0,Nut Milk,Choco Blast,19000,0.1,40500.0,41,1660500.0,881500.0
2025-07-07,Monday,0,0,Nut Milk,Vanilla Shake,19000,0.1,40500.0,14,567000.0,301000.0
2025-07-07,Monday,0,0,Juicy Juice,Tropical Vibes,17000,0.0,40000.0,17,680000.0,391000.0
2025-07-07,Monday,0,0,Juicy Juice,Dynamic Green,17000,0.1,36000.0,14,504000.0,266000.0
2025-07-07,Monday,0,0,Juicy Juice,Sun Kissed,17000,0.0,40000.0,19,760000.0,437000.0
2025-07-08,Tuesday,0,0,Freshy Coconut,Coconut Water,8000,0.0,18000.0,56,1008000.0,560000.0
2025-07-08,Tuesday,0,0,Freshy Coconut,Kelapa Ijo,9000,0.1,18000.0,47,846000.0,423000.0
2025-07-08,Tuesday,0,0,Nut Milk,Choco Blast,19000,0.0,45000.0,29,1305000.0,754000.0
2025-07-08,Tuesday,0,0,Nut Milk,Vanilla Shake,19000,0.2,36000.0,15,540000.0,255000.0
2025-07-08,Tuesday,0,0,Juicy Juice,Tropical Vibes,17000,0.0,40000.0,18,720000.0,414000.0
2025-07-08,Tuesday,0,0,Juicy Juice,Dynamic Green,17000,0.0,40000.0,11,440000.0,253000.0
2025-07-08,Tuesday,0,0,Juicy Juice,Sun Kissed,17000,0.0,40000.0,14,560000.0,322000.0
2025-07-09,Wednesday,0,0,Freshy Coconut,Coconut Water,8000,0.1,16200.0,79,1279800.0,647800.0
2025-07-09,Wednesday,0,0,Freshy Coconut,Kelapa Ijo,9000,0.0,20000.0,40,800000.0,440000.0
2025-07-09,Wednesday,0,0,Nut Milk,Choco Blast,19000,0.0,45000.0,23,1035000.0,598000.0
2025-07-09,Wednesday,0,0,Nut Milk,Vanilla Shake,19000,0.1,40500.0,12,486000.0,258000.0
2025-07-09,Wednesday,0,0,Juicy Juice,Tropical Vibes,17000,0.0,40000.0,19,760000.0,437000.0
2025-07-09,Wednesday,0,0,Juicy Juice,Dynamic Green,17000,0.1,36000.0,10,360000.0,190000.0
2025-07-09,Wednesday,0,0,Juicy Juice,Sun Kissed,17000,0.0,40000.0,16,640000.0,368000.0
2025-07-10,Thursday,0,0,Freshy Coconut,Coconut Water,8000,0.0,18000.0,64,1152000.0,640000.0
2025-07-10,Thursday,0,0,Freshy Coconut,Kelapa Ijo,9000,0.1,18000.0,52,936000.0,468000.0
2025-07-10,Thursday,0,0,Nut Milk,Choco Blast,19000,0.0,45000.0,32,1440000.0,832000.0
2025-07-10,Thursday,0,0,Nut Milk,Vanilla Shake,19000,0.1,40500.0,16,648000.0,344000.0
2025-07-10,Thursday,0,0,Juicy Juice,Tropical Vibes,17000,0.0,40000.0,20,800000.0,460000.0
2025-07-10,Thursday,0,0,Juicy Juice,Dynamic Green,17000,0.1,36000.0,12,432000.0,228000.0
2025-07-10,Thursday,0,0,Juicy Juice,Sun Kissed,17000,0.0,40000.0,18,720000.0,414000.0
2025-07-11,Friday,1,0,Freshy Coconut,Coconut Water,8000,0.1,16200.0,118,1911600.0,967600.0
2025-07-11,Friday,1,0,Freshy Coconut,Kelapa Ijo,9000,0.0,20000.0,58,1160000.0,638000.0
2025-07-11,Friday,1,0,Nut Milk,Choco Blast,19000,0.2,36000.0,55,1980000.0,935000.0
2025-07-11,Friday,1,0,Nut Milk,Vanilla Shake,19000,0.2,36000.0,23,828000.0,391000.0
2025-07-11,Friday,1,0,Juicy Juice,Tropical Vibes,17000,0.0,40000.0,23,920000.0,529000.0
2025-07-11,Friday,1,0,Juicy Juice,Dynamic Green,17000,0.1,36000.0,16,576000.0,304000.0
2025-07-11,Friday,1,0,Juicy Juice,Sun Kissed,17000,0.0,40000.0,25,1000000.0,575000.0
2025-07-12,Saturday,1,0,Freshy Coconut,Coconut Water,8000,0.0,18000.0,98,1764000.0,980000.0
2025-07-12,Saturday,1,0,Freshy Coconut,Kelapa Ijo,9000,0.0,20000.0,63,1260000.0,693000.0
2025-07-12,Saturday,1,0,Nut Milk,Choco Blast,19000,0.0,45000.0,61,2745000.0,1586000.0
2025-07-12,Saturday,1,0,Nut Milk,Vanilla Shake,19000,0.0,45000.0,21,945000.0,546000.0
2025-07-12,Saturday,1,0,Juicy Juice,Tropical Vibes,17000,0.1,36000.0,41,1476000.0,779000.0
2025-07-12,Saturday,1,0,Juicy Juice,Dynamic Green,17000,0.0,40000.0,14,560000.0,322000.0
2025-07-12,Saturday,1,0,Juicy Juice,Sun Kissed,17000,0.1,36000.0,32,1152000.0,608000.0
2025-07-13,Sunday,1,0,Freshy Coconut,Coconut Water,8000,0.0,18000.0,99,1782000.0,990000.0
2025-07-13,Sunday,1,0,Freshy Coconut,Kelapa Ijo,9000,0.0,20000.0,63,1260000.0,693000.0
2025-07-13,Sunday,1,0,Nut Milk,Choco Blast,19000,0.2,36000.0,60,2160000.0,1020000.0
2025-07-13,Sunday,1,0,Nut Milk,Vanilla Shake,19000,0.2,36000.0,28,1008000.0,476000.0
2025-07-13,Sunday,1,0,Juicy Juice,Tropical Vibes,17000,0.0,40000.0,38,1520000.0,874000.0
2025-07-13,Sunday,1,0,Juicy Juice,Dynamic Green,17000,0.2,32000.0,25,800000.0,375000.0
2025-07-13,Sunday,1,0,Juicy Juice,Sun Kissed,17000,0.0,40000.0,25,1000000.0,575000.0
2025-07-14,Monday,0,0,Freshy Coconut,Coconut Water,8000,0.0,18000.0,58,1044000.0,580000.0
2025-07-14,Monday,0,0,Freshy Coconut,Kelapa Ijo,9000,0.0,20000.0,44,880000.0,484000.0
2025-07-14,Monday,0,0,Nut Milk,Choco Blast,19000,0.0,45000.0,28,1260000.0,728000.0
2025-07-14,Monday,0,0,Nut Milk,Vanilla Shake,19000,0.0,45000.0,11,495000.0,286000.0
2025-07-14,Monday,0,0,Juicy Juice,Tropical Vibes,17000,0.0,40000.0,23,920000.0,529000.0
2025-07-14,Monday,0,0,Juicy Juice,Dynamic Green,17000,0.1,36000.0,11,396000.0,209000.0
2025-07-14,Monday,0,0,Juicy Juice,Sun Kissed,17000,0.1,36000.0,24,864000.0,456000.0
2025-07-15,Tuesday,0,0,Freshy Coconut,Coconut Water,8000,0.0,18000.0,69,1242000.0,690000.0
2025-07-15,Tuesday,0,0,Freshy Coconut,Kelapa Ijo,9000,0.2,16000.0,57,912000.0,399000.0
2025-07-15,Tuesday,0,0,Nut Milk,Choco Blast,19000,0.0,45000.0,25,1125000.0,650000.0
2025-07-15,Tuesday,0,0,Nut Milk,Vanilla Shake,19000,0.0,45000.0,10,450000.0,260000.0
2025-07-15,Tuesday,0,0,Juicy Juice,Tropical Vibes,17000,0.0,40000.0,19,760000.0,437000.0
2025-07-15,Tuesday,0,0,Juicy Juice,Dynamic Green,17000,0.1,36000.0,11,396000.0,209000.0
2025-07-15,Tuesday,0,0,Juicy Juice,Sun Kissed,17000,0.0,40000.0,17,680000.0,391000.0
2025-07-16,Wednesday,0,0,Freshy Coconut,Coconut Water,8000,0.0,18000.0,68,1224000.0,680000.0
2025-07-16,Wednesday,0,0,Freshy Coconut,Kelapa Ijo,9000,0.0,20000.0,45,900000.0,495000.0
2025-07-16,Wednesday,0,0,Nut Milk,Choco Blast,19000,0.1,40500.0,34,1377000.0,731000.0
2025-07-16,Wednesday,0,0,Nut Milk,Vanilla Shake,19000,0.1,40500.0,13,526500.0,279500.0
2025-07-16,Wednesday,0,0,Juicy Juice,Tropical Vibes,17000,0.0,40000.0,21,840000.0,483000.0
2025-07-16,Wednesday,0,0,Juicy Juice,Dynamic Green,17000,0.2,32000.0,12,384000.0,180000.0
2025-07-16,Wednesday,0,0,Juicy Juice,Sun Kissed,17000,0.1,36000.0,23,828000.0,437000.0
2025-07-17,Thursday,0,0,Freshy Coconut,Coconut Water,8000,0.2,14400.0,100,1440000.0,640000.0
2025-07-17,Thursday,0,0,Freshy Coconut,Kelapa Ijo,9000,0.0,20000.0,44,880000.0,484000.0
2025-07-17,Thursday,0,0,Nut Milk,Choco Blast,19000,0.0,45000.0,33,1485000.0,858000.0
2025-07-17,Thursday,0,0,Nut Milk,Vanilla Shake,19000,0.1,40500.0,16,648000.0,344000.0
2025-07-17,Thursday,0,0,Juicy Juice,Tropical Vibes,17000,0.0,40000.0,20,800000.0,460000.0
2025-07-17,Thursday,0,0,Juicy Juice,Dynamic Green,17000,0.0,40000.0,12,480000.0,276000.0
2025-07-17,Thursday,0,0,Juicy Juice,Sun Kissed,17000,0.0,40000.0,22,880000.0,506000.0
2025-07-18,Friday,1,0,Freshy Coconut,Coconut Water,8000,0.1,16200.0,114,1846800.0,934800.0
2025-07-18,Friday,1,0,Freshy Coconut,Kelapa Ijo,9000,0.0,20000.0,60,1200000.0,660000.0
2025-07-18,Friday,1,0,Nut Milk,Choco Blast,19000,0.0,45000.0,35,1575000.0,910000.0
2025-07-18,Friday,1,0,Nut Milk,Vanilla Shake,19000,0.1,40500.0,16,648000.0,344000.0
2025-07-18,Friday,1,0,Juicy Juice,Tropical Vibes,17000,0.1,36000.0,34,1224000.0,646000.0
2025-07-18,Friday,1,0,Juicy Juice,Dynamic Green,17000,0.1,36000.0,15,540000.0,285000.0
2025-07-18,Friday,1,0,Juicy Juice,Sun Kissed,17000,0.1,36000.0,23,828000.0,437000.0
2025-07-19,Saturday,1,0,Freshy Coconut,Coconut Water,8000,0.0,18000.0,110,1980000.0,1100000.0
2025-07-19,Saturday,1,0,Freshy Coconut,Kelapa Ijo,9000,0.0,20000.0,71,1420000.0,781000.0
2025-07-19,Saturday,1,0,Nut Milk,Choco Blast,19000,0.0,45000.0,44,1980000.0,1144000.0
2025-07-19,Saturday,1,0,Nut Milk,Vanilla Shake,19000,0.0,45000.0,15,675000.0,390000.0
2025-07-19,Saturday,1,0,Juicy Juice,Tropical Vibes,17000,0.0,40000.0,31,1240000.0,713000.0
2025-07-19,Saturday,1,0,Juicy Juice,Dynamic Green,17000,0.1,36000.0,18,648000.0,342000.0
2025-07-19,Saturday,1,0,Juicy Juice,Sun Kissed,17000,0.1,36000.0,34,1224000.0,646000.0
2025-07-20,Sunday,1,0,Freshy Coconut,Coconut Water,8000,0.1,16200.0,119,1927800.0,975800.0
2025-07-20,Sunday,1,0,Freshy Coconut,Kelapa Ijo,9000,0.1,18000.0,105,1890000.0,945000.0
2025-07-20,Sunday,1,0,Nut Milk,Choco Blast,19000,0.1,40500.0,67,2713500.0,1440500.0
2025-07-20,Sunday,1,0,Nut Milk,Vanilla Shake,19000,0.0,45000.0,20,900000.0,520000.0
2025-07-20,Sunday,1,0,Juicy Juice,Tropical Vibes,17000,0.1,36000.0,37,1332000.0,703000.0
2025-07-20,Sunday,1,0,Juicy Juice,Dynamic Green,17000,0.0,40000.0,15,600000.0,345000.0
2025-07-20,Sunday,1,0,Juicy Juice,Sun Kissed,17000,0.2,32000.0,36,1152000.0,540000.0
2025-07-21,Monday,0,0,Freshy Coconut,Coconut Water,8000,0.0,18000.0,62,1116000.0,620000.0
2025-07-21,Monday,0,0,Freshy Coconut,Kelapa Ijo,9000,0.2,16000.0,69,1104000.0,483000.0
2025-07-21,Monday,0,0,Nut Milk,Choco Blast,19000,0.0,45000.0,29,1305000.0,754000.0
2025-07-21,Monday,0,0,Nut Milk,Vanilla Shake,19000,0.0,45000.0,14,630000.0,364000.0
2025-07-21,Monday,0,0,Juicy Juice,Tropical Vibes,17000,0.1,36000.0,22,792000.0,418000.0
2025-07-21,Monday,0,0,Juicy Juice,Dynamic Green,17000,0.1,36000.0,10,360000.0,190000.0
2025-07-21,Monday,0,0,Juicy Juice,Sun Kissed,17000,0.0,40000.0,16,640000.0,368000.0
2025-07-22,Tuesday,0,0,Freshy Coconut,Coconut Water,8000,0.2,14400.0,75,1080000.0,480000.0
2025-07-22,Tuesday,0,0,Freshy Coconut,Kelapa Ijo,9000,0.1,18000.0,46,828000.0,414000.0
2025-07-22,Tuesday,0,0,Nut Milk,Choco Blast,19000,0.0,45000.0,24,1080000.0,624000.0
2025-07-22,Tuesday,0,0,Nut Milk,Vanilla Shake,19000,0.2,36000.0,15,540000.0,255000.0
2025-07-22,Tuesday,0,0,Juicy Juice,Tropical Vibes,17000,0.0,40000.0,21,840000.0,483000.0
2025-07-22,Tuesday,0,0,Juicy Juice,Dynamic Green,17000,0.2,32000.0,12,384000.0,180000.0
2025-07-22,Tuesday,0,0,Juicy Juice,Sun Kissed,17000,0.2,32000.0,25,800000.0,375000.0
2025-07-23,Wednesday,0,0,Freshy Coconut,Coconut Water,8000,0.1,16200.0,84,1360800.0,688800.0
2025-07-23,Wednesday,0,0,Freshy Coconut,Kelapa Ijo,9000,0.0,20000.0,47,940000.0,517000.0
2025-07-23,Wednesday,0,0,Nut Milk,Choco Blast,19000,0.0,45000.0,26,1170000.0,676000.0
2025-07-23,Wednesday,0,0,Nut Milk,Vanilla Shake,19000,0.0,45000.0,11,495000.0,286000.0
2025-07-23,Wednesday,0,0,Juicy Juice,Tropical Vibes,17000,0.0,40000.0,16,640000.0,368000.0
2025-07-23,Wednesday,0,0,Juicy Juice,Dynamic Green,17000,0.0,40000.0,9,360000.0,207000.0
2025-07-23,Wednesday,0,0,Juicy Juice,Sun Kissed,17000,0.0,40000.0,17,680000.0,391000.0
2025-07-24,Thursday,0,0,Freshy Coconut,Coconut Water,8000,0.0,18000.0,56,1008000.0,560000.0
2025-07-24,Thursday,0,0,Freshy Coconut,Kelapa Ijo,9000,0.0,20000.0,44,880000.0,484000.0
2025-07-24,Thursday,0,0,Nut Milk,Choco Blast,19000,0.0,45000.0,35,1575000.0,910000.0
2025-07-24,Thursday,0,0,Nut Milk,Vanilla Shake,19000,0.2,36000.0,19,684000.0,323000.0
2025-07-24,Thursday,0,0,Juicy Juice,Tropical Vibes,17000,0.2,32000.0,25,800000.0,375000.0
2025-07-24,Thursday,0,0,Juicy Juice,Dynamic Green,17000,0.0,40000.0,11,440000.0,253000.0
2025-07-24,Thursday,0,0,Juicy Juice,Sun Kissed,17000,0.0,40000.0,18,720000.0,414000.0
2025-07-25,Friday,1,0,Freshy Coconut,Coconut Water,8000,0.1,16200.0,111,1798200.0,910200.0
2025-07-25,Friday,1,0,Freshy Coconut,Kelapa Ijo,9000,0.0,20000.0,58,1160000.0,638000.0
2025-07-25,Friday,1,0,Nut Milk,Choco Blast,19000,0.0,45000.0,39,1755000.0,1014000.0
2025-07-25,Friday,1,0,Nut Milk,Vanilla Shake,19000,0.0,45000.0,14,630000.0,364000.0
2025-07-25,Friday,1,0,Juicy Juice,Tropical Vibes,17000,0.1,36000.0,28,1008000.0,532000.0
2025-07-25,Friday,1,0,Juicy Juice,Dynamic Green,17000,0.0,40000.0,12,480000.0,276000.0
2025-07-25,Friday,1,0,Juicy Juice,Sun Kissed,17000,0.0,40000.0,22,880000.0,506000.0
2025-07-26,Saturday,1,1,Freshy Coconut,Coconut Water,8000,0.0,18000.0,127,2286000.0,1270000.0
2025-07-26,Saturday,1,1,Freshy Coconut,Kelapa Ijo,9000,0.0,20000.0,99,1980000.0,1089000.0
2025-07-26,Saturday,1,1,Nut Milk,Choco Blast,19000,0.1,40500.0,75,3037500.0,1612500.0
2025-07-26,Saturday,1,1,Nut Milk,Vanilla Shake,19000,0.2,36000.0,29,1044000.0,493000.0
2025-07-26,Saturday,1,1,Juicy Juice,Tropical Vibes,17000,0.0,40000.0,45,1800000.0,1035000.0
2025-07-26,Saturday,1,1,Juicy Juice,Dynamic Green,17000,0.2,32000.0,26,832000.0,390000.0
2025-07-26,Saturday,1,1,Juicy Juice,Sun Kissed,17000,0.0,40000.0,38,1520000.0,874000.0
2025-07-27,Sunday,1,1,Freshy Coconut,Coconut Water,8000,0.2,14400.0,204,2937600.0,1305600.0
2025-07-27,Sunday,1,1,Freshy Coconut,Kelapa Ijo,9000,0.0,20000.0,115,2300000.0,1265000.0
2025-07-27,Sunday,1,1,Nut Milk,Choco Blast,19000,0.0,45000.0,74,3330000.0,1924000.0
2025-07-27,Sunday,1,1,Nut Milk,Vanilla Shake,19000,0.0,45000.0,26,1170000.0,676000.0
2025-07-27,Sunday,1,1,Juicy Juice,Tropical Vibes,17000,0.0,40000.0,49,1960000.0,1127000.0
2025-07-27,Sunday,1,1,Juicy Juice,Dynamic Green,17000,0.1,36000.0,33,1188000.0,627000.0
2025-07-27,Sunday,1,1,Juicy Juice,Sun Kissed,17000,0.0,40000.0,32,1280000.0,736000.0
2025-07-28,Monday,0,1,Freshy Coconut,Coconut Water,8000,0.1,16200.0,108,1749600.0,885600.0
2025-07-28,Monday,0,1,Freshy Coconut,Kelapa Ijo,9000,0.0,20000.0,65,1300000.0,715000.0
2025-07-28,Monday,0,1,Nut Milk,Choco Blast,19000,0.0,45000.0,42,1890000.0,1092000.0
2025-07-28,Monday,0,1,Nut Milk,Vanilla Shake,19000,0.0,45000.0,15,675000.0,390000.0
2025-07-28,Monday,0,1,Juicy Juice,Tropical Vibes,17000,0.2,32000.0,42,1344000.0,630000.0
2025-07-28,Monday,0,1,Juicy Juice,Dynamic Green,17000,0.1,36000.0,17,612000.0,323000.0
2025-07-28,Monday,0,1,Juicy Juice,Sun Kissed,17000,0.0,40000.0,27,1080000.0,621000.0
2025-07-29,Tuesday,0,1,Freshy Coconut,Coconut Water,8000,0.0,18000.0,78,1404000.0,780000.0
2025-07-29,Tuesday,0,1,Freshy Coconut,Kelapa Ijo,9000,0.2,16000.0,88,1408000.0,616000.0
2025-07-29,Tuesday,0,1,Nut Milk,Choco Blast,19000,0.0,45000.0,38,1710000.0,988000.0
2025-07-29,Tuesday,0,1,Nut Milk,Vanilla Shake,19000,0.0,45000.0,14,630000.0,364000.0
2025-07-29,Tuesday,0,1,Juicy Juice,Tropical Vibes,17000,0.1,36000.0,28,1008000.0,532000.0
2025-07-29,Tuesday,0,1,Juicy Juice,Dynamic Green,17000,0.1,36000.0,14,504000.0,266000.0
2025-07-29,Tuesday,0,1,Juicy Juice,Sun Kissed,17000,0.0,40000.0,22,880000.0,506000.0
2025-07-30,Wednesday,0,1,Freshy Coconut,Coconut Water,8000,0.1,16200.0,93,1506600.0,762600.0
2025-07-30,Wednesday,0,1,Freshy Coconut,Kelapa Ijo,9000,0.0,20000.0,57,1140000.0,627000.0
2025-07-30,Wednesday,0,1,Nut Milk,Choco Blast,19000,0.0,45000.0,40,1800000.0,1040000.0
2025-07-30,Wednesday,0,1,Nut Milk,Vanilla Shake,19000,0.0,45000.0,17,765000.0,442000.0
2025-07-30,Wednesday,0,1,Juicy Juice,Tropical Vibes,17000,0.2,32000.0,35,1120000.0,525000.0
2025-07-30,Wednesday,0,1,Juicy Juice,Dynamic Green,17000,0.1,36000.0,13,468000.0,247000.0
2025-07-30,Wednesday,0,1,Juicy Juice,Sun Kissed,17000,0.0,40000.0,21,840000.0,483000.0
2025-07-31,Thursday,0,1,Freshy Coconut,Coconut Water,8000,0.0,18000.0,91,1638000.0,910000.0
2025-07-31,Thursday,0,1,Freshy Coconut,Kelapa Ijo,9000,0.2,16000.0,98,1568000.0,686000.0
2025-07-31,Thursday,0,1,Nut Milk,Choco Blast,19000,0.1,40500.0,59,2389500.0,1268500.0
2025-07-31,Thursday,0,1,Nut Milk,Vanilla Shake,19000,0.0,45000.0,18,810000.0,468000.0
2025-07-31,Thursday,0,1,Juicy Juice,Tropical Vibes,17000,0.0,40000.0,27,1080000.0,621000.0
2025-07-31,Thursday,0,1,Juicy Juice,Dynamic Green,17000,0.1,36000.0,16,576000.0,304000.0
2025-07-31,Thursday,0,1,Juicy Juice,Sun Kissed,17000,0.0,40000.0,30,1200000.0,690000.0
2025-08-01,Friday,1,1,Freshy Coconut,Coconut Water,8000,0.0,18000.0,97,1746000.0,970000.0
2025-08-01,Friday,1,1,Freshy Coconut,Kelapa Ijo,9000,0.0,20000.0,81,1620000.0,891000.0
2025-08-01,Friday,1,1,Nut Milk,Choco Blast,19000,0.0,45000.0,48,2160000.0,1248000.0
2025-08-01,Friday,1,1,Nut Milk,Vanilla Shake,19000,0.0,45000.0,23,1035000.0,598000.0
2025-08-01,Friday,1,1,Juicy Juice,Tropical Vibes,17000,0.0,40000.0,37,1480000.0,851000.0
2025-08-01,Friday,1,1,Juicy Juice,Dynamic Green,17000,0.1,36000.0,19,684000.0,361000.0
2025-08-01,Friday,1,1,Juicy Juice,Sun Kissed,17000,0.1,36000.0,42,1512000.0,798000.0
2025-08-02,Saturday,1,1,Freshy Coconut,Coconut Water,8000,0.0,18000.0,137,2466000.0,1370000.0
2025-08-02,Saturday,1,1,Freshy Coconut,Kelapa Ijo,9000,0.2,16000.0,117,1872000.0,819000.0
2025-08-02,Saturday,1,1,Nut Milk,Choco Blast,19000,0.0,45000.0,56,2520000.0,1456000.0
2025-08-02,Saturday,1,1,Nut Milk,Vanilla Shake,19000,0.2,36000.0,35,1260000.0,595000.0
2025-08-02,Saturday,1,1,Juicy Juice,Tropical Vibes,17000,0.0,40000.0,34,1360000.0,782000.0
2025-08-02,Saturday,1,1,Juicy Juice,Dynamic Green,17000,0.0,40000.0,18,720000.0,414000.0
2025-08-02,Saturday,1,1,Juicy Juice,Sun Kissed,17000,0.0,40000.0,40,1600000.0,920000.0
2025-08-03,Sunday,1,1,Freshy Coconut,Coconut Water,8000,0.0,18000.0,146,2628000.0,1460000.0
2025-08-03,Sunday,1,1,Freshy Coconut,Kelapa Ijo,9000,0.1,18000.0,104,1872000.0,936000.0
2025-08-03,Sunday,1,1,Nut Milk,Choco Blast,19000,0.1,40500.0,83,3361500.0,1784500.0
2025-08-03,Sunday,1,1,Nut Milk,Vanilla Shake,19000,0.0,45000.0,30,1350000.0,780000.0
2025-08-03,Sunday,1,1,Juicy Juice,Tropical Vibes,17000,0.1,36000.0,49,1764000.0,931000.0
2025-08-03,Sunday,1,1,Juicy Juice,Dynamic Green,17000,0.0,40000.0,24,960000.0,552000.0
2025-08-03,Sunday,1,1,Juicy Juice,Sun Kissed,17000,0.0,40000.0,42,1680000.0,966000.0
2025-08-04,Monday,0,1,Freshy Coconut,Coconut Water,8000,0.0,18000.0,90,1620000.0,900000.0
2025-08-04,Monday,0,1,Freshy Coconut,Kelapa Ijo,9000,0.0,20000.0,70,1400000.0,770000.0
2025-08-04,Monday,0,1,Nut Milk,Choco Blast,19000,0.0,45000.0,51,2295000.0,1326000.0
2025-08-04,Monday,0,1,Nut Milk,Vanilla Shake,19000,0.0,45000.0,16,720000.0,416000.0
2025-08-04,Monday,0,1,Juicy Juice,Tropical Vibes,17000,0.2,32000.0,44,1408000.0,660000.0
2025-08-04,Monday,0,1,Juicy Juice,Dynamic Green,17000,0.2,32000.0,21,672000.0,315000.0
2025-08-04,Monday,0,1,Juicy Juice,Sun Kissed,17000,0.0,40000.0,24,960000.0,552000.0
2025-08-05,Tuesday,0,1,Freshy Coconut,Coconut Water,8000,0.0,18000.0,83,1494000.0,830000.0
2025-08-05,Tuesday,0,1,Freshy Coconut,Kelapa Ijo,9000,0.0,20000.0,58,1160000.0,638000.0
2025-08-05,Tuesday,0,1,Nut Milk,Choco Blast,19000,0.2,36000.0,64,2304000.0,1088000.0
2025-08-05,Tuesday,0,1,Nut Milk,Vanilla Shake,19000,0.0,45000.0,15,675000.0,390000.0
2025-08-05,Tuesday,0,1,Juicy Juice,Tropical Vibes,17000,0.0,40000.0,22,880000.0,506000.0
2025-08-05,Tuesday,0,1,Juicy Juice,Dynamic Green,17000,0.0,40000.0,10,400000.0,230000.0
2025-08-05,Tuesday,0,1,Juicy Juice,Sun Kissed,17000,0.0,40000.0,26,1040000.0,598000.0
2025-08-06,Wednesday,0,0,Freshy Coconut,Coconut Water,8000,0.0,18000.0,57,1026000.0,570000.0
2025-08-06,Wednesday,0,0,Freshy Coconut,Kelapa Ijo,9000,0.1,18000.0,49,882000.0,441000.0
2025-08-06,Wednesday,0,0,Nut Milk,Choco Blast,19000,0.0,45000.0,25,1125000.0,650000.0
2025-08-06,Wednesday,0,0,Nut Milk,Vanilla Shake,19000,0.0,45000.0,12,540000.0,312000.0
2025-08-06,Wednesday,0,0,Juicy Juice,Tropical Vibes,17000,0.2,32000.0,23,736000.0,345000.0
2025-08-06,Wednesday,0,0,Juicy Juice,Dynamic Green,17000,0.2,32000.0,12,384000.0,180000.0
2025-08-06,Wednesday,0,0,Juicy Juice,Sun Kissed,17000,0.0,40000.0,15,600000.0,345000.0
2025-08-07,Thursday,0,0,Freshy Coconut,Coconut Water,8000,0.0,18000.0,56,1008000.0,560000.0
2025-08-07,Thursday,0,0,Freshy Coconut,Kelapa Ijo,9000,0.1,18000.0,63,1134000.0,567000.0
2025-08-07,Thursday,0,0,Nut Milk,Choco Blast,19000,0.0,45000.0,29,1305000.0,754000.0
2025-08-07,Thursday,0,0,Nut Milk,Vanilla Shake,19000,0.1,40500.0,15,607500.0,322500.0
2025-08-07,Thursday,0,0,Juicy Juice,Tropical Vibes,17000,0.1,36000.0,27,972000.0,513000.0
2025-08-07,Thursday,0,0,Juicy Juice,Dynamic Green,17000,0.0,40000.0,10,400000.0,230000.0
2025-08-07,Thursday,0,0,Juicy Juice,Sun Kissed,17000,0.0,40000.0,18,720000.0,414000.0
2025-08-08,Friday,1,0,Freshy Coconut,Coconut Water,8000,0.0,18000.0,78,1404000.0,780000.0
2025-08-08,Friday,1,0,Freshy Coconut,Kelapa Ijo,9000,0.0,20000.0,49,980000.0,539000.0
2025-08-08,Friday,1,0,Nut Milk,Choco Blast,19000,0.1,40500.0,42,1701000.0,903000.0
2025-08-08,Friday,1,0,Nut Milk,Vanilla Shake,19000,0.2,36000.0,19,684000.0,323000.0
2025-08-08,Friday,1,0,Juicy Juice,Tropical Vibes,17000,0.2,32000.0,34,1088000.0,510000.0
2025-08-08,Friday,1,0,Juicy Juice,Dynamic Green,17000,0.0,40000.0,14,560000.0,322000.0
2025-08-08,Friday,1,0,Juicy Juice,Sun Kissed,17000,0.0,40000.0,21,840000.0,483000.0
2025-08-09,Saturday,1,0,Freshy Coconut,Coconut Water,8000,0.0,18000.0,102,1836000.0,1020000.0
2025-08-09,Saturday,1,0,Freshy Coconut,Kelapa Ijo,9000,0.1,18000.0,81,1458000.0,729000.0
2025-08-09,Saturday,1,0,Nut Milk,Choco Blast,19000,0.0,45000.0,44,1980000.0,1144000.0
2025-08-09,Saturday,1,0,Nut Milk,Vanilla Shake,19000,0.0,45000.0,17,765000.0,442000.0
2025-08-09,Saturday,1,0,Juicy Juice,Tropical Vibes,17000,0.0,40000.0,39,1560000.0,897000.0
2025-08-09,Saturday,1,0,Juicy Juice,Dynamic Green,17000,0.0,40000.0,13,520000.0,299000.0
2025-08-09,Saturday,1,0,Juicy Juice,Sun Kissed,17000,0.0,40000.0,31,1240000.0,713000.0
2025-08-10,Sunday,1,0,Freshy Coconut,Coconut Water,8000,0.0,18000.0,106,1908000.0,1060000.0
2025-08-10,Sunday,1,0,Freshy Coconut,Kelapa Ijo,9000,0.1,18000.0,88,1584000.0,792000.0
2025-08-10,Sunday,1,0,Nut Milk,Choco Blast,19000,0.0,45000.0,51,2295000.0,1326000.0
2025-08-10,Sunday,1,0,Nut Milk,Vanilla Shake,19000,0.0,45000.0,23,1035000.0,598000.0
2025-08-10,Sunday,1,0,Juicy Juice,Tropical Vibes,17000,0.1,36000.0,41,1476000.0,779000.0
2025-08-10,Sunday,1,0,Juicy Juice,Dynamic Green,17000,0.0,40000.0,14,560000.0,322000.0
2025-08-10,Sunday,1,0,Juicy Juice,Sun Kissed,17000,0.1,36000.0,27,972000.0,513000.0
2025-08-11,Monday,0,0,Freshy Coconut,Coconut Water,8000,0.0,18000.0,70,1260000.0,700000.0
2025-08-11,Monday,0,0,Freshy Coconut,Kelapa Ijo,9000,0.0,20000.0,48,960000.0,528000.0
2025-08-11,Monday,0,0,Nut Milk,Choco Blast,19000,0.1,40500.0,34,1377000.0,731000.0
2025-08-11,Monday,0,0,Nut Milk,Vanilla Shake,19000,0.1,40500.0,15,607500.0,322500.0
2025-08-11,Monday,0,0,Juicy Juice,Tropical Vibes,17000,0.0,40000.0,22,880000.0,506000.0
2025-08-11,Monday,0,0,Juicy Juice,Dynamic Green,17000,0.0,40000.0,11,440000.0,253000.0
2025-08-11,Monday,0,0,Juicy Juice,Sun Kissed,17000,0.2,32000.0,22,704000.0,330000.0
2025-08-12,Tuesday,0,0,Freshy Coconut,Coconut Water,8000,0.1,16200.0,70,1134000.0,574000.0
2025-08-12,Tuesday,0,0,Freshy Coconut,Kelapa Ijo,9000,0.1,18000.0,53,954000.0,477000.0
2025-08-12,Tuesday,0,0,Nut Milk,Choco Blast,19000,0.0,45000.0,26,1170000.0,676000.0
2025-08-12,Tuesday,0,0,Nut Milk,Vanilla Shake,19000,0.0,45000.0,10,450000.0,260000.0
2025-08-12,Tuesday,0,0,Juicy Juice,Tropical Vibes,17000,0.0,40000.0,20,800000.0,460000.0
2025-08-12,Tuesday,0,0,Juicy Juice,Dynamic Green,17000,0.0,40000.0,9,360000.0,207000.0
2025-08-12,Tuesday,0,0,Juicy Juice,Sun Kissed,17000,0.2,32000.0,23,736000.0,345000.0
2025-08-13,Wednesday,0,0,Freshy Coconut,Coconut Water,8000,0.0,18000.0,62,1116000.0,620000.0
2025-08-13,Wednesday,0,0,Freshy Coconut,Kelapa Ijo,9000,0.0,20000.0,48,960000.0,528000.0
2025-08-13,Wednesday,0,0,Nut Milk,Choco Blast,19000,0.1,40500.0,31,1255500.0,666500.0
2025-08-13,Wednesday,0,0,Nut Milk,Vanilla Shake,19000,0.0,45000.0,11,495000.0,286000.0
2025-08-13,Wednesday,0,0,Juicy Juice,Tropical Vibes,17000,0.1,36000.0,25,900000.0,475000.0
2025-08-13,Wednesday,0,0,Juicy Juice,Dynamic Green,17000,0.2,32000.0,15,480000.0,225000.0
2025-08-13,Wednesday,0,0,Juicy Juice,Sun Kissed,17000,0.0,40000.0,20,800000.0,460000.0
2025-08-14,Thursday,0,0,Freshy Coconut,Coconut Water,8000,0.1,16200.0,89,1441800.0,729800.0
2025-08-14,Thursday,0,0,Freshy Coconut,Kelapa Ijo,9000,0.1,18000.0,55,990000.0,495000.0
2025-08-14,Thursday,0,0,Nut Milk,Choco Blast,19000,0.1,40500.0,35,1417500.0,752500.0
2025-08-14,Thursday,0,0,Nut Milk,Vanilla Shake,19000,0.0,45000.0,13,585000.0,338000.0
2025-08-14,Thursday,0,0,Juicy Juice,Tropical Vibes,17000,0.0,40000.0,23,920000.0,529000.0
2025-08-14,Thursday,0,0,Juicy Juice,Dynamic Green,17000,0.0,40000.0,9,360000.0,207000.0
2025-08-14,Thursday,0,0,Juicy Juice,Sun Kissed,17000,0.0,40000.0,17,680000.0,391000.0
2025-08-15,Friday,1,0,Freshy Coconut,Coconut Water,8000,0.0,18000.0,73,1314000.0,730000.0
2025-08-15,Friday,1,0,Freshy Coconut,Kelapa Ijo,9000,0.0,20000.0,64,1280000.0,704000.0
2025-08-15,Friday,1,0,Nut Milk,Choco Blast,19000,0.0,45000.0,40,1800000.0,1040000.0
2025-08-15,Friday,1,0,Nut Milk,Vanilla Shake,19000,0.0,45000.0,15,675000.0,390000.0
2025-08-15,Friday,1,0,Juicy Juice,Tropical Vibes,17000,0.0,40000.0,22,880000.0,506000.0
2025-08-15,Friday,1,0,Juicy Juice,Dynamic Green,17000,0.0,40000.0,13,520000.0,299000.0
2025-08-15,Friday,1,0,Juicy Juice,Sun Kissed,17000,0.0,40000.0,20,800000.0,460000.0
2025-08-16,Saturday,1,0,Freshy Coconut,Coconut Water,8000,0.0,18000.0,102,1836000.0,1020000.0
2025-08-16,Saturday,1,0,Freshy Coconut,Kelapa Ijo,9000,0.2,16000.0,106,1696000.0,742000.0
2025-08-16,Saturday,1,0,Nut Milk,Choco Blast,19000,0.0,45000.0,43,1935000.0,1118000.0
2025-08-16,Saturday,1,0,Nut Milk,Vanilla Shake,19000,0.0,45000.0,19,855000.0,494000.0
2025-08-16,Saturday,1,0,Juicy Juice,Tropical Vibes,17000,0.0,40000.0,30,1200000.0,690000.0
2025-08-16,Saturday,1,0,Juicy Juice,Dynamic Green,17000,0.0,40000.0,13,520000.0,299000.0
2025-08-16,Saturday,1,0,Juicy Juice,Sun Kissed,17000,0.1,36000.0,29,1044000.0,551000.0
2025-08-17,Sunday,1,0,Freshy Coconut,Coconut Water,8000,0.0,18000.0,114,2052000.0,1140000.0
2025-08-17,Sunday,1,0,Freshy Coconut,Kelapa Ijo,9000,0.0,20000.0,70,1400000.0,770000.0
2025-08-17,Sunday,1,0,Nut Milk,Choco Blast,19000,0.0,45000.0,45,2025000.0,1170000.0
2025-08-17,Sunday,1,0,Nut Milk,Vanilla Shake,19000,0.2,36000.0,23,828000.0,391000.0
2025-08-17,Sunday,1,0,Juicy Juice,Tropical Vibes,17000,0.0,40000.0,32,1280000.0,736000.0
2025-08-17,Sunday,1,0,Juicy Juice,Dynamic Green,17000,0.1,36000.0,17,612000.0,323000.0
2025-08-17,Sunday,1,0,Juicy Juice,Sun Kissed,17000,0.1,36000.0,36,1296000.0,684000.0
2025-08-18,Monday,0,0,Freshy Coconut,Coconut Water,8000,0.0,18000.0,56,1008000.0,560000.0
2025-08-18,Monday,0,0,Freshy Coconut,Kelapa Ijo,9000,0.0,20000.0,48,960000.0,528000.0
2025-08-18,Monday,0,0,Nut Milk,Choco Blast,19000,0.1,40500.0,36,1458000.0,774000.0
2025-08-18,Monday,0,0,Nut Milk,Vanilla Shake,19000,0.0,45000.0,13,585000.0,338000.0
2025-08-18,Monday,0,0,Juicy Juice,Tropical Vibes,17000,0.0,40000.0,18,720000.0,414000.0
2025-08-18,Monday,0,0,Juicy Juice,Dynamic Green,17000,0.1,36000.0,12,432000.0,228000.0
2025-08-18,Monday,0,0,Juicy Juice,Sun Kissed,17000,0.0,40000.0,17,680000.0,391000.0
2025-08-19,Tuesday,0,0,Freshy Coconut,Coconut Water,8000,0.0,18000.0,59,1062000.0,590000.0
2025-08-19,Tuesday,0,0,Freshy Coconut,Kelapa Ijo,9000,0.0,20000.0,35,700000.0,385000.0
2025-08-19,Tuesday,0,0,Nut Milk,Choco Blast,19000,0.1,40500.0,29,1174500.0,623500.0
2025-08-19,Tuesday,0,0,Nut Milk,Vanilla Shake,19000,0.1,40500.0,14,567000.0,301000.0
2025-08-19,Tuesday,0,0,Juicy Juice,Tropical Vibes,17000,0.0,40000.0,19,760000.0,437000.0
2025-08-19,Tuesday,0,0,Juicy Juice,Dynamic Green,17000,0.0,40000.0,9,360000.0,207000.0
2025-08-19,Tuesday,0,0,Juicy Juice,Sun Kissed,17000,0.2,32000.0,19,608000.0,285000.0
2025-08-20,Wednesday,0,0,Freshy Coconut,Coconut Water,8000,0.0,18000.0,59,1062000.0,590000.0
2025-08-20,Wednesday,0,0,Freshy Coconut,Kelapa Ijo,9000,0.1,18000.0,53,954000.0,477000.0
2025-08-20,Wednesday,0,0,Nut Milk,Choco Blast,19000,0.0,45000.0,26,1170000.0,676000.0
2025-08-20,Wednesday,0,0,Nut Milk,Vanilla Shake,19000,0.0,45000.0,12,540000.0,312000.0
2025-08-20,Wednesday,0,0,Juicy Juice,Tropical Vibes,17000,0.1,36000.0,16,576000.0,304000.0
2025-08-20,Wednesday,0,0,Juicy Juice,Dynamic Green,17000,0.0,40000.0,10,400000.0,230000.0
2025-08-20,Wednesday,0,0,Juicy Juice,Sun Kissed,17000,0.2,32000.0,24,768000.0,360000.0
2025-08-21,Thursday,0,0,Freshy Coconut,Coconut Water,8000,0.0,18000.0,68,1224000.0,680000.0
2025-08-21,Thursday,0,0,Freshy Coconut,Kelapa Ijo,9000,0.1,18000.0,57,1026000.0,513000.0
2025-08-21,Thursday,0,0,Nut Milk,Choco Blast,19000,0.1,40500.0,43,1741500.0,924500.0
2025-08-21,Thursday,0,0,Nut Milk,Vanilla Shake,19000,0.2,36000.0,17,612000.0,289000.0
2025-08-21,Thursday,0,0,Juicy Juice,Tropical Vibes,17000,0.0,40000.0,23,920000.0,529000.0
2025-08-21,Thursday,0,0,Juicy Juice,Dynamic Green,17000,0.2,32000.0,13,416000.0,195000.0
2025-08-21,Thursday,0,0,Juicy Juice,Sun Kissed,17000,0.0,40000.0,20,800000.0,460000.0
2025-08-22,Friday,1,0,Freshy Coconut,Coconut Water,8000,0.1,16200.0,108,1749600.0,885600.0
2025-08-22,Friday,1,0,Freshy Coconut,Kelapa Ijo,9000,0.0,20000.0,58,1160000.0,638000.0
2025-08-22,Friday,1,0,Nut Milk,Choco Blast,19000,0.0,45000.0,41,1845000.0,1066000.0
2025-08-22,Friday,1,0,Nut Milk,Vanilla Shake,19000,0.0,45000.0,15,675000.0,390000.0
2025-08-22,Friday,1,0,Juicy Juice,Tropical Vibes,17000,0.0,40000.0,25,1000000.0,575000.0
2025-08-22,Friday,1,0,Juicy Juice,Dynamic Green,17000,0.0,40000.0,14,560000.0,322000.0
2025-08-22,Friday,1,0,Juicy Juice,Sun Kissed,17000,0.2,32000.0,31,992000.0,465000.0
2025-08-23,Saturday,1,0,Freshy Coconut,Coconut Water,8000,0.1,16200.0,115,1863000.0,943000.0
2025-08-23,Saturday,1,0,Freshy Coconut,Kelapa Ijo,9000,0.2,16000.0,93,1488000.0,651000.0
2025-08-23,Saturday,1,0,Nut Milk,Choco Blast,19000,0.0,45000.0,45,2025000.0,1170000.0
2025-08-23,Saturday,1,0,Nut Milk,Vanilla Shake,19000,0.0,45000.0,17,765000.0,442000.0
2025-08-23,Saturday,1,0,Juicy Juice,Tropical Vibes,17000,0.1,36000.0,34,1224000.0,646000.0
2025-08-23,Saturday,1,0,Juicy Juice,Dynamic Green,17000,0.0,40000.0,16,640000.0,368000.0
2025-08-23,Saturday,1,0,Juicy Juice,Sun Kissed,17000,0.1,36000.0,34,1224000.0,646000.0
2025-08-24,Sunday,1,0,Freshy Coconut,Coconut Water,8000,0.2,14400.0,157,2260800.0,1004800.0
2025-08-24,Sunday,1,0,Freshy Coconut,Kelapa Ijo,9000,0.0,20000.0,70,1400000.0,770000.0
2025-08-24,Sunday,1,0,Nut Milk,Choco Blast,19000,0.2,36000.0,69,2484000.0,1173000.0
2025-08-24,Sunday,1,0,Nut Milk,Vanilla Shake,19000,0.2,36000.0,26,936000.0,442000.0
2025-08-24,Sunday,1,0,Juicy Juice,Tropical Vibes,17000,0.0,40000.0,26,1040000.0,598000.0
2025-08-24,Sunday,1,0,Juicy Juice,Dynamic Green,17000,0.0,40000.0,15,600000.0,345000.0
2025-08-24,Sunday,1,0,Juicy Juice,Sun Kissed,17000,0.1,36000.0,38,1368000.0,722000.0
2025-08-25,Monday,0,0,Freshy Coconut,Coconut Water,8000,0.1,16200.0,80,1296000.0,656000.0
2025-08-25,Monday,0,0,Freshy Coconut,Kelapa Ijo,9000,0.1,18000.0,45,810000.0,405000.0
2025-08-25,Monday,0,0,Nut Milk,Choco Blast,19000,0.2,36000.0,41,1476000.0,697000.0
2025-08-25,Monday,0,0,Nut Milk,Vanilla Shake,19000,0.0,45000.0,12,540000.0,312000.0
2025-08-25,Monday,0,0,Juicy Juice,Tropical Vibes,17000,0.0,40000.0,18,720000.0,414000.0
2025-08-25,Monday,0,0,Juicy Juice,Dynamic Green,17000,0.1,36000.0,11,396000.0,209000.0
2025-08-25,Monday,0,0,Juicy Juice,Sun Kissed,17000,0.0,40000.0,21,840000.0,483000.0
2025-08-26,Tuesday,0,1,Freshy Coconut,Coconut Water,8000,0.1,16200.0,92,1490400.0,754400.0
2025-08-26,Tuesday,0,1,Freshy Coconut,Kelapa Ijo,9000,0.0,20000.0,54,1080000.0,594000.0
2025-08-26,Tuesday,0,1,Nut Milk,Choco Blast,19000,0.0,45000.0,45,2025000.0,1170000.0
2025-08-26,Tuesday,0,1,Nut Milk,Vanilla Shake,19000,0.1,40500.0,16,648000.0,344000.0
2025-08-26,Tuesday,0,1,Juicy Juice,Tropical Vibes,17000,0.1,36000.0,28,1008000.0,532000.0
2025-08-26,Tuesday,0,1,Juicy Juice,Dynamic Green,17000,0.2,32000.0,17,544000.0,255000.0
2025-08-26,Tuesday,0,1,Juicy Juice,Sun Kissed,17000,0.0,40000.0,23,920000.0,529000.0
2025-08-27,Wednesday,0,1,Freshy Coconut,Coconut Water,8000,0.0,18000.0,104,1872000.0,1040000.0
2025-08-27,Wednesday,0,1,Freshy Coconut,Kelapa Ijo,9000,0.2,16000.0,75,1200000.0,525000.0
2025-08-27,Wednesday,0,1,Nut Milk,Choco Blast,19000,0.1,40500.0,42,1701000.0,903000.0
2025-08-27,Wednesday,0,1,Nut Milk,Vanilla Shake,19000,0.1,40500.0,17,688500.0,365500.0
2025-08-27,Wednesday,0,1,Juicy Juice,Tropical Vibes,17000,0.0,40000.0,25,1000000.0,575000.0
2025-08-27,Wednesday,0,1,Juicy Juice,Dynamic Green,17000,0.0,40000.0,13,520000.0,299000.0
2025-08-27,Wednesday,0,1,Juicy Juice,Sun Kissed,17000,0.0,40000.0,22,880000.0,506000.0
2025-08-28,Thursday,0,1,Freshy Coconut,Coconut Water,8000,0.2,14400.0,119,1713600.0,761600.0
2025-08-28,Thursday,0,1,Freshy Coconut,Kelapa Ijo,9000,0.2,16000.0,104,1664000.0,728000.0
2025-08-28,Thursday,0,1,Nut Milk,Choco Blast,19000,0.1,40500.0,60,2430000.0,1290000.0
2025-08-28,Thursday,0,1,Nut Milk,Vanilla Shake,19000,0.0,45000.0,15,675000.0,390000.0
2025-08-28,Thursday,0,1,Juicy Juice,Tropical Vibes,17000,0.2,32000.0,42,1344000.0,630000.0
2025-08-28,Thursday,0,1,Juicy Juice,Dynamic Green,17000,0.0,40000.0,15,600000.0,345000.0
2025-08-28,Thursday,0,1,Juicy Juice,Sun Kissed,17000,0.2,32000.0,35,1120000.0,525000.0
2025-08-29,Friday,1,1,Freshy Coconut,Coconut Water,8000,0.0,18000.0,102,1836000.0,1020000.0
2025-08-29,Friday,1,1,Freshy Coconut,Kelapa Ijo,9000,0.1,18000.0,90,1620000.0,810000.0
2025-08-29,Friday,1,1,Nut Milk,Choco Blast,19000,0.1,40500.0,53,2146500.0,1139500.0
2025-08-29,Friday,1,1,Nut Milk,Vanilla Shake,19000,0.2,36000.0,30,1080000.0,510000.0
2025-08-29,Friday,1,1,Juicy Juice,Tropical Vibes,17000,0.0,40000.0,32,1280000.0,736000.0
2025-08-29,Friday,1,1,Juicy Juice,Dynamic Green,17000,0.1,36000.0,20,720000.0,380000.0
2025-08-29,Friday,1,1,Juicy Juice,Sun Kissed,17000,0.2,32000.0,33,1056000.0,495000.0
2025-08-30,Saturday,1,1,Freshy Coconut,Coconut Water,8000,0.0,18000.0,139,2502000.0,1390000.0
2025-08-30,Saturday,1,1,Freshy Coconut,Kelapa Ijo,9000,0.0,20000.0,92,1840000.0,1012000.0
2025-08-30,Saturday,1,1,Nut Milk,Choco Blast,19000,0.1,40500.0,68,2754000.0,1462000.0
2025-08-30,Saturday,1,1,Nut Milk,Vanilla Shake,19000,0.0,45000.0,25,1125000.0,650000.0
2025-08-30,Saturday,1,1,Juicy Juice,Tropical Vibes,17000,0.0,40000.0,49,1960000.0,1127000.0
2025-08-30,Saturday,1,1,Juicy Juice,Dynamic Green,17000,0.0,40000.0,19,760000.0,437000.0
2025-08-30,Saturday,1,1,Juicy Juice,Sun Kissed,17000,0.0,40000.0,39,1560000.0,897000.0
2025-08-31,Sunday,1,1,Freshy Coconut,Coconut Water,8000,0.0,18000.0,131,2358000.0,1310000.0
2025-08-31,Sunday,1,1,Freshy Coconut,Kelapa Ijo,9000,0.0,20000.0,114,2280000.0,1254000.0
2025-08-31,Sunday,1,1,Nut Milk,Choco Blast,19000,0.0,45000.0,67,3015000.0,1742000.0
2025-08-31,Sunday,1,1,Nut Milk,Vanilla Shake,19000,0.0,45000.0,31,1395000.0,806000.0
2025-08-31,Sunday,1,1,Juicy Juice,Tropical Vibes,17000,0.2,32000.0,59,1888000.0,885000.0
2025-08-31,Sunday,1,1,Juicy Juice,Dynamic Green,17000,0.0,40000.0,24,960000.0,552000.0
2025-08-31,Sunday,1,1,Juicy Juice,Sun Kissed,17000,0.2,32000.0,52,1664000.0,780000.0
2025-09-01,Monday,0,1,Freshy Coconut,Coconut Water,8000,0.1,16200.0,99,1603800.0,811800.0
2025-09-01,Monday,0,1,Freshy Coconut,Kelapa Ijo,9000,0.0,20000.0,62,1240000.0,682000.0
2025-09-01,Monday,0,1,Nut Milk,Choco Blast,19000,0.0,45000.0,39,1755000.0,1014000.0
2025-09-01,Monday,0,1,Nut Milk,Vanilla Shake,19000,0.0,45000.0,17,765000.0,442000.0
2025-09-01,Monday,0,1,Juicy Juice,Tropical Vibes,17000,0.1,36000.0,37,1332000.0,703000.0
2025-09-01,Monday,0,1,Juicy Juice,Dynamic Green,17000,0.2,32000.0,19,608000.0,285000.0
2025-09-01,Monday,0,1,Juicy Juice,Sun Kissed,17000,0.2,32000.0,31,992000.0,465000.0
2025-09-02,Tuesday,0,1,Freshy Coconut,Coconut Water,8000,0.0,18000.0,89,1602000.0,890000.0
2025-09-02,Tuesday,0,1,Freshy Coconut,Kelapa Ijo,9000,0.0,20000.0,63,1260000.0,693000.0
2025-09-02,Tuesday,0,1,Nut Milk,Choco Blast,19000,0.0,45000.0,35,1575000.0,910000.0
2025-09-02,Tuesday,0,1,Nut Milk,Vanilla Shake,19000,0.0,45000.0,17,765000.0,442000.0
2025-09-02,Tuesday,0,1,Juicy Juice,Tropical Vibes,17000,0.2,32000.0,37,1184000.0,555000.0
2025-09-02,Tuesday,0,1,Juicy Juice,Dynamic Green,17000,0.0,40000.0,11,440000.0,253000.0
2025-09-02,Tuesday,0,1,Juicy Juice,Sun Kissed,17000,0.1,36000.0,28,1008000.0,532000.0
2025-09-03,Wednesday,0,1,Freshy Coconut,Coconut Water,8000,0.0,18000.0,91,1638000.0,910000.0
2025-09-03,Wednesday,0,1,Freshy Coconut,Kelapa Ijo,9000,0.1,18000.0,53,954000.0,477000.0
2025-09-03,Wednesday,0,1,Nut Milk,Choco Blast,19000,0.0,45000.0,34,1530000.0,884000.0
2025-09-03,Wednesday,0,1,Nut Milk,Vanilla Shake,19000,0.0,45000.0,17,765000.0,442000.0
2025-09-03,Wednesday,0,1,Juicy Juice,Tropical Vibes,17000,0.0,40000.0,28,1120000.0,644000.0
2025-09-03,Wednesday,0,1,Juicy Juice,Dynamic Green,17000,0.0,40000.0,11,440000.0,253000.0
2025-09-03,Wednesday,0,1,Juicy Juice,Sun Kissed,17000,0.0,40000.0,24,960000.0,552000.0
2025-09-04,Thursday,0,1,Freshy Coconut,Coconut Water,8000,0.1,16200.0,113,1830600.0,926600.0
2025-09-04,Thursday,0,1,Freshy Coconut,Kelapa Ijo,9000,0.0,20000.0,74,1480000.0,814000.0
2025-09-04,Thursday,0,1,Nut Milk,Choco Blast,19000,0.1,40500.0,51,2065500.0,1096500.0
2025-09-04,Thursday,0,1,Nut Milk,Vanilla Shake,19000,0.0,45000.0,19,855000.0,494000.0
2025-09-04,Thursday,0,1,Juicy Juice,Tropical Vibes,17000,0.0,40000.0,28,1120000.0,644000.0
2025-09-04,Thursday,0,1,Juicy Juice,Dynamic Green,17000,0.1,36000.0,16,576000.0,304000.0
2025-09-04,Thursday,0,1,Juicy Juice,Sun Kissed,17000,0.1,36000.0,30,1080000.0,570000.0
2025-09-05,Friday,1,1,Freshy Coconut,Coconut Water,8000,0.0,18000.0,121,2178000.0,1210000.0
2025-09-05,Friday,1,1,Freshy Coconut,Kelapa Ijo,9000,0.2,16000.0,133,2128000.0,931000.0
2025-09-05,Friday,1,1,Nut Milk,Choco Blast,19000,0.2,36000.0,82,2952000.0,1394000.0
2025-09-05,Friday,1,1,Nut Milk,Vanilla Shake,19000,0.0,45000.0,22,990000.0,572000.0
2025-09-05,Friday,1,1,Juicy Juice,Tropical Vibes,17000,0.0,40000.0,35,1400000.0,805000.0
2025-09-05,Friday,1,1,Juicy Juice,Dynamic Green,17000,0.0,40000.0,19,760000.0,437000.0
2025-09-05,Friday,1,1,Juicy Juice,Sun Kissed,17000,0.1,36000.0,32,1152000.0,608000.0
2025-09-06,Saturday,1,0,Freshy Coconut,Coconut Water,8000,0.0,18000.0,85,1530000.0,850000.0
2025-09-06,Saturday,1,0,Freshy Coconut,Kelapa Ijo,9000,0.0,20000.0,72,1440000.0,792000.0
2025-09-06,Saturday,1,0,Nut Milk,Choco Blast,19000,0.1,40500.0,49,1984500.0,1053500.0
2025-09-06,Saturday,1,0,Nut Milk,Vanilla Shake,19000,0.0,45000.0,16,720000.0,416000.0
2025-09-06,Saturday,1,0,Juicy Juice,Tropical Vibes,17000,0.0,40000.0,31,1240000.0,713000.0
2025-09-06,Saturday,1,0,Juicy Juice,Dynamic Green,17000,0.0,40000.0,14,560000.0,322000.0
2025-09-06,Saturday,1,0,Juicy Juice,Sun Kissed,17000,0.1,36000.0,28,1008000.0,532000.0
2025-09-07,Sunday,1,0,Freshy Coconut,Coconut Water,8000,0.0,18000.0,90,1620000.0,900000.0
2025-09-07,Sunday,1,0,Freshy Coconut,Kelapa Ijo,9000,0.0,20000.0,71,1420000.0,781000.0
2025-09-07,Sunday,1,0,Nut Milk,Choco Blast,19000,0.0,45000.0,49,2205000.0,1274000.0
2025-09-07,Sunday,1,0,Nut Milk,Vanilla Shake,19000,0.2,36000.0,26,936000.0,442000.0
2025-09-07,Sunday,1,0,Juicy Juice,Tropical Vibes,17000,0.0,40000.0,37,1480000.0,851000.0
2025-09-07,Sunday,1,0,Juicy Juice,Dynamic Green,17000,0.0,40000.0,14,560000.0,322000.0
2025-09-07,Sunday,1,0,Juicy Juice,Sun Kissed,17000,0.1,36000.0,35,1260000.0,665000.0
2025-09-08,Monday,0,0,Freshy Coconut,Coconut Water,8000,0.2,14400.0,88,1267200.0,563200.0
2025-09-08,Monday,0,0,Freshy Coconut,Kelapa Ijo,9000,0.0,20000.0,48,960000.0,528000.0
2025-09-08,Monday,0,0,Nut Milk,Choco Blast,19000,0.0,45000.0,22,990000.0,572000.0
2025-09-08,Monday,0,0,Nut Milk,Vanilla Shake,19000,0.0,45000.0,12,540000.0,312000.0
2025-09-08,Monday,0,0,Juicy Juice,Tropical Vibes,17000,0.2,32000.0,30,960000.0,450000.0
2025-09-08,Monday,0,0,Juicy Juice,Dynamic Green,17000,0.0,40000.0,11,440000.0,253000.0
2025-09-08,Monday,0,0,Juicy Juice,Sun Kissed,17000,0.2,32000.0,20,640000.0,300000.0
2025-09-09,Tuesday,0,0,Freshy Coconut,Coconut Water,8000,0.1,16200.0,72,1166400.0,590400.0
2025-09-09,Tuesday,0,0,Freshy Coconut,Kelapa Ijo,9000,0.0,20000.0,38,760000.0,418000.0
2025-09-09,Tuesday,0,0,Nut Milk,Choco Blast,19000,0.0,45000.0,29,1305000.0,754000.0
2025-09-09,Tuesday,0,0,Nut Milk,Vanilla Shake,19000,0.0,45000.0,11,495000.0,286000.0
2025-09-09,Tuesday,0,0,Juicy Juice,Tropical Vibes,17000,0.0,40000.0,16,640000.0,368000.0
2025-09-09,Tuesday,0,0,Juicy Juice,Dynamic Green,17000,0.0,40000.0,9,360000.0,207000.0
2025-09-09,Tuesday,0,0,Juicy Juice,Sun Kissed,17000,0.0,40000.0,16,640000.0,368000.0
2025-09-10,Wednesday,0,0,Freshy Coconut,Coconut Water,8000,0.0,18000.0,60,1080000.0,600000.0
2025-09-10,Wednesday,0,0,Freshy Coconut,Kelapa Ijo,9000,0.1,18000.0,50,900000.0,450000.0
2025-09-10,Wednesday,0,0,Nut Milk,Choco Blast,19000,0.1,40500.0,32,1296000.0,688000.0
2025-09-10,Wednesday,0,0,Nut Milk,Vanilla Shake,19000,0.0,45000.0,13,585000.0,338000.0
2025-09-10,Wednesday,0,0,Juicy Juice,Tropical Vibes,17000,0.0,40000.0,19,760000.0,437000.0
2025-09-10,Wednesday,0,0,Juicy Juice,Dynamic Green,17000,0.0,40000.0,10,400000.0,230000.0
2025-09-10,Wednesday,0,0,Juicy Juice,Sun Kissed,17000,0.1,36000.0,20,720000.0,380000.0
2025-09-11,Thursday,0,0,Freshy Coconut,Coconut Water,8000,0.0,18000.0,84,1512000.0,840000.0
2025-09-11,Thursday,0,0,Freshy Coconut,Kelapa Ijo,9000,0.0,20000.0,48,960000.0,528000.0
2025-09-11,Thursday,0,0,Nut Milk,Choco Blast,19000,0.1,40500.0,43,1741500.0,924500.0
2025-09-11,Thursday,0,0,Nut Milk,Vanilla Shake,19000,0.0,45000.0,11,495000.0,286000.0
2025-09-11,Thursday,0,0,Juicy Juice,Tropical Vibes,17000,0.0,40000.0,22,880000.0,506000.0
2025-09-11,Thursday,0,0,Juicy Juice,Dynamic Green,17000,0.0,40000.0,11,440000.0,253000.0
2025-09-11,Thursday,0,0,Juicy Juice,Sun Kissed,17000,0.0,40000.0,18,720000.0,414000.0
2025-09-12,Friday,1,0,Freshy Coconut,Coconut Water,8000,0.2,14400.0,123,1771200.0,787200.0
2025-09-12,Friday,1,0,Freshy Coconut,Kelapa Ijo,9000,0.0,20000.0,49,980000.0,539000.0
2025-09-12,Friday,1,0,Nut Milk,Choco Blast,19000,0.2,36000.0,58,2088000.0,986000.0
2025-09-12,Friday,1,0,Nut Milk,Vanilla Shake,19000,0.2,36000.0,20,720000.0,340000.0
2025-09-12,Friday,1,0,Juicy Juice,Tropical Vibes,17000,0.0,40000.0,24,960000.0,552000.0
2025-09-12,Friday,1,0,Juicy Juice,Dynamic Green,17000,0.0,40000.0,14,560000.0,322000.0
2025-09-12,Friday,1,0,Juicy Juice,Sun Kissed,17000,0.1,36000.0,35,1260000.0,665000.0
2025-09-13,Saturday,1,0,Freshy Coconut,Coconut Water,8000,0.2,14400.0,120,1728000.0,768000.0
2025-09-13,Saturday,1,0,Freshy Coconut,Kelapa Ijo,9000,0.0,20000.0,72,1440000.0,792000.0
2025-09-13,Saturday,1,0,Nut Milk,Choco Blast,19000,0.0,45000.0,45,2025000.0,1170000.0
2025-09-13,Saturday,1,0,Nut Milk,Vanilla Shake,19000,0.0,45000.0,17,765000.0,442000.0
2025-09-13,Saturday,1,0,Juicy Juice,Tropical Vibes,17000,0.0,40000.0,32,1280000.0,736000.0
2025-09-13,Saturday,1,0,Juicy Juice,Dynamic Green,17000,0.0,40000.0,14,560000.0,322000.0
2025-09-13,Saturday,1,0,Juicy Juice,Sun Kissed,17000,0.2,32000.0,28,896000.0,420000.0
2025-09-14,Sunday,1,0,Freshy Coconut,Coconut Water,8000,0.0,18000.0,118,2124000.0,1180000.0
2025-09-14,Sunday,1,0,Freshy Coconut,Kelapa Ijo,9000,0.1,18000.0,75,1350000.0,675000.0
2025-09-14,Sunday,1,0,Nut Milk,Choco Blast,19000,0.0,45000.0,46,2070000.0,1196000.0
2025-09-14,Sunday,1,0,Nut Milk,Vanilla Shake,19000,0.0,45000.0,17,765000.0,442000.0
2025-09-14,Sunday,1,0,Juicy Juice,Tropical Vibes,17000,0.1,36000.0,46,1656000.0,874000.0
2025-09-14,Sunday,1,0,Juicy Juice,Dynamic Green,17000,0.2,32000.0,19,608000.0,285000.0
2025-09-14,Sunday,1,0,Juicy Juice,Sun Kissed,17000,0.0,40000.0,26,1040000.0,598000.0
2025-09-15,Monday,0,0,Freshy Coconut,Coconut Water,8000,0.1,16200.0,75,1215000.0,615000.0
2025-09-15,Monday,0,0,Freshy Coconut,Kelapa Ijo,9000,0.1,18000.0,53,954000.0,477000.0
2025-09-15,Monday,0,0,Nut Milk,Choco Blast,19000,0.0,45000.0,30,1350000.0,780000.0
2025-09-15,Monday,0,0,Nut Milk,Vanilla Shake,19000,0.0,45000.0,13,585000.0,338000.0
2025-09-15,Monday,0,0,Juicy Juice,Tropical Vibes,17000,0.0,40000.0,23,920000.0,529000.0
2025-09-15,Monday,0,0,Juicy Juice,Dynamic Green,17000,0.0,40000.0,10,400000.0,230000.0
2025-09-15,Monday,0,0,Juicy Juice,Sun Kissed,17000,0.0,40000.0,18,720000.0,414000.0
2025-09-16,Tuesday,0,0,Freshy Coconut,Coconut Water,8000,0.1,16200.0,64,1036800.0,524800.0
2025-09-16,Tuesday,0,0,Freshy Coconut,Kelapa Ijo,9000,0.0,20000.0,40,800000.0,440000.0
2025-09-16,Tuesday,0,0,Nut Milk,Choco Blast,19000,0.1,40500.0,28,1134000.0,602000.0
2025-09-16,Tuesday,0,0,Nut Milk,Vanilla Shake,19000,0.2,36000.0,17,612000.0,289000.0
2025-09-16,Tuesday,0,0,Juicy Juice,Tropical Vibes,17000,0.0,40000.0,20,800000.0,460000.0
2025-09-16,Tuesday,0,0,Juicy Juice,Dynamic Green,17000,0.2,32000.0,14,448000.0,210000.0
2025-09-16,Tuesday,0,0,Juicy Juice,Sun Kissed,17000,0.0,40000.0,19,760000.0,437000.0
2025-09-17,Wednesday,0,0,Freshy Coconut,Coconut Water,8000,0.0,18000.0,65,1170000.0,650000.0
2025-09-17,Wednesday,0,0,Freshy Coconut,Kelapa Ijo,9000,0.0,20000.0,47,940000.0,517000.0
2025-09-17,Wednesday,0,0,Nut Milk,Choco Blast,19000,0.2,36000.0,44,1584000.0,748000.0
2025-09-17,Wednesday,0,0,Nut Milk,Vanilla Shake,19000,0.1,40500.0,14,567000.0,301000.0
2025-09-17,Wednesday,0,0,Juicy Juice,Tropical Vibes,17000,0.1,36000.0,20,720000.0,380000.0
2025-09-17,Wednesday,0,0,Juicy Juice,Dynamic Green,17000,0.2,32000.0,14,448000.0,210000.0
2025-09-17,Wednesday,0,0,Juicy Juice,Sun Kissed,17000,0.1,36000.0,25,900000.0,475000.0
2025-09-18,Thursday,0,0,Freshy Coconut,Coconut Water,8000,0.0,18000.0,54,972000.0,540000.0
2025-09-18,Thursday,0,0,Freshy Coconut,Kelapa Ijo,9000,0.2,16000.0,59,944000.0,413000.0
2025-09-18,Thursday,0,0,Nut Milk,Choco Blast,19000,0.1,40500.0,35,1417500.0,752500.0
2025-09-18,Thursday,0,0,Nut Milk,Vanilla Shake,19000,0.0,45000.0,14,630000.0,364000.0
2025-09-18,Thursday,0,0,Juicy Juice,Tropical Vibes,17000,0.1,36000.0,24,864000.0,456000.0
2025-09-18,Thursday,0,0,Juicy Juice,Dynamic Green,17000,0.2,32000.0,16,512000.0,240000.0
2025-09-18,Thursday,0,0,Juicy Juice,Sun Kissed,17000,0.0,40000.0,20,800000.0,460000.0
2025-09-19,Friday,1,0,Freshy Coconut,Coconut Water,8000,0.0,18000.0,75,1350000.0,750000.0
2025-09-19,Friday,1,0,Freshy Coconut,Kelapa Ijo,9000,0.1,18000.0,73,1314000.0,657000.0
2025-09-19,Friday,1,0,Nut Milk,Choco Blast,19000,0.0,45000.0,39,1755000.0,1014000.0
2025-09-19,Friday,1,0,Nut Milk,Vanilla Shake,19000,0.2,36000.0,20,720000.0,340000.0
2025-09-19,Friday,1,0,Juicy Juice,Tropical Vibes,17000,0.2,32000.0,37,1184000.0,555000.0
2025-09-19,Friday,1,0,Juicy Juice,Dynamic Green,17000,0.1,36000.0,13,468000.0,247000.0
2025-09-19,Friday,1,0,Juicy Juice,Sun Kissed,17000,0.0,40000.0,25,1000000.0,575000.0
2025-09-20,Saturday,1,0,Freshy Coconut,Coconut Water,8000,0.0,18000.0,97,1746000.0,970000.0
2025-09-20,Saturday,1,0,Freshy Coconut,Kelapa Ijo,9000,0.2,16000.0,90,1440000.0,630000.0
2025-09-20,Saturday,1,0,Nut Milk,Choco Blast,19000,0.1,40500.0,56,2268000.0,1204000.0
2025-09-20,Saturday,1,0,Nut Milk,Vanilla Shake,19000,0.0,45000.0,20,900000.0,520000.0
2025-09-20,Saturday,1,0,Juicy Juice,Tropical Vibes,17000,0.1,36000.0,39,1404000.0,741000.0
2025-09-20,Saturday,1,0,Juicy Juice,Dynamic Green,17000,0.0,40000.0,15,600000.0,345000.0
2025-09-20,Saturday,1,0,Juicy Juice,Sun Kissed,17000,0.1,36000.0,35,1260000.0,665000.0
2025-09-21,Sunday,1,0,Freshy Coconut,Coconut Water,8000,0.2,14400.0,118,1699200.0,755200.0
2025-09-21,Sunday,1,0,Freshy Coconut,Kelapa Ijo,9000,0.1,18000.0,89,1602000.0,801000.0
2025-09-21,Sunday,1,0,Nut Milk,Choco Blast,19000,0.0,45000.0,43,1935000.0,1118000.0
2025-09-21,Sunday,1,0,Nut Milk,Vanilla Shake,19000,0.0,45000.0,16,720000.0,416000.0
2025-09-21,Sunday,1,0,Juicy Juice,Tropical Vibes,17000,0.1,36000.0,34,1224000.0,646000.0
2025-09-21,Sunday,1,0,Juicy Juice,Dynamic Green,17000,0.0,40000.0,14,560000.0,322000.0
2025-09-21,Sunday,1,0,Juicy Juice,Sun Kissed,17000,0.2,32000.0,41,1312000.0,615000.0
2025-09-22,Monday,0,0,Freshy Coconut,Coconut Water,8000,0.0,18000.0,71,1278000.0,710000.0
2025-09-22,Monday,0,0,Freshy Coconut,Kelapa Ijo,9000,0.0,20000.0,50,1000000.0,550000.0
2025-09-22,Monday,0,0,Nut Milk,Choco Blast,19000,0.1,40500.0,33,1336500.0,709500.0
2025-09-22,Monday,0,0,Nut Milk,Vanilla Shake,19000,0.2,36000.0,15,540000.0,255000.0
2025-09-22,Monday,0,0,Juicy Juice,Tropical Vibes,17000,0.0,40000.0,20,800000.0,460000.0
2025-09-22,Monday,0,0,Juicy Juice,Dynamic Green,17000,0.0,40000.0,12,480000.0,276000.0
2025-09-22,Monday,0,0,Juicy Juice,Sun Kissed,17000,0.1,36000.0,23,828000.0,437000.0
2025-09-23,Tuesday,0,0,Freshy Coconut,Coconut Water,8000,0.0,18000.0,72,1296000.0,720000.0
2025-09-23,Tuesday,0,0,Freshy Coconut,Kelapa Ijo,9000,0.0,20000.0,40,800000.0,440000.0
2025-09-23,Tuesday,0,0,Nut Milk,Choco Blast,19000,0.0,45000.0,30,1350000.0,780000.0
2025-09-23,Tuesday,0,0,Nut Milk,Vanilla Shake,19000,0.0,45000.0,9,405000.0,234000.0
2025-09-23,Tuesday,0,0,Juicy Juice,Tropical Vibes,17000,0.0,40000.0,17,680000.0,391000.0
2025-09-23,Tuesday,0,0,Juicy Juice,Dynamic Green,17000,0.0,40000.0,8,320000.0,184000.0
2025-09-23,Tuesday,0,0,Juicy Juice,Sun Kissed,17000,0.0,40000.0,15,600000.0,345000.0
2025-09-24,Wednesday,0,0,Freshy Coconut,Coconut Water,8000,0.0,18000.0,71,1278000.0,710000.0
2025-09-24,Wednesday,0,0,Freshy Coconut,Kelapa Ijo,9000,0.0,20000.0,42,840000.0,462000.0
2025-09-24,Wednesday,0,0,Nut Milk,Choco Blast,19000,0.1,40500.0,32,1296000.0,688000.0
2025-09-24,Wednesday,0,0,Nut Milk,Vanilla Shake,19000,0.0,45000.0,7,315000.0,182000.0
2025-09-24,Wednesday,0,0,Juicy Juice,Tropical Vibes,17000,0.0,40000.0,15,600000.0,345000.0
2025-09-24,Wednesday,0,0,Juicy Juice,Dynamic Green,17000,0.2,32000.0,12,384000.0,180000.0
2025-09-24,Wednesday,0,0,Juicy Juice,Sun Kissed,17000,0.0,40000.0,18,720000.0,414000.0
2025-09-25,Thursday,0,0,Freshy Coconut,Coconut Water,8000,0.2,14400.0,92,1324800.0,588800.0
2025-09-25,Thursday,0,0,Freshy Coconut,Kelapa Ijo,9000,0.2,16000.0,61,976000.0,427000.0
2025-09-25,Thursday,0,0,Nut Milk,Choco Blast,19000,0.0,45000.0,29,1305000.0,754000.0
2025-09-25,Thursday,0,0,Nut Milk,Vanilla Shake,19000,0.1,40500.0,16,648000.0,344000.0
2025-09-25,Thursday,0,0,Juicy Juice,Tropical Vibes,17000,0.0,40000.0,21,840000.0,483000.0
2025-09-25,Thursday,0,0,Juicy Juice,Dynamic Green,17000,0.0,40000.0,11,440000.0,253000.0
2025-09-25,Thursday,0,0,Juicy Juice,Sun Kissed,17000,0.0,40000.0,21,840000.0,483000.0
2025-09-26,Friday,1,1,Freshy Coconut,Coconut Water,8000,0.0,18000.0,102,1836000.0,1020000.0
2025-09-26,Friday,1,1,Freshy Coconut,Kelapa Ijo,9000,0.0,20000.0,78,1560000.0,858000.0
2025-09-26,Friday,1,1,Nut Milk,Choco Blast,19000,0.0,45000.0,51,2295000.0,1326000.0
2025-09-26,Friday,1,1,Nut Milk,Vanilla Shake,19000,0.0,45000.0,21,945000.0,546000.0
2025-09-26,Friday,1,1,Juicy Juice,Tropical Vibes,17000,0.0,40000.0,38,1520000.0,874000.0
2025-09-26,Friday,1,1,Juicy Juice,Dynamic Green,17000,0.0,40000.0,16,640000.0,368000.0
2025-09-26,Friday,1,1,Juicy Juice,Sun Kissed,17000,0.0,40000.0,32,1280000.0,736000.0
2025-09-27,Saturday,1,1,Freshy Coconut,Coconut Water,8000,0.0,18000.0,139,2502000.0,1390000.0
2025-09-27,Saturday,1,1,Freshy Coconut,Kelapa Ijo,9000,0.0,20000.0,102,2040000.0,1122000.0
2025-09-27,Saturday,1,1,Nut Milk,Choco Blast,19000,0.0,45000.0,58,2610000.0,1508000.0
2025-09-27,Saturday,1,1,Nut Milk,Vanilla Shake,19000,0.2,36000.0,32,1152000.0,544000.0
2025-09-27,Saturday,1,1,Juicy Juice,Tropical Vibes,17000,0.1,36000.0,51,1836000.0,969000.0
2025-09-27,Saturday,1,1,Juicy Juice,Dynamic Green,17000,0.0,40000.0,23,920000.0,529000.0
2025-09-27,Saturday,1,1,Juicy Juice,Sun Kissed,17000,0.0,40000.0,36,1440000.0,828000.0
2025-09-28,Sunday,1,1,Freshy Coconut,Coconut Water,8000,0.0,18000.0,121,2178000.0,1210000.0
2025-09-28,Sunday,1,1,Freshy Coconut,Kelapa Ijo,9000,0.1,18000.0,120,2160000.0,1080000.0
2025-09-28,Sunday,1,1,Nut Milk,Choco Blast,19000,0.0,45000.0,61,2745000.0,1586000.0
2025-09-28,Sunday,1,1,Nut Milk,Vanilla Shake,19000,0.0,45000.0,23,1035000.0,598000.0
2025-09-28,Sunday,1,1,Juicy Juice,Tropical Vibes,17000,0.0,40000.0,44,1760000.0,1012000.0
2025-09-28,Sunday,1,1,Juicy Juice,Dynamic Green,17000,0.0,40000.0,20,800000.0,460000.0
2025-09-28,Sunday,1,1,Juicy Juice,Sun Kissed,17000,0.0,40000.0,40,1600000.0,920000.0
2025-09-29,Monday,0,1,Freshy Coconut,Coconut Water,8000,0.0,18000.0,73,1314000.0,730000.0
2025-09-29,Monday,0,1,Freshy Coconut,Kelapa Ijo,9000,0.1,18000.0,73,1314000.0,657000.0
2025-09-29,Monday,0,1,Nut Milk,Choco Blast,19000,0.1,40500.0,37,1498500.0,795500.0
2025-09-29,Monday,0,1,Nut Milk,Vanilla Shake,19000,0.0,45000.0,17,765000.0,442000.0
2025-09-29,Monday,0,1,Juicy Juice,Tropical Vibes,17000,0.0,40000.0,25,1000000.0,575000.0
2025-09-29,Monday,0,1,Juicy Juice,Dynamic Green,17000,0.1,36000.0,20,720000.0,380000.0
2025-09-29,Monday,0,1,Juicy Juice,Sun Kissed,17000,0.0,40000.0,20,800000.0,460000.0
2025-09-30,Tuesday,0,1,Freshy Coconut,Coconut Water,8000,0.1,16200.0,92,1490400.0,754400.0
2025-09-30,Tuesday,0,1,Freshy Coconut,Kelapa Ijo,9000,0.1,18000.0,68,1224000.0,612000.0
2025-09-30,Tuesday,0,1,Nut Milk,Choco Blast,19000,0.1,40500.0,41,1660500.0,881500.0
2025-09-30,Tuesday,0,1,Nut Milk,Vanilla Shake,19000,0.1,40500.0,20,810000.0,430000.0
2025-09-30,Tuesday,0,1,Juicy Juice,Tropical Vibes,17000,0.0,40000.0,25,1000000.0,575000.0
2025-09-30,Tuesday,0,1,Juicy Juice,Dynamic Green,17000,0.1,36000.0,14,504000.0,266000.0
2025-09-30,Tuesday,0,1,Juicy Juice,Sun Kissed,17000,0.1,36000.0,23,828000.0,437000.0
2025-10-01,Wednesday,0,1,Freshy Coconut,Coconut Water,8000,0.0,18000.0,85,1530000.0,850000.0
2025-10-01,Wednesday,0,1,Freshy Coconut,Kelapa Ijo,9000,0.0,20000.0,62,1240000.0,682000.0
2025-10-01,Wednesday,0,1,Nut Milk,Choco Blast,19000,0.0,45000.0,37,1665000.0,962000.0
2025-10-01,Wednesday,0,1,Nut Milk,Vanilla Shake,19000,0.0,45000.0,17,765000.0,442000.0
2025-10-01,Wednesday,0,1,Juicy Juice,Tropical Vibes,17000,0.1,36000.0,32,1152000.0,608000.0
2025-10-01,Wednesday,0,1,Juicy Juice,Dynamic Green,17000,0.2,32000.0,16,512000.0,240000.0
2025-10-01,Wednesday,0,1,Juicy Juice,Sun Kissed,17000,0.2,32000.0,31,992000.0,465000.0
2025-10-02,Thursday,0,1,Freshy Coconut,Coconut Water,8000,0.1,16200.0,95,1539000.0,779000.0
2025-10-02,Thursday,0,1,Freshy Coconut,Kelapa Ijo,9000,0.0,20000.0,79,1580000.0,869000.0
2025-10-02,Thursday,0,1,Nut Milk,Choco Blast,19000,0.0,45000.0,46,2070000.0,1196000.0
2025-10-02,Thursday,0,1,Nut Milk,Vanilla Shake,19000,0.2,36000.0,24,864000.0,408000.0
2025-10-02,Thursday,0,1,Juicy Juice,Tropical Vibes,17000,0.0,40000.0,28,1120000.0,644000.0
2025-10-02,Thursday,0,1,Juicy Juice,Dynamic Green,17000,0.0,40000.0,15,600000.0,345000.0
2025-10-02,Thursday,0,1,Juicy Juice,Sun Kissed,17000,0.0,40000.0,28,1120000.0,644000.0
2025-10-03,Friday,1,1,Freshy Coconut,Coconut Water,8000,0.2,14400.0,153,2203200.0,979200.0
2025-10-03,Friday,1,1,Freshy Coconut,Kelapa Ijo,9000,0.2,16000.0,97,1552000.0,679000.0
2025-10-03,Friday,1,1,Nut Milk,Choco Blast,19000,0.0,45000.0,56,2520000.0,1456000.0
2025-10-03,Friday,1,1,Nut Milk,Vanilla Shake,19000,0.0,45000.0,23,1035000.0,598000.0
2025-10-03,Friday,1,1,Juicy Juice,Tropical Vibes,17000,0.0,40000.0,41,1640000.0,943000.0
2025-10-03,Friday,1,1,Juicy Juice,Dynamic Green,17000,0.0,40000.0,17,680000.0,391000.0
2025-10-03,Friday,1,1,Juicy Juice,Sun Kissed,17000,0.1,36000.0,38,1368000.0,722000.0
2025-10-04,Saturday,1,1,Freshy Coconut,Coconut Water,8000,0.0,18000.0,159,2862000.0,1590000.0
2025-10-04,Saturday,1,1,Freshy Coconut,Kelapa Ijo,9000,0.1,18000.0,131,2358000.0,1179000.0
2025-10-04,Saturday,1,1,Nut Milk,Choco Blast,19000,0.2,36000.0,84,3024000.0,1428000.0
2025-10-04,Saturday,1,1,Nut Milk,Vanilla Shake,19000,0.0,45000.0,23,1035000.0,598000.0
2025-10-04,Saturday,1,1,Juicy Juice,Tropical Vibes,17000,0.0,40000.0,40,1600000.0,920000.0
2025-10-04,Saturday,1,1,Juicy Juice,Dynamic Green,17000,0.1,36000.0,30,1080000.0,570000.0
2025-10-04,Saturday,1,1,Juicy Juice,Sun Kissed,17000,0.1,36000.0,46,1656000.0,874000.0
2025-10-05,Sunday,1,1,Freshy Coconut,Coconut Water,8000,0.1,16200.0,170,2754000.0,1394000.0
2025-10-05,Sunday,1,1,Freshy Coconut,Kelapa Ijo,9000,0.2,16000.0,153,2448000.0,1071000.0
2025-10-05,Sunday,1,1,Nut Milk,Choco Blast,19000,0.2,36000.0,84,3024000.0,1428000.0
2025-10-05,Sunday,1,1,Nut Milk,Vanilla Shake,19000,0.0,45000.0,27,1215000.0,702000.0
2025-10-05,Sunday,1,1,Juicy Juice,Tropical Vibes,17000,0.0,40000.0,41,1640000.0,943000.0
2025-10-05,Sunday,1,1,Juicy Juice,Dynamic Green,17000,0.2,32000.0,27,864000.0,405000.0
2025-10-05,Sunday,1,1,Juicy Juice,Sun Kissed,17000,0.0,40000.0,35,1400000.0,805000.0
2025-10-06,Monday,0,0,Freshy Coconut,Coconut Water,8000,0.0,18000.0,52,936000.0,520000.0
2025-10-06,Monday,0,0,Freshy Coconut,Kelapa Ijo,9000,0.1,18000.0,57,1026000.0,513000.0
2025-10-06,Monday,0,0,Nut Milk,Choco Blast,19000,0.0,45000.0,32,1440000.0,832000.0
2025-10-06,Monday,0,0,Nut Milk,Vanilla Shake,19000,0.2,36000.0,16,576000.0,272000.0
2025-10-06,Monday,0,0,Juicy Juice,Tropical Vibes,17000,0.1,36000.0,23,828000.0,437000.0
2025-10-06,Monday,0,0,Juicy Juice,Dynamic Green,17000,0.0,40000.0,11,440000.0,253000.0
2025-10-06,Monday,0,0,Juicy Juice,Sun Kissed,17000,0.1,36000.0,20,720000.0,380000.0
2025-10-07,Tuesday,0,0,Freshy Coconut,Coconut Water,8000,0.0,18000.0,69,1242000.0,690000.0
2025-10-07,Tuesday,0,0,Freshy Coconut,Kelapa Ijo,9000,0.0,20000.0,43,860000.0,473000.0
2025-10-07,Tuesday,0,0,Nut Milk,Choco Blast,19000,0.0,45000.0,27,1215000.0,702000.0
2025-10-07,Tuesday,0,0,Nut Milk,Vanilla Shake,19000,0.0,45000.0,10,450000.0,260000.0
2025-10-07,Tuesday,0,0,Juicy Juice,Tropical Vibes,17000,0.0,40000.0,19,760000.0,437000.0
2025-10-07,Tuesday,0,0,Juicy Juice,Dynamic Green,17000,0.1,36000.0,10,360000.0,190000.0
2025-10-07,Tuesday,0,0,Juicy Juice,Sun Kissed,17000,0.1,36000.0,18,648000.0,342000.0
2025-10-08,Wednesday,0,0,Freshy Coconut,Coconut Water,8000,0.0,18000.0,56,1008000.0,560000.0
2025-10-08,Wednesday,0,0,Freshy Coconut,Kelapa Ijo,9000,0.1,18000.0,50,900000.0,450000.0
2025-10-08,Wednesday,0,0,Nut Milk,Choco Blast,19000,0.0,45000.0,23,1035000.0,598000.0
2025-10-08,Wednesday,0,0,Nut Milk,Vanilla Shake,19000,0.0,45000.0,13,585000.0,338000.0
2025-10-08,Wednesday,0,0,Juicy Juice,Tropical Vibes,17000,0.0,40000.0,19,760000.0,437000.0
2025-10-08,Wednesday,0,0,Juicy Juice,Dynamic Green,17000,0.2,32000.0,13,416000.0,195000.0
2025-10-08,Wednesday,0,0,Juicy Juice,Sun Kissed,17000,0.2,32000.0,25,800000.0,375000.0
2025-10-09,Thursday,0,0,Freshy Coconut,Coconut Water,8000,0.1,16200.0,78,1263600.0,639600.0
2025-10-09,Thursday,0,0,Freshy Coconut,Kelapa Ijo,9000,0.0,20000.0,43,860000.0,473000.0
2025-10-09,Thursday,0,0,Nut Milk,Choco Blast,19000,0.2,36000.0,42,1512000.0,714000.0
2025-10-09,Thursday,0,0,Nut Milk,Vanilla Shake,19000,0.1,40500.0,15,607500.0,322500.0
2025-10-09,Thursday,0,0,Juicy Juice,Tropical Vibes,17000,0.1,36000.0,22,792000.0,418000.0
2025-10-09,Thursday,0,0,Juicy Juice,Dynamic Green,17000,0.0,40000.0,11,440000.0,253000.0
2025-10-09,Thursday,0,0,Juicy Juice,Sun Kissed,17000,0.0,40000.0,19,760000.0,437000.0
2025-10-10,Friday,1,0,Freshy Coconut,Coconut Water,8000,0.0,18000.0,79,1422000.0,790000.0
2025-10-10,Friday,1,0,Freshy Coconut,Kelapa Ijo,9000,0.0,20000.0,59,1180000.0,649000.0
2025-10-10,Friday,1,0,Nut Milk,Choco Blast,19000,0.0,45000.0,36,1620000.0,936000.0
2025-10-10,Friday,1,0,Nut Milk,Vanilla Shake,19000,0.0,45000.0,14,630000.0,364000.0
2025-10-10,Friday,1,0,Juicy Juice,Tropical Vibes,17000,0.0,40000.0,26,1040000.0,598000.0
2025-10-10,Friday,1,0,Juicy Juice,Dynamic Green,17000,0.1,36000.0,17,612000.0,323000.0
2025-10-10,Friday,1,0,Juicy Juice,Sun Kissed,17000,0.1,36000.0,28,1008000.0,532000.0
2025-10-11,Saturday,1,0,Freshy Coconut,Coconut Water,8000,0.0,18000.0,98,1764000.0,980000.0
2025-10-11,Saturday,1,0,Freshy Coconut,Kelapa Ijo,9000,0.1,18000.0,80,1440000.0,720000.0
2025-10-11,Saturday,1,0,Nut Milk,Choco Blast,19000,0.0,45000.0,46,2070000.0,1196000.0
2025-10-11,Saturday,1,0,Nut Milk,Vanilla Shake,19000,0.2,36000.0,24,864000.0,408000.0
2025-10-11,Saturday,1,0,Juicy Juice,Tropical Vibes,17000,0.2,32000.0,42,1344000.0,630000.0
2025-10-11,Saturday,1,0,Juicy Juice,Dynamic Green,17000,0.1,36000.0,18,648000.0,342000.0
2025-10-11,Saturday,1,0,Juicy Juice,Sun Kissed,17000,0.1,36000.0,26,936000.0,494000.0
2025-10-12,Sunday,1,0,Freshy Coconut,Coconut Water,8000,0.0,18000.0,105,1890000.0,1050000.0
2025-10-12,Sunday,1,0,Freshy Coconut,Kelapa Ijo,9000,0.0,20000.0,72,1440000.0,792000.0
2025-10-12,Sunday,1,0,Nut Milk,Choco Blast,19000,0.0,45000.0,51,2295000.0,1326000.0
2025-10-12,Sunday,1,0,Nut Milk,Vanilla Shake,19000,0.0,45000.0,21,945000.0,546000.0
2025-10-12,Sunday,1,0,Juicy Juice,Tropical Vibes,17000,0.1,36000.0,26,936000.0,494000.0
2025-10-12,Sunday,1,0,Juicy Juice,Dynamic Green,17000,0.0,40000.0,18,720000.0,414000.0
2025-10-12,Sunday,1,0,Juicy Juice,Sun Kissed,17000,0.1,36000.0,32,1152000.0,608000.0
2025-10-13,Monday,0,0,Freshy Coconut,Coconut Water,8000,0.0,18000.0,67,1206000.0,670000.0
2025-10-13,Monday,0,0,Freshy Coconut,Kelapa Ijo,9000,0.2,16000.0,62,992000.0,434000.0
2025-10-13,Monday,0,0,Nut Milk,Choco Blast,19000,0.0,45000.0,31,1395000.0,806000.0
2025-10-13,Monday,0,0,Nut Milk,Vanilla Shake,19000,0.0,45000.0,12,540000.0,312000.0
2025-10-13,Monday,0,0,Juicy Juice,Tropical Vibes,17000,0.1,36000.0,28,1008000.0,532000.0
2025-10-13,Monday,0,0,Juicy Juice,Dynamic Green,17000,0.0,40000.0,11,440000.0,253000.0
2025-10-13,Monday,0,0,Juicy Juice,Sun Kissed,17000,0.0,40000.0,21,840000.0,483000.0
2025-10-14,Tuesday,0,0,Freshy Coconut,Coconut Water,8000,0.2,14400.0,78,1123200.0,499200.0
2025-10-14,Tuesday,0,0,Freshy Coconut,Kelapa Ijo,9000,0.0,20000.0,41,820000.0,451000.0
2025-10-14,Tuesday,0,0,Nut Milk,Choco Blast,19000,0.0,45000.0,25,1125000.0,650000.0
2025-10-14,Tuesday,0,0,Nut Milk,Vanilla Shake,19000,0.1,40500.0,15,607500.0,322500.0
2025-10-14,Tuesday,0,0,Juicy Juice,Tropical Vibes,17000,0.0,40000.0,15,600000.0,345000.0
2025-10-14,Tuesday,0,0,Juicy Juice,Dynamic Green,17000,0.0,40000.0,8,320000.0,184000.0
2025-10-14,Tuesday,0,0,Juicy Juice,Sun Kissed,17000,0.1,36000.0,19,684000.0,361000.0
2025-10-15,Wednesday,0,0,Freshy Coconut,Coconut Water,8000,0.0,18000.0,54,972000.0,540000.0
2025-10-15,Wednesday,0,0,Freshy Coconut,Kelapa Ijo,9000,0.0,20000.0,48,960000.0,528000.0
2025-10-15,Wednesday,0,0,Nut Milk,Choco Blast,19000,0.0,45000.0,29,1305000.0,754000.0
2025-10-15,Wednesday,0,0,Nut Milk,Vanilla Shake,19000,0.1,40500.0,12,486000.0,258000.0
2025-10-15,Wednesday,0,0,Juicy Juice,Tropical Vibes,17000,0.0,40000.0,21,840000.0,483000.0
2025-10-15,Wednesday,0,0,Juicy Juice,Dynamic Green,17000,0.2,32000.0,15,480000.0,225000.0
2025-10-15,Wednesday,0,0,Juicy Juice,Sun Kissed,17000,0.0,40000.0,17,680000.0,391000.0
2025-10-16,Thursday,0,0,Freshy Coconut,Coconut Water,8000,0.0,18000.0,55,990000.0,550000.0
2025-10-16,Thursday,0,0,Freshy Coconut,Kelapa Ijo,9000,0.0,20000.0,52,1040000.0,572000.0
2025-10-16,Thursday,0,0,Nut Milk,Choco Blast,19000,0.2,36000.0,49,1764000.0,833000.0
2025-10-16,Thursday,0,0,Nut Milk,Vanilla Shake,19000,0.2,36000.0,19,684000.0,323000.0
2025-10-16,Thursday,0,0,Juicy Juice,Tropical Vibes,17000,0.2,32000.0,30,960000.0,450000.0
2025-10-16,Thursday,0,0,Juicy Juice,Dynamic Green,17000,0.0,40000.0,9,360000.0,207000.0
2025-10-16,Thursday,0,0,Juicy Juice,Sun Kissed,17000,0.1,36000.0,23,828000.0,437000.0
2025-10-17,Friday,1,0,Freshy Coconut,Coconut Water,8000,0.0,18000.0,84,1512000.0,840000.0
2025-10-17,Friday,1,0,Freshy Coconut,Kelapa Ijo,9000,0.0,20000.0,61,1220000.0,671000.0
2025-10-17,Friday,1,0,Nut Milk,Choco Blast,19000,0.1,40500.0,37,1498500.0,795500.0
2025-10-17,Friday,1,0,Nut Milk,Vanilla Shake,19000,0.0,45000.0,17,765000.0,442000.0
2025-10-17,Friday,1,0,Juicy Juice,Tropical Vibes,17000,0.0,40000.0,28,1120000.0,644000.0
2025-10-17,Friday,1,0,Juicy Juice,Dynamic Green,17000,0.0,40000.0,12,480000.0,276000.0
2025-10-17,Friday,1,0,Juicy Juice,Sun Kissed,17000,0.0,40000.0,24,960000.0,552000.0
2025-10-18,Saturday,1,0,Freshy Coconut,Coconut Water,8000,0.0,18000.0,103,1854000.0,1030000.0
2025-10-18,Saturday,1,0,Freshy Coconut,Kelapa Ijo,9000,0.1,18000.0,74,1332000.0,666000.0
2025-10-18,Saturday,1,0,Nut Milk,Choco Blast,19000,0.0,45000.0,47,2115000.0,1222000.0
2025-10-18,Saturday,1,0,Nut Milk,Vanilla Shake,19000,0.0,45000.0,20,900000.0,520000.0
2025-10-18,Saturday,1,0,Juicy Juice,Tropical Vibes,17000,0.0,40000.0,36,1440000.0,828000.0
2025-10-18,Saturday,1,0,Juicy Juice,Dynamic Green,17000,0.0,40000.0,16,640000.0,368000.0
2025-10-18,Saturday,1,0,Juicy Juice,Sun Kissed,17000,0.0,40000.0,25,1000000.0,575000.0
2025-10-19,Sunday,1,0,Freshy Coconut,Coconut Water,8000,0.0,18000.0,95,1710000.0,950000.0
2025-10-19,Sunday,1,0,Freshy Coconut,Kelapa Ijo,9000,0.0,20000.0,77,1540000.0,847000.0
2025-10-19,Sunday,1,0,Nut Milk,Choco Blast,19000,0.0,45000.0,48,2160000.0,1248000.0
2025-10-19,Sunday,1,0,Nut Milk,Vanilla Shake,19000,0.1,40500.0,22,891000.0,473000.0
2025-10-19,Sunday,1,0,Juicy Juice,Tropical Vibes,17000,0.0,40000.0,32,1280000.0,736000.0
2025-10-19,Sunday,1,0,Juicy Juice,Dynamic Green,17000,0.0,40000.0,16,640000.0,368000.0
2025-10-19,Sunday,1,0,Juicy Juice,Sun Kissed,17000,0.0,40000.0,30,1200000.0,690000.0
2025-10-20,Monday,0,0,Freshy Coconut,Coconut Water,8000,0.0,18000.0,63,1134000.0,630000.0
2025-10-20,Monday,0,0,Freshy Coconut,Kelapa Ijo,9000,0.0,20000.0,49,980000.0,539000.0
2025-10-20,Monday,0,0,Nut Milk,Choco Blast,19000,0.0,45000.0,32,1440000.0,832000.0
2025-10-20,Monday,0,0,Nut Milk,Vanilla Shake,19000,0.0,45000.0,12,540000.0,312000.0
2025-10-20,Monday,0,0,Juicy Juice,Tropical Vibes,17000,0.0,40000.0,20,800000.0,460000.0
2025-10-20,Monday,0,0,Juicy Juice,Dynamic Green,17000,0.0,40000.0,9,360000.0,207000.0
2025-10-20,Monday,0,0,Juicy Juice,Sun Kissed,17000,0.1,36000.0,21,756000.0,399000.0
2025-10-21,Tuesday,0,0,Freshy Coconut,Coconut Water,8000,0.0,18000.0,54,972000.0,540000.0
2025-10-21,Tuesday,0,0,Freshy Coconut,Kelapa Ijo,9000,0.1,18000.0,46,828000.0,414000.0
2025-10-21,Tuesday,0,0,Nut Milk,Choco Blast,19000,0.0,45000.0,29,1305000.0,754000.0
2025-10-21,Tuesday,0,0,Nut Milk,Vanilla Shake,19000,0.0,45000.0,11,495000.0,286000.0
2025-10-21,Tuesday,0,0,Juicy Juice,Tropical Vibes,17000,0.1,36000.0,23,828000.0,437000.0
2025-10-21,Tuesday,0,0,Juicy Juice,Dynamic Green,17000,0.1,36000.0,12,432000.0,228000.0
2025-10-21,Tuesday,0,0,Juicy Juice,Sun Kissed,17000,0.0,40000.0,14,560000.0,322000.0
2025-10-22,Wednesday,0,0,Freshy Coconut,Coconut Water,8000,0.0,18000.0,65,1170000.0,650000.0
2025-10-22,Wednesday,0,0,Freshy Coconut,Kelapa Ijo,9000,0.1,18000.0,49,882000.0,441000.0
2025-10-22,Wednesday,0,0,Nut Milk,Choco Blast,19000,0.0,45000.0,28,1260000.0,728000.0
2025-10-22,Wednesday,0,0,Nut Milk,Vanilla Shake,19000,0.0,45000.0,14,630000.0,364000.0
2025-10-22,Wednesday,0,0,Juicy Juice,Tropical Vibes,17000,0.0,40000.0,19,760000.0,437000.0
2025-10-22,Wednesday,0,0,Juicy Juice,Dynamic Green,17000,0.0,40000.0,8,320000.0,184000.0
2025-10-22,Wednesday,0,0,Juicy Juice,Sun Kissed,17000,0.0,40000.0,19,760000.0,437000.0
2025-10-23,Thursday,0,0,Freshy Coconut,Coconut Water,8000,0.0,18000.0,67,1206000.0,670000.0
2025-10-23,Thursday,0,0,Freshy Coconut,Kelapa Ijo,9000,0.1,18000.0,59,1062000.0,531000.0
2025-10-23,Thursday,0,0,Nut Milk,Choco Blast,19000,0.0,45000.0,29,1305000.0,754000.0
2025-10-23,Thursday,0,0,Nut Milk,Vanilla Shake,19000,0.0,45000.0,12,540000.0,312000.0
2025-10-23,Thursday,0,0,Juicy Juice,Tropical Vibes,17000,0.0,40000.0,20,800000.0,460000.0
2025-10-23,Thursday,0,0,Juicy Juice,Dynamic Green,17000,0.1,36000.0,12,432000.0,228000.0
2025-10-23,Thursday,0,0,Juicy Juice,Sun Kissed,17000,0.0,40000.0,20,800000.0,460000.0
2025-10-24,Friday,1,0,Freshy Coconut,Coconut Water,8000,0.0,18000.0,80,1440000.0,800000.0
2025-10-24,Friday,1,0,Freshy Coconut,Kelapa Ijo,9000,0.0,20000.0,56,1120000.0,616000.0
2025-10-24,Friday,1,0,Nut Milk,Choco Blast,19000,0.0,45000.0,36,1620000.0,936000.0
2025-10-24,Friday,1,0,Nut Milk,Vanilla Shake,19000,0.0,45000.0,15,675000.0,390000.0
2025-10-24,Friday,1,0,Juicy Juice,Tropical Vibes,17000,0.0,40000.0,26,1040000.0,598000.0
2025-10-24,Friday,1,0,Juicy Juice,Dynamic Green,17000,0.0,40000.0,12,480000.0,276000.0
2025-10-24,Friday,1,0,Juicy Juice,Sun Kissed,17000,0.2,32000.0,28,896000.0,420000.0
2025-10-25,Saturday,1,0,Freshy Coconut,Coconut Water,8000,0.2,14400.0,132,1900800.0,844800.0
2025-10-25,Saturday,1,0,Freshy Coconut,Kelapa Ijo,9000,0.0,20000.0,75,1500000.0,825000.0
2025-10-25,Saturday,1,0,Nut Milk,Choco Blast,19000,0.1,40500.0,56,2268000.0,1204000.0
2025-10-25,Saturday,1,0,Nut Milk,Vanilla Shake,19000,0.1,40500.0,18,729000.0,387000.0
2025-10-25,Saturday,1,0,Juicy Juice,Tropical Vibes,17000,0.0,40000.0,34,1360000.0,782000.0
2025-10-25,Saturday,1,0,Juicy Juice,Dynamic Green,17000,0.0,40000.0,12,480000.0,276000.0
2025-10-25,Saturday,1,0,Juicy Juice,Sun Kissed,17000,0.1,36000.0,28,1008000.0,532000.0
2025-10-26,Sunday,1,1,Freshy Coconut,Coconut Water,8000,0.0,18000.0,161,2898000.0,1610000.0
2025-10-26,Sunday,1,1,Freshy Coconut,Kelapa Ijo,9000,0.0,20000.0,121,2420000.0,1331000.0
2025-10-26,Sunday,1,1,Nut Milk,Choco Blast,19000,0.0,45000.0,59,2655000.0,1534000.0
2025-10-26,Sunday,1,1,Nut Milk,Vanilla Shake,19000,0.0,45000.0,25,1125000.0,650000.0
2025-10-26,Sunday,1,1,Juicy Juice,Tropical Vibes,17000,0.0,40000.0,41,1640000.0,943000.0
2025-10-26,Sunday,1,1,Juicy Juice,Dynamic Green,17000,0.1,36000.0,28,1008000.0,532000.0
2025-10-26,Sunday,1,1,Juicy Juice,Sun Kissed,17000,0.0,40000.0,37,1480000.0,851000.0
2025-10-27,Monday,0,1,Freshy Coconut,Coconut Water,8000,0.0,18000.0,88,1584000.0,880000.0
2025-10-27,Monday,0,1,Freshy Coconut,Kelapa Ijo,9000,0.0,20000.0,55,1100000.0,605000.0
2025-10-27,Monday,0,1,Nut Milk,Choco Blast,19000,0.1,40500.0,56,2268000.0,1204000.0
2025-10-27,Monday,0,1,Nut Milk,Vanilla Shake,19000,0.0,45000.0,19,855000.0,494000.0
2025-10-27,Monday,0,1,Juicy Juice,Tropical Vibes,17000,0.0,40000.0,30,1200000.0,690000.0
2025-10-27,Monday,0,1,Juicy Juice,Dynamic Green,17000,0.1,36000.0,16,576000.0,304000.0
2025-10-27,Monday,0,1,Juicy Juice,Sun Kissed,17000,0.2,32000.0,33,1056000.0,495000.0
2025-10-28,Tuesday,0,1,Freshy Coconut,Coconut Water,8000,0.0,18000.0,77,1386000.0,770000.0
2025-10-28,Tuesday,0,1,Freshy Coconut,Kelapa Ijo,9000,0.1,18000.0,69,1242000.0,621000.0
2025-10-28,Tuesday,0,1,Nut Milk,Choco Blast,19000,0.0,45000.0,38,1710000.0,988000.0
2025-10-28,Tuesday,0,1,Nut Milk,Vanilla Shake,19000,0.0,45000.0,17,765000.0,442000.0
2025-10-28,Tuesday,0,1,Juicy Juice,Tropical Vibes,17000,0.0,40000.0,21,840000.0,483000.0
2025-10-28,Tuesday,0,1,Juicy Juice,Dynamic Green,17000,0.1,36000.0,13,468000.0,247000.0
2025-10-28,Tuesday,0,1,Juicy Juice,Sun Kissed,17000,0.2,32000.0,32,1024000.0,480000.0
2025-10-29,Wednesday,0,1,Freshy Coconut,Coconut Water,8000,0.0,18000.0,81,1458000.0,810000.0
2025-10-29,Wednesday,0,1,Freshy Coconut,Kelapa Ijo,9000,0.1,18000.0,76,1368000.0,684000.0
2025-10-29,Wednesday,0,1,Nut Milk,Choco Blast,19000,0.0,45000.0,43,1935000.0,1118000.0
2025-10-29,Wednesday,0,1,Nut Milk,Vanilla Shake,19000,0.2,36000.0,19,684000.0,323000.0
2025-10-29,Wednesday,0,1,Juicy Juice,Tropical Vibes,17000,0.1,36000.0,33,1188000.0,627000.0
2025-10-29,Wednesday,0,1,Juicy Juice,Dynamic Green,17000,0.2,32000.0,21,672000.0,315000.0
2025-10-29,Wednesday,0,1,Juicy Juice,Sun Kissed,17000,0.0,40000.0,24,960000.0,552000.0
2025-10-30,Thursday,0,1,Freshy Coconut,Coconut Water,8000,0.0,18000.0,98,1764000.0,980000.0
2025-10-30,Thursday,0,1,Freshy Coconut,Kelapa Ijo,9000,0.0,20000.0,72,1440000.0,792000.0
2025-10-30,Thursday,0,1,Nut Milk,Choco Blast,19000,0.0,45000.0,45,2025000.0,1170000.0
2025-10-30,Thursday,0,1,Nut Milk,Vanilla Shake,19000,0.0,45000.0,17,765000.0,442000.0
2025-10-30,Thursday,0,1,Juicy Juice,Tropical Vibes,17000,0.0,40000.0,31,1240000.0,713000.0
2025-10-30,Thursday,0,1,Juicy Juice,Dynamic Green,17000,0.1,36000.0,19,684000.0,361000.0
2025-10-30,Thursday,0,1,Juicy Juice,Sun Kissed,17000,0.0,40000.0,26,1040000.0,598000.0
2025-10-31,Friday,1,1,Freshy Coconut,Coconut Water,8000,0.2,14400.0,158,2275200.0,1011200.0
2025-10-31,Friday,1,1,Freshy Coconut,Kelapa Ijo,9000,0.1,18000.0,80,1440000.0,720000.0
2025-10-31,Friday,1,1,Nut Milk,Choco Blast,19000,0.1,40500.0,66,2673000.0,1419000.0
2025-10-31,Friday,1,1,Nut Milk,Vanilla Shake,19000,0.1,40500.0,26,1053000.0,559000.0
2025-10-31,Friday,1,1,Juicy Juice,Tropical Vibes,17000,0.2,32000.0,45,1440000.0,675000.0
2025-10-31,Friday,1,1,Juicy Juice,Dynamic Green,17000,0.0,40000.0,15,600000.0,345000.0
2025-10-31,Friday,1,1,Juicy Juice,Sun Kissed,17000,0.0,40000.0,28,1120000.0,644000.0
2025-11-01,Saturday,1,1,Freshy Coconut,Coconut Water,8000,0.1,16200.0,152,2462400.0,1246400.0
2025-11-01,Saturday,1,1,Freshy Coconut,Kelapa Ijo,9000,0.0,20000.0,103,2060000.0,1133000.0
2025-11-01,Saturday,1,1,Nut Milk,Choco Blast,19000,0.1,40500.0,77,3118500.0,1655500.0
2025-11-01,Saturday,1,1,Nut Milk,Vanilla Shake,19000,0.0,45000.0,25,1125000.0,650000.0
2025-11-01,Saturday,1,1,Juicy Juice,Tropical Vibes,17000,0.0,40000.0,39,1560000.0,897000.0
2025-11-01,Saturday,1,1,Juicy Juice,Dynamic Green,17000,0.0,40000.0,23,920000.0,529000.0
2025-11-01,Saturday,1,1,Juicy Juice,Sun Kissed,17000,0.0,40000.0,33,1320000.0,759000.0
2025-11-02,Sunday,1,1,Freshy Coconut,Coconut Water,8000,0.0,18000.0,160,2880000.0,1600000.0
2025-11-02,Sunday,1,1,Freshy Coconut,Kelapa Ijo,9000,0.0,20000.0,87,1740000.0,957000.0
2025-11-02,Sunday,1,1,Nut Milk,Choco Blast,19000,0.0,45000.0,55,2475000.0,1430000.0
2025-11-02,Sunday,1,1,Nut Milk,Vanilla Shake,19000,0.2,36000.0,34,1224000.0,578000.0
2025-11-02,Sunday,1,1,Juicy Juice,Tropical Vibes,17000,0.0,40000.0,46,1840000.0,1058000.0
2025-11-02,Sunday,1,1,Juicy Juice,Dynamic Green,17000,0.2,32000.0,28,896000.0,420000.0
2025-11-02,Sunday,1,1,Juicy Juice,Sun Kissed,17000,0.0,40000.0,39,1560000.0,897000.0
2025-11-03,Monday,0,1,Freshy Coconut,Coconut Water,8000,0.0,18000.0,88,1584000.0,880000.0
2025-11-03,Monday,0,1,Freshy Coconut,Kelapa Ijo,9000,0.0,20000.0,63,1260000.0,693000.0
2025-11-03,Monday,0,1,Nut Milk,Choco Blast,19000,0.0,45000.0,42,1890000.0,1092000.0
2025-11-03,Monday,0,1,Nut Milk,Vanilla Shake,19000,0.0,45000.0,17,765000.0,442000.0
2025-11-03,Monday,0,1,Juicy Juice,Tropical Vibes,17000,0.2,32000.0,38,1216000.0,570000.0
2025-11-03,Monday,0,1,Juicy Juice,Dynamic Green,17000,0.0,40000.0,17,680000.0,391000.0
2025-11-03,Monday,0,1,Juicy Juice,Sun Kissed,17000,0.1,36000.0,27,972000.0,513000.0
2025-11-04,Tuesday,0,1,Freshy Coconut,Coconut Water,8000,0.2,14400.0,115,1656000.0,736000.0
2025-11-04,Tuesday,0,1,Freshy Coconut,Kelapa Ijo,9000,0.0,20000.0,63,1260000.0,693000.0
2025-11-04,Tuesday,0,1,Nut Milk,Choco Blast,19000,0.0,45000.0,28,1260000.0,728000.0
2025-11-04,Tuesday,0,1,Nut Milk,Vanilla Shake,19000,0.0,45000.0,14,630000.0,364000.0
2025-11-04,Tuesday,0,1,Juicy Juice,Tropical Vibes,17000,0.2,32000.0,33,1056000.0,495000.0
2025-11-04,Tuesday,0,1,Juicy Juice,Dynamic Green,17000,0.2,32000.0,21,672000.0,315000.0
2025-11-04,Tuesday,0,1,Juicy Juice,Sun Kissed,17000,0.1,36000.0,27,972000.0,513000.0
2025-11-05,Wednesday,0,1,Freshy Coconut,Coconut Water,8000,0.0,18000.0,74,1332000.0,740000.0
2025-11-05,Wednesday,0,1,Freshy Coconut,Kelapa Ijo,9000,0.2,16000.0,93,1488000.0,651000.0
2025-11-05,Wednesday,0,1,Nut Milk,Choco Blast,19000,0.0,45000.0,40,1800000.0,1040000.0
2025-11-05,Wednesday,0,1,Nut Milk,Vanilla Shake,19000,0.0,45000.0,14,630000.0,364000.0
2025-11-05,Wednesday,0,1,Juicy Juice,Tropical Vibes,17000,0.1,36000.0,32,1152000.0,608000.0
2025-11-05,Wednesday,0,1,Juicy Juice,Dynamic Green,17000,0.1,36000.0,18,648000.0,342000.0
2025-11-05,Wednesday,0,1,Juicy Juice,Sun Kissed,17000,0.0,40000.0,22,880000.0,506000.0
2025-11-06,Thursday,0,0,Freshy Coconut,Coconut Water,8000,0.0,18000.0,75,1350000.0,750000.0
2025-11-06,Thursday,0,0,Freshy Coconut,Kelapa Ijo,9000,0.0,20000.0,45,900000.0,495000.0
2025-11-06,Thursday,0,0,Nut Milk,Choco Blast,19000,0.1,40500.0,37,1498500.0,795500.0
2025-11-06,Thursday,0,0,Nut Milk,Vanilla Shake,19000,0.0,45000.0,10,450000.0,260000.0
2025-11-06,Thursday,0,0,Juicy Juice,Tropical Vibes,17000,0.1,36000.0,25,900000.0,475000.0
2025-11-06,Thursday,0,0,Juicy Juice,Dynamic Green,17000,0.2,32000.0,18,576000.0,270000.0
2025-11-06,Thursday,0,0,Juicy Juice,Sun Kissed,17000,0.2,32000.0,26,832000.0,390000.0
2025-11-07,Friday,1,0,Freshy Coconut,Coconut Water,8000,0.0,18000.0,78,1404000.0,780000.0
2025-11-07,Friday,1,0,Freshy Coconut,Kelapa Ijo,9000,0.0,20000.0,45,900000.0,495000.0
2025-11-07,Friday,1,0,Nut Milk,Choco Blast,19000,0.0,45000.0,36,1620000.0,936000.0
2025-11-07,Friday,1,0,Nut Milk,Vanilla Shake,19000,0.1,40500.0,18,729000.0,387000.0
2025-11-07,Friday,1,0,Juicy Juice,Tropical Vibes,17000,0.0,40000.0,25,1000000.0,575000.0
2025-11-07,Friday,1,0,Juicy Juice,Dynamic Green,17000,0.1,36000.0,16,576000.0,304000.0
2025-11-07,Friday,1,0,Juicy Juice,Sun Kissed,17000,0.0,40000.0,21,840000.0,483000.0
2025-11-08,Saturday,1,0,Freshy Coconut,Coconut Water,8000,0.0,18000.0,96,1728000.0,960000.0
2025-11-08,Saturday,1,0,Freshy Coconut,Kelapa Ijo,9000,0.0,20000.0,69,1380000.0,759000.0
2025-11-08,Saturday,1,0,Nut Milk,Choco Blast,19000,0.1,40500.0,52,2106000.0,1118000.0
2025-11-08,Saturday,1,0,Nut Milk,Vanilla Shake,19000,0.0,45000.0,22,990000.0,572000.0
2025-11-08,Saturday,1,0,Juicy Juice,Tropical Vibes,17000,0.1,36000.0,33,1188000.0,627000.0
2025-11-08,Saturday,1,0,Juicy Juice,Dynamic Green,17000,0.2,32000.0,19,608000.0,285000.0
2025-11-08,Saturday,1,0,Juicy Juice,Sun Kissed,17000,0.1,36000.0,33,1188000.0,627000.0
2025-11-09,Sunday,1,0,Freshy Coconut,Coconut Water,8000,0.1,16200.0,111,1798200.0,910200.0
2025-11-09,Sunday,1,0,Freshy Coconut,Kelapa Ijo,9000,0.1,18000.0,101,1818000.0,909000.0
2025-11-09,Sunday,1,0,Nut Milk,Choco Blast,19000,0.1,40500.0,54,2187000.0,1161000.0
2025-11-09,Sunday,1,0,Nut Milk,Vanilla Shake,19000,0.0,45000.0,20,900000.0,520000.0
2025-11-09,Sunday,1,0,Juicy Juice,Tropical Vibes,17000,0.0,40000.0,36,1440000.0,828000.0
2025-11-09,Sunday,1,0,Juicy Juice,Dynamic Green,17000,0.2,32000.0,24,768000.0,360000.0
2025-11-09,Sunday,1,0,Juicy Juice,Sun Kissed,17000,0.0,40000.0,25,1000000.0,575000.0
2025-11-10,Monday,0,0,Freshy Coconut,Coconut Water,8000,0.0,18000.0,54,972000.0,540000.0
2025-11-10,Monday,0,0,Freshy Coconut,Kelapa Ijo,9000,0.1,18000.0,54,972000.0,486000.0
2025-11-10,Monday,0,0,Nut Milk,Choco Blast,19000,0.2,36000.0,36,1296000.0,612000.0
2025-11-10,Monday,0,0,Nut Milk,Vanilla Shake,19000,0.2,36000.0,16,576000.0,272000.0
2025-11-10,Monday,0,0,Juicy Juice,Tropical Vibes,17000,0.2,32000.0,33,1056000.0,495000.0
2025-11-10,Monday,0,0,Juicy Juice,Dynamic Green,17000,0.0,40000.0,10,400000.0,230000.0
2025-11-10,Monday,0,0,Juicy Juice,Sun Kissed,17000,0.0,40000.0,18,720000.0,414000.0
2025-11-11,Tuesday,0,0,Freshy Coconut,Coconut Water,8000,0.0,18000.0,57,1026000.0,570000.0
2025-11-11,Tuesday,0,0,Freshy Coconut,Kelapa Ijo,9000,0.0,20000.0,50,1000000.0,550000.0
2025-11-11,Tuesday,0,0,Nut Milk,Choco Blast,19000,0.1,40500.0,32,1296000.0,688000.0
2025-11-11,Tuesday,0,0,Nut Milk,Vanilla Shake,19000,0.1,40500.0,14,567000.0,301000.0
2025-11-11,Tuesday,0,0,Juicy Juice,Tropical Vibes,17000,0.0,40000.0,19,760000.0,437000.0
2025-11-11,Tuesday,0,0,Juicy Juice,Dynamic Green,17000,0.2,32000.0,15,480000.0,225000.0
2025-11-11,Tuesday,0,0,Juicy Juice,Sun Kissed,17000,0.2,32000.0,24,768000.0,360000.0
2025-11-12,Wednesday,0,0,Freshy Coconut,Coconut Water,8000,0.0,18000.0,67,1206000.0,670000.0
2025-11-12,Wednesday,0,0,Freshy Coconut,Kelapa Ijo,9000,0.0,20000.0,51,1020000.0,561000.0
2025-11-12,Wednesday,0,0,Nut Milk,Choco Blast,19000,0.0,45000.0,33,1485000.0,858000.0
2025-11-12,Wednesday,0,0,Nut Milk,Vanilla Shake,19000,0.0,45000.0,11,495000.0,286000.0
2025-11-12,Wednesday,0,0,Juicy Juice,Tropical Vibes,17000,0.2,32000.0,22,704000.0,330000.0
2025-11-12,Wednesday,0,0,Juicy Juice,Dynamic Green,17000,0.1,36000.0,10,360000.0,190000.0
2025-11-12,Wednesday,0,0,Juicy Juice,Sun Kissed,17000,0.2,32000.0,20,640000.0,300000.0
2025-11-13,Thursday,0,0,Freshy Coconut,Coconut Water,8000,0.1,16200.0,95,1539000.0,779000.0
2025-11-13,Thursday,0,0,Freshy Coconut,Kelapa Ijo,9000,0.0,20000.0,46,920000.0,506000.0
2025-11-13,Thursday,0,0,Nut Milk,Choco Blast,19000,0.0,45000.0,32,1440000.0,832000.0
2025-11-13,Thursday,0,0,Nut Milk,Vanilla Shake,19000,0.0,45000.0,13,585000.0,338000.0
2025-11-13,Thursday,0,0,Juicy Juice,Tropical Vibes,17000,0.0,40000.0,21,840000.0,483000.0
2025-11-13,Thursday,0,0,Juicy Juice,Dynamic Green,17000,0.0,40000.0,12,480000.0,276000.0
2025-11-13,Thursday,0,0,Juicy Juice,Sun Kissed,17000,0.0,40000.0,17,680000.0,391000.0
2025-11-14,Friday,1,0,Freshy Coconut,Coconut Water,8000,0.1,16200.0,100,1620000.0,820000.0
2025-11-14,Friday,1,0,Freshy Coconut,Kelapa Ijo,9000,0.0,20000.0,58,1160000.0,638000.0
2025-11-14,Friday,1,0,Nut Milk,Choco Blast,19000,0.0,45000.0,41,1845000.0,1066000.0
2025-11-14,Friday,1,0,Nut Milk,Vanilla Shake,19000,0.1,40500.0,19,769500.0,408500.0
2025-11-14,Friday,1,0,Juicy Juice,Tropical Vibes,17000,0.1,36000.0,32,1152000.0,608000.0
2025-11-14,Friday,1,0,Juicy Juice,Dynamic Green,17000,0.0,40000.0,13,520000.0,299000.0
2025-11-14,Friday,1,0,Juicy Juice,Sun Kissed,17000,0.1,36000.0,24,864000.0,456000.0
2025-11-15,Saturday,1,0,Freshy Coconut,Coconut Water,8000,0.0,18000.0,87,1566000.0,870000.0
2025-11-15,Saturday,1,0,Freshy Coconut,Kelapa Ijo,9000,0.1,18000.0,80,1440000.0,720000.0
2025-11-15,Saturday,1,0,Nut Milk,Choco Blast,19000,0.2,36000.0,64,2304000.0,1088000.0
2025-11-15,Saturday,1,0,Nut Milk,Vanilla Shake,19000,0.0,45000.0,17,765000.0,442000.0
2025-11-15,Saturday,1,0,Juicy Juice,Tropical Vibes,17000,0.0,40000.0,21,840000.0,483000.0
2025-11-15,Saturday,1,0,Juicy Juice,Dynamic Green,17000,0.0,40000.0,14,560000.0,322000.0
2025-11-15,Saturday,1,0,Juicy Juice,Sun Kissed,17000,0.0,40000.0,22,880000.0,506000.0
2025-11-16,Sunday,1,0,Freshy Coconut,Coconut Water,8000,0.1,16200.0,130,2106000.0,1066000.0
2025-11-16,Sunday,1,0,Freshy Coconut,Kelapa Ijo,9000,0.1,18000.0,89,1602000.0,801000.0
2025-11-16,Sunday,1,0,Nut Milk,Choco Blast,19000,0.1,40500.0,70,2835000.0,1505000.0
2025-11-16,Sunday,1,0,Nut Milk,Vanilla Shake,19000,0.1,40500.0,23,931500.0,494500.0
2025-11-16,Sunday,1,0,Juicy Juice,Tropical Vibes,17000,0.1,36000.0,39,1404000.0,741000.0
2025-11-16,Sunday,1,0,Juicy Juice,Dynamic Green,17000,0.0,40000.0,17,680000.0,391000.0
2025-11-16,Sunday,1,0,Juicy Juice,Sun Kissed,17000,0.1,36000.0,35,1260000.0,665000.0
2025-11-17,Monday,0,0,Freshy Coconut,Coconut Water,8000,0.2,14400.0,98,1411200.0,627200.0
2025-11-17,Monday,0,0,Freshy Coconut,Kelapa Ijo,9000,0.0,20000.0,45,900000.0,495000.0
2025-11-17,Monday,0,0,Nut Milk,Choco Blast,19000,0.0,45000.0,26,1170000.0,676000.0
2025-11-17,Monday,0,0,Nut Milk,Vanilla Shake,19000,0.0,45000.0,12,540000.0,312000.0
2025-11-17,Monday,0,0,Juicy Juice,Tropical Vibes,17000,0.2,32000.0,32,1024000.0,480000.0
2025-11-17,Monday,0,0,Juicy Juice,Dynamic Green,17000,0.0,40000.0,10,400000.0,230000.0
2025-11-17,Monday,0,0,Juicy Juice,Sun Kissed,17000,0.1,36000.0,23,828000.0,437000.0
2025-11-18,Tuesday,0,0,Freshy Coconut,Coconut Water,8000,0.1,16200.0,82,1328400.0,672400.0
2025-11-18,Tuesday,0,0,Freshy Coconut,Kelapa Ijo,9000,0.1,18000.0,50,900000.0,450000.0
2025-11-18,Tuesday,0,0,Nut Milk,Choco Blast,19000,0.0,45000.0,28,1260000.0,728000.0
2025-11-18,Tuesday,0,0,Nut Milk,Vanilla Shake,19000,0.0,45000.0,10,450000.0,260000.0
2025-11-18,Tuesday,0,0,Juicy Juice,Tropical Vibes,17000,0.0,40000.0,18,720000.0,414000.0
2025-11-18,Tuesday,0,0,Juicy Juice,Dynamic Green,17000,0.1,36000.0,9,324000.0,171000.0
2025-11-18,Tuesday,0,0,Juicy Juice,Sun Kissed,17000,0.1,36000.0,19,684000.0,361000.0
2025-11-19,Wednesday,0,0,Freshy Coconut,Coconut Water,8000,0.1,16200.0,76,1231200.0,623200.0
2025-11-19,Wednesday,0,0,Freshy Coconut,Kelapa Ijo,9000,0.2,16000.0,66,1056000.0,462000.0
2025-11-19,Wednesday,0,0,Nut Milk,Choco Blast,19000,0.0,45000.0,32,1440000.0,832000.0
2025-11-19,Wednesday,0,0,Nut Milk,Vanilla Shake,19000,0.0,45000.0,13,585000.0,338000.0
2025-11-19,Wednesday,0,0,Juicy Juice,Tropical Vibes,17000,0.0,40000.0,17,680000.0,391000.0
2025-11-19,Wednesday,0,0,Juicy Juice,Dynamic Green,17000,0.1,36000.0,12,432000.0,228000.0
2025-11-19,Wednesday,0,0,Juicy Juice,Sun Kissed,17000,0.2,32000.0,21,672000.0,315000.0
2025-11-20,Thursday,0,0,Freshy Coconut,Coconut Water,8000,0.0,18000.0,68,1224000.0,680000.0
2025-11-20,Thursday,0,0,Freshy Coconut,Kelapa Ijo,9000,0.1,18000.0,59,1062000.0,531000.0
2025-11-20,Thursday,0,0,Nut Milk,Choco Blast,19000,0.0,45000.0,33,1485000.0,858000.0
2025-11-20,Thursday,0,0,Nut Milk,Vanilla Shake,19000,0.0,45000.0,13,585000.0,338000.0
2025-11-20,Thursday,0,0,Juicy Juice,Tropical Vibes,17000,0.0,40000.0,25,1000000.0,575000.0
2025-11-20,Thursday,0,0,Juicy Juice,Dynamic Green,17000,0.0,40000.0,11,440000.0,253000.0
2025-11-20,Thursday,0,0,Juicy Juice,Sun Kissed,17000,0.0,40000.0,20,800000.0,460000.0
2025-11-21,Friday,1,0,Freshy Coconut,Coconut Water,8000,0.0,18000.0,78,1404000.0,780000.0
2025-11-21,Friday,1,0,Freshy Coconut,Kelapa Ijo,9000,0.1,18000.0,64,1152000.0,576000.0
2025-11-21,Friday,1,0,Nut Milk,Choco Blast,19000,0.0,45000.0,38,1710000.0,988000.0
2025-11-21,Friday,1,0,Nut Milk,Vanilla Shake,19000,0.0,45000.0,15,675000.0,390000.0
2025-11-21,Friday,1,0,Juicy Juice,Tropical Vibes,17000,0.0,40000.0,27,1080000.0,621000.0
2025-11-21,Friday,1,0,Juicy Juice,Dynamic Green,17000,0.0,40000.0,13,520000.0,299000.0
2025-11-21,Friday,1,0,Juicy Juice,Sun Kissed,17000,0.1,36000.0,30,1080000.0,570000.0
2025-11-22,Saturday,1,0,Freshy Coconut,Coconut Water,8000,0.0,18000.0,97,1746000.0,970000.0
2025-11-22,Saturday,1,0,Freshy Coconut,Kelapa Ijo,9000,0.0,20000.0,68,1360000.0,748000.0
2025-11-22,Saturday,1,0,Nut Milk,Choco Blast,19000,0.1,40500.0,48,1944000.0,1032000.0
2025-11-22,Saturday,1,0,Nut Milk,Vanilla Shake,19000,0.0,45000.0,16,720000.0,416000.0
2025-11-22,Saturday,1,0,Juicy Juice,Tropical Vibes,17000,0.0,40000.0,28,1120000.0,644000.0
2025-11-22,Saturday,1,0,Juicy Juice,Dynamic Green,17000,0.1,36000.0,19,684000.0,361000.0
2025-11-22,Saturday,1,0,Juicy Juice,Sun Kissed,17000,0.2,32000.0,41,1312000.0,615000.0
2025-11-23,Sunday,1,0,Freshy Coconut,Coconut Water,8000,0.0,18000.0,95,1710000.0,950000.0
2025-11-23,Sunday,1,0,Freshy Coconut,Kelapa Ijo,9000,0.1,18000.0,93,1674000.0,837000.0
2025-11-23,Sunday,1,0,Nut Milk,Choco Blast,19000,0.0,45000.0,49,2205000.0,1274000.0
2025-11-23,Sunday,1,0,Nut Milk,Vanilla Shake,19000,0.1,40500.0,24,972000.0,516000.0
2025-11-23,Sunday,1,0,Juicy Juice,Tropical Vibes,17000,0.2,32000.0,46,1472000.0,690000.0
2025-11-23,Sunday,1,0,Juicy Juice,Dynamic Green,17000,0.0,40000.0,16,640000.0,368000.0
2025-11-23,Sunday,1,0,Juicy Juice,Sun Kissed,17000,0.0,40000.0,22,880000.0,506000.0
2025-11-24,Monday,0,0,Freshy Coconut,Coconut Water,8000,0.2,14400.0,86,1238400.0,550400.0
2025-11-24,Monday,0,0,Freshy Coconut,Kelapa Ijo,9000,0.0,20000.0,44,880000.0,484000.0
2025-11-24,Monday,0,0,Nut Milk,Choco Blast,19000,0.0,45000.0,32,1440000.0,832000.0
2025-11-24,Monday,0,0,Nut Milk,Vanilla Shake,19000,0.0,45000.0,12,540000.0,312000.0
2025-11-24,Monday,0,0,Juicy Juice,Tropical Vibes,17000,0.0,40000.0,18,720000.0,414000.0
2025-11-24,Monday,0,0,Juicy Juice,Dynamic Green,17000,0.1,36000.0,14,504000.0,266000.0
2025-11-24,Monday,0,0,Juicy Juice,Sun Kissed,17000,0.0,40000.0,17,680000.0,391000.0
2025-11-25,Tuesday,0,0,Freshy Coconut,Coconut Water,8000,0.1,16200.0,78,1263600.0,639600.0
2025-11-25,Tuesday,0,0,Freshy Coconut,Kelapa Ijo,9000,0.0,20000.0,47,940000.0,517000.0
2025-11-25,Tuesday,0,0,Nut Milk,Choco Blast,19000,0.0,45000.0,27,1215000.0,702000.0
2025-11-25,Tuesday,0,0,Nut Milk,Vanilla Shake,19000,0.1,40500.0,16,648000.0,344000.0
2025-11-25,Tuesday,0,0,Juicy Juice,Tropical Vibes,17000,0.0,40000.0,18,720000.0,414000.0
2025-11-25,Tuesday,0,0,Juicy Juice,Dynamic Green,17000,0.0,40000.0,7,280000.0,161000.0
2025-11-25,Tuesday,0,0,Juicy Juice,Sun Kissed,17000,0.2,32000.0,19,608000.0,285000.0
2025-11-26,Wednesday,0,1,Freshy Coconut,Coconut Water,8000,0.1,16200.0,113,1830600.0,926600.0
2025-11-26,Wednesday,0,1,Freshy Coconut,Kelapa Ijo,9000,0.2,16000.0,89,1424000.0,623000.0
2025-11-26,Wednesday,0,1,Nut Milk,Choco Blast,19000,0.0,45000.0,39,1755000.0,1014000.0
2025-11-26,Wednesday,0,1,Nut Milk,Vanilla Shake,19000,0.0,45000.0,16,720000.0,416000.0
2025-11-26,Wednesday,0,1,Juicy Juice,Tropical Vibes,17000,0.0,40000.0,28,1120000.0,644000.0
2025-11-26,Wednesday,0,1,Juicy Juice,Dynamic Green,17000,0.1,36000.0,14,504000.0,266000.0
2025-11-26,Wednesday,0,1,Juicy Juice,Sun Kissed,17000,0.0,40000.0,22,880000.0,506000.0
2025-11-27,Thursday,0,1,Freshy Coconut,Coconut Water,8000,0.2,14400.0,128,1843200.0,819200.0
2025-11-27,Thursday,0,1,Freshy Coconut,Kelapa Ijo,9000,0.1,18000.0,68,1224000.0,612000.0
2025-11-27,Thursday,0,1,Nut Milk,Choco Blast,19000,0.1,40500.0,59,2389500.0,1268500.0
2025-11-27,Thursday,0,1,Nut Milk,Vanilla Shake,19000,0.0,45000.0,20,900000.0,520000.0
2025-11-27,Thursday,0,1,Juicy Juice,Tropical Vibes,17000,0.1,36000.0,33,1188000.0,627000.0
2025-11-27,Thursday,0,1,Juicy Juice,Dynamic Green,17000,0.1,36000.0,19,684000.0,361000.0
2025-11-27,Thursday,0,1,Juicy Juice,Sun Kissed,17000,0.0,40000.0,30,1200000.0,690000.0
2025-11-28,Friday,1,1,Freshy Coconut,Coconut Water,8000,0.0,18000.0,110,1980000.0,1100000.0
2025-11-28,Friday,1,1,Freshy Coconut,Kelapa Ijo,9000,0.0,20000.0,75,1500000.0,825000.0
2025-11-28,Friday,1,1,Nut Milk,Choco Blast,19000,0.0,45000.0,55,2475000.0,1430000.0
2025-11-28,Friday,1,1,Nut Milk,Vanilla Shake,19000,0.0,45000.0,24,1080000.0,624000.0
2025-11-28,Friday,1,1,Juicy Juice,Tropical Vibes,17000,0.1,36000.0,37,1332000.0,703000.0
2025-11-28,Friday,1,1,Juicy Juice,Dynamic Green,17000,0.0,40000.0,16,640000.0,368000.0
2025-11-28,Friday,1,1,Juicy Juice,Sun Kissed,17000,0.0,40000.0,27,1080000.0,621000.0
2025-11-29,Saturday,1,1,Freshy Coconut,Coconut Water,8000,0.0,18000.0,130,2340000.0,1300000.0
2025-11-29,Saturday,1,1,Freshy Coconut,Kelapa Ijo,9000,0.0,20000.0,102,2040000.0,1122000.0
2025-11-29,Saturday,1,1,Nut Milk,Choco Blast,19000,0.2,36000.0,76,2736000.0,1292000.0
2025-11-29,Saturday,1,1,Nut Milk,Vanilla Shake,19000,0.1,40500.0,29,1174500.0,623500.0
2025-11-29,Saturday,1,1,Juicy Juice,Tropical Vibes,17000,0.0,40000.0,41,1640000.0,943000.0
2025-11-29,Saturday,1,1,Juicy Juice,Dynamic Green,17000,0.2,32000.0,28,896000.0,420000.0
2025-11-29,Saturday,1,1,Juicy Juice,Sun Kissed,17000,0.0,40000.0,28,1120000.0,644000.0
2025-11-30,Sunday,1,1,Freshy Coconut,Coconut Water,8000,0.0,18000.0,150,2700000.0,1500000.0
2025-11-30,Sunday,1,1,Freshy Coconut,Kelapa Ijo,9000,0.0,20000.0,113,2260000.0,1243000.0
2025-11-30,Sunday,1,1,Nut Milk,Choco Blast,19000,0.0,45000.0,58,2610000.0,1508000.0
2025-11-30,Sunday,1,1,Nut Milk,Vanilla Shake,19000,0.0,45000.0,26,1170000.0,676000.0
2025-11-30,Sunday,1,1,Juicy Juice,Tropical Vibes,17000,0.1,36000.0,48,1728000.0,912000.0
2025-11-30,Sunday,1,1,Juicy Juice,Dynamic Green,17000,0.1,36000.0,26,936000.0,494000.0
2025-11-30,Sunday,1,1,Juicy Juice,Sun Kissed,17000,0.0,40000.0,44,1760000.0,1012000.0
