Inventory_ID,Date,SKU,Channel,Quantity_Produced,Expiry_Date,Batch_ID
INV-010000,2025-09-01,CB001,Shopee,21,2025-09-08,BAT-4835
INV-010001,2025-09-01,CW001,Shopee,28,2025-09-08,BAT-9520
INV-010002,2025-09-01,DG001,Shopee,2,2025-09-08,BAT-2938
INV-010003,2025-09-01,KI001,Shopee,26,2025-09-08,BAT-8951
INV-010004,2025-09-01,SK001,Shopee,8,2025-09-06,BAT-6965
INV-010005,2025-09-01,TV001,Shopee,10,2025-09-08,BAT-8024
INV-010006,2025-09-01,VS001,Shopee,4,2025-09-07,BAT-2270
INV-010007,2025-09-01,CB001,Store A,12,2025-09-07,BAT-1382
INV-010008,2025-09-01,CW001,Store A,9,2025-09-06,BAT-3072
INV-010009,2025-09-01,KI001,Store A,12,2025-09-06,BAT-3174
INV-010010,2025-09-01,SK001,Store A,8,2025-09-08,BAT-6873
INV-010011,2025-09-01,TV001,Store A,6,2025-09-08,BAT-9552
INV-010012,2025-09-01,VS001,Store A,5,2025-09-06,BAT-7228
INV-010013,2025-09-01,CB001,Store B,9,2025-09-06,BAT-1095
INV-010014,2025-09-01,CW001,Store B,15,2025-09-08,BAT-7038
INV-010015,2025-09-01,DG001,Store B,3,2025-09-06,BAT-8552
INV-010016,2025-09-01,KI001,Store B,7,2025-09-08,BAT-6150
INV-010017,2025-09-01,SK001,Store B,4,2025-09-06,BAT-8545
INV-010018,2025-09-01,TV001,Store B,8,2025-09-07,BAT-2478
INV-010019,2025-09-01,VS001,Store B,6,2025-09-06,BAT-8999
INV-010020,2025-09-01,CB001,Store C,19,2025-09-08,BAT-4029
INV-010021,2025-09-01,CW001,Store C,41,2025-09-06,BAT-9877
INV-010022,2025-09-01,DG001,Store C,6,2025-09-08,BAT-3370
INV-010023,2025-09-01,KI001,Store C,16,2025-09-08,BAT-7599
INV-010024,2025-09-01,SK001,Store C,9,2025-09-07,BAT-5362
INV-010025,2025-09-01,TV001,Store C,11,2025-09-06,BAT-8823
INV-010026,2025-09-01,VS001,Store C,8,2025-09-08,BAT-2219
INV-010027,2025-09-01,CB001,WhatsApp,3,2025-09-08,BAT-5330
INV-010028,2025-09-01,CW001,WhatsApp,5,2025-09-07,BAT-5364
INV-010029,2025-09-01,DG001,WhatsApp,5,2025-09-06,BAT-6678
INV-010030,2025-09-01,KI001,WhatsApp,11,2025-09-07,BAT-8964
INV-010031,2025-09-01,SK001,WhatsApp,2,2025-09-06,BAT-6225
INV-010032,2025-09-02,CB001,Shopee,19,2025-09-09,BAT-3071
INV-010033,2025-09-02,CW001,Shopee,17,2025-09-09,BAT-3318
INV-010034,2025-09-02,DG001,Shopee,9,2025-09-08,BAT-9141
INV-010035,2025-09-02,KI001,Shopee,20,2025-09-09,BAT-1295
INV-010036,2025-09-02,SK001,Shopee,3,2025-09-07,BAT-2038
INV-010037,2025-09-02,TV001,Shopee,9,2025-09-07,BAT-6606
INV-010038,2025-09-02,VS001,Shopee,7,2025-09-07,BAT-8526
INV-010039,2025-09-02,CB001,Store A,9,2025-09-07,BAT-5562
INV-010040,2025-09-02,CW001,Store A,19,2025-09-08,BAT-3910
INV-010041,2025-09-02,KI001,Store A,6,2025-09-09,BAT-6375
INV-010042,2025-09-02,SK001,Store A,2,2025-09-08,BAT-1082
INV-010043,2025-09-02,TV001,Store A,10,2025-09-08,BAT-9522
INV-010044,2025-09-02,VS001,Store A,11,2025-09-09,BAT-3994
INV-010045,2025-09-02,CB001,Store B,13,2025-09-08,BAT-8415
INV-010046,2025-09-02,CW001,Store B,18,2025-09-07,BAT-7876
INV-010047,2025-09-02,DG001,Store B,3,2025-09-09,BAT-7113
INV-010048,2025-09-02,KI001,Store B,14,2025-09-07,BAT-1965
INV-010049,2025-09-02,SK001,Store B,6,2025-09-09,BAT-1966
INV-010050,2025-09-02,TV001,Store B,3,2025-09-09,BAT-7091
INV-010051,2025-09-02,VS001,Store B,3,2025-09-09,BAT-3916
INV-010052,2025-09-02,CB001,Store C,19,2025-09-07,BAT-2411
INV-010053,2025-09-02,CW001,Store C,37,2025-09-08,BAT-2324
INV-010054,2025-09-02,DG001,Store C,4,2025-09-07,BAT-6942
INV-010055,2025-09-02,KI001,Store C,29,2025-09-08,BAT-1872
INV-010056,2025-09-02,SK001,Store C,10,2025-09-07,BAT-4270
INV-010057,2025-09-02,TV001,Store C,11,2025-09-08,BAT-2161
INV-010058,2025-09-02,VS001,Store C,12,2025-09-09,BAT-6143
INV-010059,2025-09-02,CB001,WhatsApp,4,2025-09-07,BAT-8927
INV-010060,2025-09-02,CW001,WhatsApp,9,2025-09-09,BAT-2419
INV-010061,2025-09-02,DG001,WhatsApp,4,2025-09-09,BAT-6116
INV-010062,2025-09-02,KI001,WhatsApp,23,2025-09-08,BAT-5801
INV-010063,2025-09-02,SK001,WhatsApp,2,2025-09-09,BAT-3307
INV-010064,2025-09-02,TV001,WhatsApp,4,2025-09-09,BAT-8673
INV-010065,2025-09-02,VS001,WhatsApp,4,2025-09-09,BAT-4495
INV-010066,2025-09-03,CB001,Shopee,13,2025-09-09,BAT-6646
INV-010067,2025-09-03,CW001,Shopee,12,2025-09-09,BAT-5571
INV-010068,2025-09-03,KI001,Shopee,13,2025-09-08,BAT-7773
INV-010069,2025-09-03,SK001,Shopee,4,2025-09-08,BAT-9432
INV-010070,2025-09-03,TV001,Shopee,18,2025-09-09,BAT-4312
INV-010071,2025-09-03,VS001,Shopee,4,2025-09-10,BAT-2354
INV-010072,2025-09-03,CB001,Store A,15,2025-09-10,BAT-2158
INV-010073,2025-09-03,CW001,Store A,21,2025-09-09,BAT-1743
INV-010074,2025-09-03,DG001,Store A,6,2025-09-10,BAT-7607
INV-010075,2025-09-03,KI001,Store A,17,2025-09-08,BAT-2125
INV-010076,2025-09-03,SK001,Store A,4,2025-09-09,BAT-4495
INV-010077,2025-09-03,TV001,Store A,10,2025-09-10,BAT-6897
INV-010078,2025-09-03,VS001,Store A,5,2025-09-10,BAT-4964
INV-010079,2025-09-03,CB001,Store B,7,2025-09-08,BAT-7892
INV-010080,2025-09-03,CW001,Store B,20,2025-09-09,BAT-5472
INV-010081,2025-09-03,DG001,Store B,2,2025-09-09,BAT-1637
INV-010082,2025-09-03,KI001,Store B,8,2025-09-09,BAT-4174
INV-010083,2025-09-03,SK001,Store B,8,2025-09-08,BAT-5118
INV-010084,2025-09-03,TV001,Store B,8,2025-09-10,BAT-9247
INV-010085,2025-09-03,VS001,Store B,4,2025-09-09,BAT-3897
INV-010086,2025-09-03,CB001,Store C,29,2025-09-08,BAT-7268
INV-010087,2025-09-03,CW001,Store C,40,2025-09-10,BAT-5881
INV-010088,2025-09-03,DG001,Store C,5,2025-09-08,BAT-9850
INV-010089,2025-09-03,KI001,Store C,34,2025-09-09,BAT-1869
INV-010090,2025-09-03,SK001,Store C,16,2025-09-09,BAT-5533
INV-010091,2025-09-03,TV001,Store C,9,2025-09-09,BAT-6899
INV-010092,2025-09-03,VS001,Store C,7,2025-09-09,BAT-6774
INV-010093,2025-09-03,CB001,WhatsApp,5,2025-09-09,BAT-3612
INV-010094,2025-09-03,CW001,WhatsApp,11,2025-09-08,BAT-1159
INV-010095,2025-09-03,DG001,WhatsApp,3,2025-09-10,BAT-6460
INV-010096,2025-09-03,KI001,WhatsApp,6,2025-09-09,BAT-2755
INV-010097,2025-09-03,SK001,WhatsApp,3,2025-09-10,BAT-6070
INV-010098,2025-09-03,TV001,WhatsApp,8,2025-09-10,BAT-2666
INV-010099,2025-09-03,VS001,WhatsApp,3,2025-09-08,BAT-2365
INV-010100,2025-09-04,CB001,Shopee,30,2025-09-10,BAT-9315
INV-010101,2025-09-04,CW001,Shopee,18,2025-09-09,BAT-1312
INV-010102,2025-09-04,DG001,Shopee,7,2025-09-10,BAT-8293
INV-010103,2025-09-04,KI001,Shopee,23,2025-09-09,BAT-3902
INV-010104,2025-09-04,SK001,Shopee,7,2025-09-09,BAT-7653
INV-010105,2025-09-04,TV001,Shopee,16,2025-09-10,BAT-4830
INV-010106,2025-09-04,VS001,Shopee,4,2025-09-10,BAT-2362
INV-010107,2025-09-04,CB001,Store A,6,2025-09-09,BAT-2354
INV-010108,2025-09-04,CW001,Store A,15,2025-09-09,BAT-8171
INV-010109,2025-09-04,DG001,Store A,4,2025-09-11,BAT-6854
INV-010110,2025-09-04,KI001,Store A,7,2025-09-09,BAT-1173
INV-010111,2025-09-04,SK001,Store A,12,2025-09-10,BAT-1831
INV-010112,2025-09-04,TV001,Store A,7,2025-09-09,BAT-6525
INV-010113,2025-09-04,VS001,Store A,4,2025-09-11,BAT-3999
INV-010114,2025-09-04,CB001,Store B,16,2025-09-10,BAT-5253
INV-010115,2025-09-04,CW001,Store B,13,2025-09-11,BAT-6567
INV-010116,2025-09-04,DG001,Store B,2,2025-09-10,BAT-1718
INV-010117,2025-09-04,KI001,Store B,10,2025-09-10,BAT-2636
INV-010118,2025-09-04,TV001,Store B,11,2025-09-11,BAT-4133
INV-010119,2025-09-04,VS001,Store B,3,2025-09-10,BAT-1811
INV-010120,2025-09-04,CB001,Store C,17,2025-09-11,BAT-6999
INV-010121,2025-09-04,CW001,Store C,25,2025-09-09,BAT-2077
INV-010122,2025-09-04,DG001,Store C,4,2025-09-10,BAT-5716
INV-010123,2025-09-04,KI001,Store C,34,2025-09-11,BAT-4542
INV-010124,2025-09-04,SK001,Store C,17,2025-09-11,BAT-1199
INV-010125,2025-09-04,TV001,Store C,13,2025-09-11,BAT-2941
INV-010126,2025-09-04,VS001,Store C,5,2025-09-10,BAT-3065
INV-010127,2025-09-04,CB001,WhatsApp,5,2025-09-09,BAT-8019
INV-010128,2025-09-04,CW001,WhatsApp,13,2025-09-11,BAT-5656
INV-010129,2025-09-04,KI001,WhatsApp,14,2025-09-11,BAT-5913
INV-010130,2025-09-04,SK001,WhatsApp,5,2025-09-09,BAT-4627
INV-010131,2025-09-04,VS001,WhatsApp,9,2025-09-10,BAT-3855
INV-010132,2025-09-05,CB001,Shopee,10,2025-09-11,BAT-6670
INV-010133,2025-09-05,CW001,Shopee,28,2025-09-10,BAT-7124
INV-010134,2025-09-05,DG001,Shopee,8,2025-09-11,BAT-3400
INV-010135,2025-09-05,KI001,Shopee,18,2025-09-11,BAT-2157
INV-010136,2025-09-05,SK001,Shopee,3,2025-09-11,BAT-8977
INV-010137,2025-09-05,TV001,Shopee,4,2025-09-12,BAT-1213
INV-010138,2025-09-05,VS001,Shopee,6,2025-09-11,BAT-8020
INV-010139,2025-09-05,CB001,Store A,7,2025-09-12,BAT-1963
INV-010140,2025-09-05,CW001,Store A,26,2025-09-11,BAT-8196
INV-010141,2025-09-05,DG001,Store A,2,2025-09-10,BAT-4958
INV-010142,2025-09-05,KI001,Store A,17,2025-09-12,BAT-5375
INV-010143,2025-09-05,SK001,Store A,5,2025-09-10,BAT-4568
INV-010144,2025-09-05,TV001,Store A,5,2025-09-12,BAT-5734
INV-010145,2025-09-05,VS001,Store A,5,2025-09-12,BAT-7143
INV-010146,2025-09-05,CB001,Store B,22,2025-09-10,BAT-1045
INV-010147,2025-09-05,CW001,Store B,28,2025-09-11,BAT-7176
INV-010148,2025-09-05,KI001,Store B,17,2025-09-10,BAT-6475
INV-010149,2025-09-05,SK001,Store B,13,2025-09-10,BAT-3632
INV-010150,2025-09-05,TV001,Store B,8,2025-09-10,BAT-2194
INV-010151,2025-09-05,VS001,Store B,13,2025-09-11,BAT-6129
INV-010152,2025-09-05,CB001,Store C,19,2025-09-11,BAT-4008
INV-010153,2025-09-05,CW001,Store C,38,2025-09-11,BAT-9802
INV-010154,2025-09-05,DG001,Store C,7,2025-09-12,BAT-2001
INV-010155,2025-09-05,KI001,Store C,28,2025-09-12,BAT-3448
INV-010156,2025-09-05,SK001,Store C,18,2025-09-10,BAT-6041
INV-010157,2025-09-05,TV001,Store C,18,2025-09-10,BAT-2142
INV-010158,2025-09-05,VS001,Store C,6,2025-09-10,BAT-1652
INV-010159,2025-09-05,CB001,WhatsApp,4,2025-09-11,BAT-1760
INV-010160,2025-09-05,CW001,WhatsApp,7,2025-09-10,BAT-9863
INV-010161,2025-09-05,DG001,WhatsApp,2,2025-09-11,BAT-9362
INV-010162,2025-09-05,KI001,WhatsApp,9,2025-09-10,BAT-3481
INV-010163,2025-09-05,SK001,WhatsApp,8,2025-09-10,BAT-2448
INV-010164,2025-09-05,TV001,WhatsApp,4,2025-09-11,BAT-4603
INV-010165,2025-09-05,VS001,WhatsApp,2,2025-09-12,BAT-1106
INV-010166,2025-09-06,CB001,Shopee,12,2025-09-13,BAT-6480
INV-010167,2025-09-06,CW001,Shopee,15,2025-09-12,BAT-6473
INV-010168,2025-09-06,DG001,Shopee,4,2025-09-13,BAT-9897
INV-010169,2025-09-06,KI001,Shopee,23,2025-09-13,BAT-4048
INV-010170,2025-09-06,SK001,Shopee,7,2025-09-13,BAT-7938
INV-010171,2025-09-06,TV001,Shopee,10,2025-09-12,BAT-1760
INV-010172,2025-09-06,VS001,Shopee,4,2025-09-11,BAT-7866
INV-010173,2025-09-06,CB001,Store A,6,2025-09-11,BAT-1138
INV-010174,2025-09-06,CW001,Store A,15,2025-09-11,BAT-8496
INV-010175,2025-09-06,DG001,Store A,4,2025-09-13,BAT-4056
INV-010176,2025-09-06,KI001,Store A,17,2025-09-12,BAT-8591
INV-010177,2025-09-06,SK001,Store A,2,2025-09-13,BAT-3065
INV-010178,2025-09-06,TV001,Store A,4,2025-09-12,BAT-2876
INV-010179,2025-09-06,VS001,Store A,6,2025-09-12,BAT-3655
INV-010180,2025-09-06,CB001,Store B,7,2025-09-13,BAT-1100
INV-010181,2025-09-06,CW001,Store B,10,2025-09-12,BAT-3756
INV-010182,2025-09-06,DG001,Store B,3,2025-09-13,BAT-3800
INV-010183,2025-09-06,KI001,Store B,11,2025-09-13,BAT-3039
INV-010184,2025-09-06,SK001,Store B,2,2025-09-12,BAT-1070
INV-010185,2025-09-06,TV001,Store B,7,2025-09-13,BAT-2547
INV-010186,2025-09-06,VS001,Store B,3,2025-09-11,BAT-9243
INV-010187,2025-09-06,CB001,Store C,10,2025-09-13,BAT-7085
INV-010188,2025-09-06,CW001,Store C,25,2025-09-13,BAT-2336
INV-010189,2025-09-06,DG001,Store C,4,2025-09-12,BAT-8598
INV-010190,2025-09-06,KI001,Store C,20,2025-09-12,BAT-3743
INV-010191,2025-09-06,SK001,Store C,6,2025-09-11,BAT-7254
INV-010192,2025-09-06,TV001,Store C,26,2025-09-11,BAT-1824
INV-010193,2025-09-06,VS001,Store C,4,2025-09-12,BAT-4872
INV-010194,2025-09-06,CB001,WhatsApp,3,2025-09-13,BAT-4538
INV-010195,2025-09-06,CW001,WhatsApp,21,2025-09-12,BAT-3532
INV-010196,2025-09-06,KI001,WhatsApp,7,2025-09-13,BAT-8857
INV-010197,2025-09-06,SK001,WhatsApp,2,2025-09-13,BAT-5523
INV-010198,2025-09-06,TV001,WhatsApp,10,2025-09-12,BAT-1875
INV-010199,2025-09-06,VS001,WhatsApp,2,2025-09-13,BAT-3262
INV-010200,2025-09-07,CB001,Shopee,9,2025-09-13,BAT-3662
INV-010201,2025-09-07,CW001,Shopee,20,2025-09-12,BAT-4502
INV-010202,2025-09-07,DG001,Shopee,6,2025-09-14,BAT-3088
INV-010203,2025-09-07,KI001,Shopee,21,2025-09-12,BAT-3216
INV-010204,2025-09-07,SK001,Shopee,3,2025-09-12,BAT-1969
INV-010205,2025-09-07,TV001,Shopee,4,2025-09-13,BAT-5566
INV-010206,2025-09-07,VS001,Shopee,3,2025-09-13,BAT-4463
INV-010207,2025-09-07,CB001,Store A,11,2025-09-14,BAT-9599
INV-010208,2025-09-07,CW001,Store A,18,2025-09-12,BAT-7905
INV-010209,2025-09-07,DG001,Store A,5,2025-09-13,BAT-4215
INV-010210,2025-09-07,KI001,Store A,6,2025-09-14,BAT-3073
INV-010211,2025-09-07,SK001,Store A,6,2025-09-14,BAT-1213
INV-010212,2025-09-07,TV001,Store A,5,2025-09-14,BAT-4405
INV-010213,2025-09-07,VS001,Store A,4,2025-09-13,BAT-3445
INV-010214,2025-09-07,CW001,Store B,14,2025-09-12,BAT-3139
INV-010215,2025-09-07,DG001,Store B,3,2025-09-13,BAT-6884
INV-010216,2025-09-07,KI001,Store B,11,2025-09-12,BAT-2691
INV-010217,2025-09-07,SK001,Store B,2,2025-09-14,BAT-4177
INV-010218,2025-09-07,TV001,Store B,8,2025-09-12,BAT-9246
INV-010219,2025-09-07,VS001,Store B,2,2025-09-13,BAT-1770
INV-010220,2025-09-07,CB001,Store C,34,2025-09-13,BAT-4228
INV-010221,2025-09-07,CW001,Store C,32,2025-09-12,BAT-6643
INV-010222,2025-09-07,DG001,Store C,2,2025-09-14,BAT-4781
INV-010223,2025-09-07,KI001,Store C,17,2025-09-13,BAT-8486
INV-010224,2025-09-07,SK001,Store C,16,2025-09-13,BAT-2572
INV-010225,2025-09-07,TV001,Store C,12,2025-09-12,BAT-3163
INV-010226,2025-09-07,VS001,Store C,6,2025-09-14,BAT-1375
INV-010227,2025-09-07,CB001,WhatsApp,4,2025-09-14,BAT-2468
INV-010228,2025-09-07,CW001,WhatsApp,21,2025-09-14,BAT-2212
INV-010229,2025-09-07,DG001,WhatsApp,5,2025-09-13,BAT-1669
INV-010230,2025-09-07,KI001,WhatsApp,5,2025-09-12,BAT-9698
INV-010231,2025-09-07,SK001,WhatsApp,5,2025-09-12,BAT-5319
INV-010232,2025-09-07,TV001,WhatsApp,4,2025-09-14,BAT-9867
INV-010233,2025-09-07,VS001,WhatsApp,10,2025-09-12,BAT-7342
INV-010234,2025-09-08,CB001,Shopee,4,2025-09-13,BAT-2329
INV-010235,2025-09-08,CW001,Shopee,8,2025-09-13,BAT-2941
INV-010236,2025-09-08,DG001,Shopee,3,2025-09-13,BAT-9209
INV-010237,2025-09-08,KI001,Shopee,14,2025-09-14,BAT-7038
INV-010238,2025-09-08,SK001,Shopee,5,2025-09-14,BAT-7443
INV-010239,2025-09-08,TV001,Shopee,4,2025-09-13,BAT-7277
INV-010240,2025-09-08,CB001,Store A,9,2025-09-14,BAT-3506
INV-010241,2025-09-08,CW001,Store A,8,2025-09-15,BAT-7450
INV-010242,2025-09-08,KI001,Store A,5,2025-09-13,BAT-5967
INV-010243,2025-09-08,SK001,Store A,3,2025-09-14,BAT-5923
INV-010244,2025-09-08,TV001,Store A,13,2025-09-14,BAT-8069
INV-010245,2025-09-08,VS001,Store A,2,2025-09-13,BAT-6016
INV-010246,2025-09-08,CB001,Store B,4,2025-09-13,BAT-4681
INV-010247,2025-09-08,CW001,Store B,6,2025-09-14,BAT-1139
INV-010248,2025-09-08,KI001,Store B,3,2025-09-15,BAT-7175
INV-010249,2025-09-08,SK001,Store B,3,2025-09-13,BAT-3121
INV-010250,2025-09-08,TV001,Store B,3,2025-09-14,BAT-3206
INV-010251,2025-09-08,VS001,Store B,4,2025-09-13,BAT-2449
INV-010252,2025-09-08,CB001,Store C,16,2025-09-13,BAT-5189
INV-010253,2025-09-08,CW001,Store C,21,2025-09-14,BAT-3251
INV-010254,2025-09-08,DG001,Store C,5,2025-09-15,BAT-6628
INV-010255,2025-09-08,KI001,Store C,27,2025-09-15,BAT-6252
INV-010256,2025-09-08,SK001,Store C,12,2025-09-13,BAT-2661
INV-010257,2025-09-08,TV001,Store C,11,2025-09-15,BAT-1643
INV-010258,2025-09-08,VS001,Store C,8,2025-09-14,BAT-2607
INV-010259,2025-09-08,CB001,WhatsApp,4,2025-09-14,BAT-3416
INV-010260,2025-09-08,CW001,WhatsApp,11,2025-09-15,BAT-6097
INV-010261,2025-09-08,DG001,WhatsApp,2,2025-09-15,BAT-2386
INV-010262,2025-09-08,KI001,WhatsApp,5,2025-09-15,BAT-7230
INV-010263,2025-09-08,SK001,WhatsApp,2,2025-09-13,BAT-6551
INV-010264,2025-09-08,TV001,WhatsApp,4,2025-09-13,BAT-5615
INV-010265,2025-09-08,VS001,WhatsApp,6,2025-09-13,BAT-6990
INV-010266,2025-09-09,CB001,Shopee,12,2025-09-15,BAT-9710
INV-010267,2025-09-09,CW001,Shopee,18,2025-09-14,BAT-5271
INV-010268,2025-09-09,DG001,Shopee,3,2025-09-14,BAT-4946
INV-010269,2025-09-09,KI001,Shopee,20,2025-09-16,BAT-6993
INV-010270,2025-09-09,SK001,Shopee,10,2025-09-16,BAT-9183
INV-010271,2025-09-09,TV001,Shopee,24,2025-09-15,BAT-5375
INV-010272,2025-09-09,VS001,Shopee,8,2025-09-15,BAT-7396
INV-010273,2025-09-09,CB001,Store A,4,2025-09-16,BAT-5400
INV-010274,2025-09-09,CW001,Store A,10,2025-09-15,BAT-7576
INV-010275,2025-09-09,KI001,Store A,6,2025-09-16,BAT-5395
INV-010276,2025-09-09,SK001,Store A,2,2025-09-16,BAT-6496
INV-010277,2025-09-09,TV001,Store A,6,2025-09-15,BAT-4930
INV-010278,2025-09-09,VS001,Store A,5,2025-09-16,BAT-8736
INV-010279,2025-09-09,CB001,Store B,3,2025-09-15,BAT-7439
INV-010280,2025-09-09,CW001,Store B,2,2025-09-16,BAT-9237
INV-010281,2025-09-09,KI001,Store B,5,2025-09-14,BAT-8059
INV-010282,2025-09-09,TV001,Store B,5,2025-09-15,BAT-3072
INV-010283,2025-09-09,VS001,Store B,3,2025-09-15,BAT-5678
INV-010284,2025-09-09,CB001,Store C,21,2025-09-16,BAT-1129
INV-010285,2025-09-09,CW001,Store C,23,2025-09-16,BAT-6019
INV-010286,2025-09-09,KI001,Store C,18,2025-09-15,BAT-4037
INV-010287,2025-09-09,SK001,Store C,3,2025-09-16,BAT-3336
INV-010288,2025-09-09,TV001,Store C,6,2025-09-15,BAT-7247
INV-010289,2025-09-09,VS001,Store C,5,2025-09-15,BAT-3977
INV-010290,2025-09-09,CB001,WhatsApp,3,2025-09-14,BAT-1221
INV-010291,2025-09-09,CW001,WhatsApp,5,2025-09-15,BAT-3239
INV-010292,2025-09-09,DG001,WhatsApp,2,2025-09-16,BAT-2944
INV-010293,2025-09-09,KI001,WhatsApp,4,2025-09-15,BAT-3007
INV-010294,2025-09-09,SK001,WhatsApp,7,2025-09-15,BAT-1862
INV-010295,2025-09-09,TV001,WhatsApp,2,2025-09-15,BAT-9920
INV-010296,2025-09-09,VS001,WhatsApp,3,2025-09-14,BAT-3579
INV-010297,2025-09-10,CB001,Shopee,15,2025-09-15,BAT-5931
INV-010298,2025-09-10,CW001,Shopee,19,2025-09-16,BAT-4497
INV-010299,2025-09-10,DG001,Shopee,3,2025-09-15,BAT-8418
INV-010300,2025-09-10,KI001,Shopee,10,2025-09-15,BAT-8502
INV-010301,2025-09-10,SK001,Shopee,9,2025-09-17,BAT-1296
INV-010302,2025-09-10,TV001,Shopee,10,2025-09-17,BAT-2998
INV-010303,2025-09-10,CB001,Store A,3,2025-09-17,BAT-6837
INV-010304,2025-09-10,CW001,Store A,4,2025-09-15,BAT-2970
INV-010305,2025-09-10,DG001,Store A,3,2025-09-17,BAT-9994
INV-010306,2025-09-10,KI001,Store A,4,2025-09-17,BAT-5601
INV-010307,2025-09-10,SK001,Store A,3,2025-09-15,BAT-6943
INV-010308,2025-09-10,TV001,Store A,6,2025-09-17,BAT-5577
INV-010309,2025-09-10,CB001,Store B,16,2025-09-15,BAT-8093
INV-010310,2025-09-10,CW001,Store B,6,2025-09-17,BAT-8547
INV-010311,2025-09-10,KI001,Store B,4,2025-09-17,BAT-9160
INV-010312,2025-09-10,SK001,Store B,2,2025-09-16,BAT-4178
INV-010313,2025-09-10,TV001,Store B,5,2025-09-15,BAT-1414
INV-010314,2025-09-10,VS001,Store B,4,2025-09-16,BAT-6594
INV-010315,2025-09-10,CB001,Store C,22,2025-09-15,BAT-4646
INV-010316,2025-09-10,CW001,Store C,27,2025-09-16,BAT-8421
INV-010317,2025-09-10,DG001,Store C,3,2025-09-16,BAT-7558
INV-010318,2025-09-10,KI001,Store C,25,2025-09-16,BAT-4085
INV-010319,2025-09-10,SK001,Store C,8,2025-09-15,BAT-2826
INV-010320,2025-09-10,TV001,Store C,12,2025-09-15,BAT-1764
INV-010321,2025-09-10,VS001,Store C,11,2025-09-17,BAT-6850
INV-010322,2025-09-10,CB001,WhatsApp,5,2025-09-16,BAT-9798
INV-010323,2025-09-10,CW001,WhatsApp,7,2025-09-16,BAT-6332
INV-010324,2025-09-10,KI001,WhatsApp,5,2025-09-17,BAT-1747
INV-010325,2025-09-10,SK001,WhatsApp,3,2025-09-15,BAT-8927
INV-010326,2025-09-10,TV001,WhatsApp,3,2025-09-15,BAT-3097
INV-010327,2025-09-10,VS001,WhatsApp,2,2025-09-15,BAT-6239
INV-010328,2025-09-11,CB001,Shopee,9,2025-09-16,BAT-2964
INV-010329,2025-09-11,CW001,Shopee,26,2025-09-18,BAT-5933
INV-010330,2025-09-11,DG001,Shopee,5,2025-09-18,BAT-3022
INV-010331,2025-09-11,KI001,Shopee,14,2025-09-16,BAT-7520
INV-010332,2025-09-11,SK001,Shopee,4,2025-09-18,BAT-2422
INV-010333,2025-09-11,TV001,Shopee,8,2025-09-16,BAT-1574
INV-010334,2025-09-11,VS001,Shopee,7,2025-09-16,BAT-7194
INV-010335,2025-09-11,CB001,Store A,7,2025-09-17,BAT-3525
INV-010336,2025-09-11,CW001,Store A,7,2025-09-17,BAT-3883
INV-010337,2025-09-11,DG001,Store A,3,2025-09-16,BAT-4055
INV-010338,2025-09-11,KI001,Store A,12,2025-09-18,BAT-8940
INV-010339,2025-09-11,SK001,Store A,6,2025-09-17,BAT-3094
INV-010340,2025-09-11,TV001,Store A,3,2025-09-18,BAT-6771
INV-010341,2025-09-11,VS001,Store A,5,2025-09-18,BAT-4493
INV-010342,2025-09-11,CW001,Store B,10,2025-09-16,BAT-3768
INV-010343,2025-09-11,DG001,Store B,7,2025-09-18,BAT-8253
INV-010344,2025-09-11,KI001,Store B,4,2025-09-18,BAT-4114
INV-010345,2025-09-11,SK001,Store B,2,2025-09-18,BAT-3855
INV-010346,2025-09-11,TV001,Store B,2,2025-09-17,BAT-8760
INV-010347,2025-09-11,VS001,Store B,9,2025-09-16,BAT-6800
INV-010348,2025-09-11,CB001,Store C,7,2025-09-16,BAT-7934
INV-010349,2025-09-11,CW001,Store C,15,2025-09-18,BAT-6734
INV-010350,2025-09-11,DG001,Store C,3,2025-09-17,BAT-7506
INV-010351,2025-09-11,KI001,Store C,8,2025-09-16,BAT-8522
INV-010352,2025-09-11,SK001,Store C,2,2025-09-16,BAT-7374
INV-010353,2025-09-11,TV001,Store C,3,2025-09-16,BAT-9284
INV-010354,2025-09-11,VS001,Store C,5,2025-09-16,BAT-7244
INV-010355,2025-09-11,CB001,WhatsApp,9,2025-09-16,BAT-9050
INV-010356,2025-09-11,CW001,WhatsApp,12,2025-09-17,BAT-2634
INV-010357,2025-09-11,KI001,WhatsApp,8,2025-09-18,BAT-4641
INV-010358,2025-09-11,SK001,WhatsApp,2,2025-09-18,BAT-3996
INV-010359,2025-09-11,VS001,WhatsApp,2,2025-09-17,BAT-8122
INV-010360,2025-09-12,CB001,Shopee,5,2025-09-18,BAT-9751
INV-010361,2025-09-12,CW001,Shopee,23,2025-09-18,BAT-8839
INV-010362,2025-09-12,DG001,Shopee,4,2025-09-18,BAT-5303
INV-010363,2025-09-12,KI001,Shopee,22,2025-09-17,BAT-4550
INV-010364,2025-09-12,SK001,Shopee,3,2025-09-17,BAT-3320
INV-010365,2025-09-12,TV001,Shopee,5,2025-09-19,BAT-9328
INV-010366,2025-09-12,VS001,Shopee,3,2025-09-17,BAT-5784
INV-010367,2025-09-12,CB001,Store A,8,2025-09-17,BAT-6670
INV-010368,2025-09-12,CW001,Store A,15,2025-09-19,BAT-3527
INV-010369,2025-09-12,DG001,Store A,6,2025-09-19,BAT-4016
INV-010370,2025-09-12,KI001,Store A,17,2025-09-18,BAT-7635
INV-010371,2025-09-12,SK001,Store A,6,2025-09-17,BAT-6530
INV-010372,2025-09-12,TV001,Store A,4,2025-09-19,BAT-1807
INV-010373,2025-09-12,VS001,Store A,6,2025-09-17,BAT-8844
INV-010374,2025-09-12,CB001,Store B,10,2025-09-17,BAT-2092
INV-010375,2025-09-12,CW001,Store B,8,2025-09-17,BAT-9709
INV-010376,2025-09-12,KI001,Store B,6,2025-09-18,BAT-9057
INV-010377,2025-09-12,SK001,Store B,3,2025-09-17,BAT-1103
INV-010378,2025-09-12,TV001,Store B,6,2025-09-18,BAT-4753
INV-010379,2025-09-12,VS001,Store B,8,2025-09-18,BAT-2999
INV-010380,2025-09-12,CB001,Store C,15,2025-09-18,BAT-3432
INV-010381,2025-09-12,CW001,Store C,18,2025-09-19,BAT-2175
INV-010382,2025-09-12,DG001,Store C,6,2025-09-18,BAT-3859
INV-010383,2025-09-12,KI001,Store C,22,2025-09-17,BAT-9334
INV-010384,2025-09-12,SK001,Store C,14,2025-09-19,BAT-7542
INV-010385,2025-09-12,TV001,Store C,16,2025-09-19,BAT-8758
INV-010386,2025-09-12,VS001,Store C,7,2025-09-18,BAT-2036
INV-010387,2025-09-12,CW001,WhatsApp,2,2025-09-18,BAT-8801
INV-010388,2025-09-12,DG001,WhatsApp,4,2025-09-18,BAT-5119
INV-010389,2025-09-12,KI001,WhatsApp,5,2025-09-17,BAT-2102
INV-010390,2025-09-12,SK001,WhatsApp,2,2025-09-18,BAT-5385
INV-010391,2025-09-12,TV001,WhatsApp,8,2025-09-19,BAT-6606
INV-010392,2025-09-13,CB001,Shopee,6,2025-09-19,BAT-1277
INV-010393,2025-09-13,CW001,Shopee,15,2025-09-20,BAT-2496
INV-010394,2025-09-13,KI001,Shopee,14,2025-09-19,BAT-4465
INV-010395,2025-09-13,SK001,Shopee,7,2025-09-19,BAT-9964
INV-010396,2025-09-13,TV001,Shopee,7,2025-09-18,BAT-1986
INV-010397,2025-09-13,VS001,Shopee,5,2025-09-18,BAT-3246
INV-010398,2025-09-13,CB001,Store A,9,2025-09-18,BAT-8120
INV-010399,2025-09-13,CW001,Store A,7,2025-09-20,BAT-1244
INV-010400,2025-09-13,DG001,Store A,3,2025-09-20,BAT-9128
INV-010401,2025-09-13,KI001,Store A,12,2025-09-20,BAT-2471
INV-010402,2025-09-13,SK001,Store A,4,2025-09-18,BAT-4306
INV-010403,2025-09-13,TV001,Store A,7,2025-09-20,BAT-8045
INV-010404,2025-09-13,VS001,Store A,2,2025-09-20,BAT-7611
INV-010405,2025-09-13,CB001,Store B,8,2025-09-20,BAT-8436
INV-010406,2025-09-13,CW001,Store B,18,2025-09-20,BAT-9572
INV-010407,2025-09-13,DG001,Store B,3,2025-09-18,BAT-3702
INV-010408,2025-09-13,KI001,Store B,16,2025-09-19,BAT-4790
INV-010409,2025-09-13,SK001,Store B,7,2025-09-20,BAT-4037
INV-010410,2025-09-13,TV001,Store B,3,2025-09-20,BAT-7379
INV-010411,2025-09-13,VS001,Store B,18,2025-09-18,BAT-8542
INV-010412,2025-09-13,CB001,Store C,10,2025-09-20,BAT-9690
INV-010413,2025-09-13,CW001,Store C,41,2025-09-19,BAT-9924
INV-010414,2025-09-13,DG001,Store C,6,2025-09-18,BAT-4407
INV-010415,2025-09-13,KI001,Store C,22,2025-09-20,BAT-6058
INV-010416,2025-09-13,SK001,Store C,6,2025-09-20,BAT-2502
INV-010417,2025-09-13,TV001,Store C,13,2025-09-19,BAT-6387
INV-010418,2025-09-13,VS001,Store C,15,2025-09-18,BAT-9396
INV-010419,2025-09-13,CB001,WhatsApp,5,2025-09-20,BAT-6486
INV-010420,2025-09-13,CW001,WhatsApp,7,2025-09-18,BAT-3371
INV-010421,2025-09-13,KI001,WhatsApp,8,2025-09-18,BAT-2134
INV-010422,2025-09-13,SK001,WhatsApp,3,2025-09-18,BAT-6719
INV-010423,2025-09-13,TV001,WhatsApp,6,2025-09-19,BAT-5461
INV-010424,2025-09-14,CB001,Shopee,7,2025-09-21,BAT-8472
INV-010425,2025-09-14,CW001,Shopee,11,2025-09-20,BAT-8863
INV-010426,2025-09-14,DG001,Shopee,3,2025-09-19,BAT-1019
INV-010427,2025-09-14,KI001,Shopee,15,2025-09-21,BAT-8606
INV-010428,2025-09-14,SK001,Shopee,5,2025-09-20,BAT-9925
INV-010429,2025-09-14,TV001,Shopee,15,2025-09-20,BAT-9133
INV-010430,2025-09-14,VS001,Shopee,4,2025-09-21,BAT-8337
INV-010431,2025-09-14,CB001,Store A,13,2025-09-20,BAT-2458
INV-010432,2025-09-14,CW001,Store A,17,2025-09-19,BAT-7318
INV-010433,2025-09-14,DG001,Store A,2,2025-09-20,BAT-1553
INV-010434,2025-09-14,KI001,Store A,13,2025-09-20,BAT-1541
INV-010435,2025-09-14,SK001,Store A,8,2025-09-19,BAT-6783
INV-010436,2025-09-14,TV001,Store A,6,2025-09-19,BAT-8704
INV-010437,2025-09-14,VS001,Store A,3,2025-09-21,BAT-7326
INV-010438,2025-09-14,CB001,Store B,14,2025-09-21,BAT-7989
INV-010439,2025-09-14,CW001,Store B,21,2025-09-20,BAT-8231
INV-010440,2025-09-14,DG001,Store B,2,2025-09-21,BAT-6867
INV-010441,2025-09-14,KI001,Store B,14,2025-09-21,BAT-7228
INV-010442,2025-09-14,SK001,Store B,3,2025-09-19,BAT-1811
INV-010443,2025-09-14,TV001,Store B,6,2025-09-21,BAT-8634
INV-010444,2025-09-14,VS001,Store B,3,2025-09-19,BAT-7029
INV-010445,2025-09-14,CB001,Store C,14,2025-09-19,BAT-9667
INV-010446,2025-09-14,CW001,Store C,44,2025-09-20,BAT-4381
INV-010447,2025-09-14,DG001,Store C,9,2025-09-19,BAT-2283
INV-010448,2025-09-14,KI001,Store C,32,2025-09-21,BAT-5751
INV-010449,2025-09-14,SK001,Store C,18,2025-09-21,BAT-6495
INV-010450,2025-09-14,TV001,Store C,15,2025-09-20,BAT-5615
INV-010451,2025-09-14,VS001,Store C,14,2025-09-20,BAT-5063
INV-010452,2025-09-14,CB001,WhatsApp,9,2025-09-20,BAT-5288
INV-010453,2025-09-14,CW001,WhatsApp,18,2025-09-20,BAT-4627
INV-010454,2025-09-14,KI001,WhatsApp,10,2025-09-20,BAT-2195
INV-010455,2025-09-14,SK001,WhatsApp,4,2025-09-20,BAT-2987
INV-010456,2025-09-14,TV001,WhatsApp,4,2025-09-21,BAT-5007
INV-010457,2025-09-14,VS001,WhatsApp,3,2025-09-19,BAT-5234
INV-010458,2025-09-15,CB001,Shopee,7,2025-09-21,BAT-5670
INV-010459,2025-09-15,CW001,Shopee,21,2025-09-21,BAT-7716
INV-010460,2025-09-15,DG001,Shopee,4,2025-09-22,BAT-3807
INV-010461,2025-09-15,KI001,Shopee,11,2025-09-20,BAT-6377
INV-010462,2025-09-15,SK001,Shopee,8,2025-09-20,BAT-8815
INV-010463,2025-09-15,TV001,Shopee,7,2025-09-20,BAT-9735
INV-010464,2025-09-15,VS001,Shopee,7,2025-09-22,BAT-5417
INV-010465,2025-09-15,CB001,Store A,6,2025-09-20,BAT-2697
INV-010466,2025-09-15,CW001,Store A,13,2025-09-22,BAT-8299
INV-010467,2025-09-15,KI001,Store A,10,2025-09-22,BAT-3839
INV-010468,2025-09-15,TV001,Store A,14,2025-09-21,BAT-1710
INV-010469,2025-09-15,VS001,Store A,3,2025-09-21,BAT-9496
INV-010470,2025-09-15,CB001,Store B,6,2025-09-21,BAT-7763
INV-010471,2025-09-15,CW001,Store B,8,2025-09-21,BAT-3161
INV-010472,2025-09-15,KI001,Store B,8,2025-09-20,BAT-1610
INV-010473,2025-09-15,SK001,Store B,7,2025-09-20,BAT-5944
INV-010474,2025-09-15,TV001,Store B,5,2025-09-21,BAT-5987
INV-010475,2025-09-15,VS001,Store B,10,2025-09-20,BAT-3431
INV-010476,2025-09-15,CB001,Store C,6,2025-09-20,BAT-1894
INV-010477,2025-09-15,CW001,Store C,15,2025-09-20,BAT-6828
INV-010478,2025-09-15,DG001,Store C,3,2025-09-20,BAT-4342
INV-010479,2025-09-15,KI001,Store C,31,2025-09-21,BAT-6461
INV-010480,2025-09-15,SK001,Store C,7,2025-09-21,BAT-9663
INV-010481,2025-09-15,TV001,Store C,7,2025-09-21,BAT-4118
INV-010482,2025-09-15,VS001,Store C,3,2025-09-21,BAT-8722
INV-010483,2025-09-15,CW001,WhatsApp,7,2025-09-22,BAT-8049
INV-010484,2025-09-15,KI001,WhatsApp,14,2025-09-20,BAT-4578
INV-010485,2025-09-15,SK001,WhatsApp,3,2025-09-21,BAT-6906
INV-010486,2025-09-15,TV001,WhatsApp,4,2025-09-20,BAT-5249
INV-010487,2025-09-16,CB001,Shopee,18,2025-09-22,BAT-7355
INV-010488,2025-09-16,CW001,Shopee,19,2025-09-21,BAT-4650
INV-010489,2025-09-16,DG001,Shopee,4,2025-09-23,BAT-7078
INV-010490,2025-09-16,KI001,Shopee,17,2025-09-21,BAT-5859
INV-010491,2025-09-16,SK001,Shopee,5,2025-09-21,BAT-7674
INV-010492,2025-09-16,TV001,Shopee,6,2025-09-23,BAT-3223
INV-010493,2025-09-16,VS001,Shopee,4,2025-09-21,BAT-4193
INV-010494,2025-09-16,CB001,Store A,3,2025-09-22,BAT-4000
INV-010495,2025-09-16,CW001,Store A,14,2025-09-21,BAT-2765
INV-010496,2025-09-16,DG001,Store A,3,2025-09-21,BAT-8385
INV-010497,2025-09-16,KI001,Store A,7,2025-09-22,BAT-9264
INV-010498,2025-09-16,SK001,Store A,7,2025-09-23,BAT-7492
INV-010499,2025-09-16,TV001,Store A,6,2025-09-23,BAT-1459
INV-010500,2025-09-16,VS001,Store A,3,2025-09-23,BAT-6141
INV-010501,2025-09-16,CW001,Store B,3,2025-09-21,BAT-5597
INV-010502,2025-09-16,KI001,Store B,4,2025-09-23,BAT-1821
INV-010503,2025-09-16,TV001,Store B,6,2025-09-23,BAT-2469
INV-010504,2025-09-16,CB001,Store C,5,2025-09-22,BAT-8178
INV-010505,2025-09-16,CW001,Store C,22,2025-09-21,BAT-8631
INV-010506,2025-09-16,KI001,Store C,11,2025-09-21,BAT-5949
INV-010507,2025-09-16,SK001,Store C,3,2025-09-22,BAT-1957
INV-010508,2025-09-16,TV001,Store C,14,2025-09-23,BAT-7006
INV-010509,2025-09-16,VS001,Store C,7,2025-09-21,BAT-3653
INV-010510,2025-09-16,CB001,WhatsApp,14,2025-09-23,BAT-5592
INV-010511,2025-09-16,CW001,WhatsApp,8,2025-09-22,BAT-3968
INV-010512,2025-09-16,DG001,WhatsApp,4,2025-09-22,BAT-3612
INV-010513,2025-09-16,KI001,WhatsApp,9,2025-09-21,BAT-9524
INV-010514,2025-09-16,SK001,WhatsApp,2,2025-09-23,BAT-4830
INV-010515,2025-09-16,TV001,WhatsApp,5,2025-09-21,BAT-3202
INV-010516,2025-09-16,VS001,WhatsApp,9,2025-09-23,BAT-2766
INV-010517,2025-09-17,CB001,Shopee,11,2025-09-22,BAT-4763
INV-010518,2025-09-17,CW001,Shopee,11,2025-09-22,BAT-5155
INV-010519,2025-09-17,DG001,Shopee,7,2025-09-23,BAT-2109
INV-010520,2025-09-17,KI001,Shopee,11,2025-09-22,BAT-8008
INV-010521,2025-09-17,SK001,Shopee,10,2025-09-23,BAT-1175
INV-010522,2025-09-17,TV001,Shopee,13,2025-09-23,BAT-3326
INV-010523,2025-09-17,VS001,Shopee,2,2025-09-24,BAT-6691
INV-010524,2025-09-17,CB001,Store A,4,2025-09-23,BAT-5081
INV-010525,2025-09-17,CW001,Store A,4,2025-09-22,BAT-3843
INV-010526,2025-09-17,KI001,Store A,6,2025-09-23,BAT-4450
INV-010527,2025-09-17,SK001,Store A,6,2025-09-22,BAT-4781
INV-010528,2025-09-17,TV001,Store A,5,2025-09-24,BAT-5232
INV-010529,2025-09-17,VS001,Store A,4,2025-09-22,BAT-4850
INV-010530,2025-09-17,CB001,Store B,11,2025-09-23,BAT-3159
INV-010531,2025-09-17,CW001,Store B,13,2025-09-24,BAT-5849
INV-010532,2025-09-17,DG001,Store B,2,2025-09-24,BAT-1268
INV-010533,2025-09-17,KI001,Store B,9,2025-09-24,BAT-3671
INV-010534,2025-09-17,SK001,Store B,7,2025-09-24,BAT-3169
INV-010535,2025-09-17,TV001,Store B,6,2025-09-23,BAT-1958
INV-010536,2025-09-17,VS001,Store B,2,2025-09-24,BAT-7776
INV-010537,2025-09-17,CB001,Store C,14,2025-09-23,BAT-9953
INV-010538,2025-09-17,CW001,Store C,30,2025-09-22,BAT-8803
INV-010539,2025-09-17,DG001,Store C,2,2025-09-24,BAT-9113
INV-010540,2025-09-17,KI001,Store C,16,2025-09-23,BAT-7781
INV-010541,2025-09-17,SK001,Store C,8,2025-09-24,BAT-3996
INV-010542,2025-09-17,TV001,Store C,8,2025-09-22,BAT-7329
INV-010543,2025-09-17,VS001,Store C,9,2025-09-24,BAT-4725
INV-010544,2025-09-17,CB001,WhatsApp,3,2025-09-23,BAT-3524
INV-010545,2025-09-17,CW001,WhatsApp,5,2025-09-23,BAT-3430
INV-010546,2025-09-17,DG001,WhatsApp,5,2025-09-22,BAT-3947
INV-010547,2025-09-17,KI001,WhatsApp,9,2025-09-24,BAT-1657
INV-010548,2025-09-17,SK001,WhatsApp,2,2025-09-24,BAT-6623
INV-010549,2025-09-18,CB001,Shopee,14,2025-09-25,BAT-5616
INV-010550,2025-09-18,CW001,Shopee,16,2025-09-25,BAT-3415
INV-010551,2025-09-18,DG001,Shopee,2,2025-09-24,BAT-5081
INV-010552,2025-09-18,KI001,Shopee,4,2025-09-24,BAT-2250
INV-010553,2025-09-18,SK001,Shopee,4,2025-09-23,BAT-3129
INV-010554,2025-09-18,TV001,Shopee,8,2025-09-23,BAT-2953
INV-010555,2025-09-18,VS001,Shopee,2,2025-09-25,BAT-1687
INV-010556,2025-09-18,CB001,Store A,5,2025-09-24,BAT-7814
INV-010557,2025-09-18,CW001,Store A,16,2025-09-25,BAT-1819
INV-010558,2025-09-18,KI001,Store A,14,2025-09-23,BAT-8445
INV-010559,2025-09-18,SK001,Store A,4,2025-09-24,BAT-5773
INV-010560,2025-09-18,TV001,Store A,2,2025-09-25,BAT-4695
INV-010561,2025-09-18,CB001,Store B,10,2025-09-24,BAT-2696
INV-010562,2025-09-18,CW001,Store B,12,2025-09-25,BAT-5125
INV-010563,2025-09-18,KI001,Store B,5,2025-09-23,BAT-6215
INV-010564,2025-09-18,SK001,Store B,4,2025-09-23,BAT-9093
INV-010565,2025-09-18,TV001,Store B,4,2025-09-23,BAT-3328
INV-010566,2025-09-18,VS001,Store B,4,2025-09-24,BAT-5170
INV-010567,2025-09-18,CB001,Store C,11,2025-09-25,BAT-8444
INV-010568,2025-09-18,CW001,Store C,18,2025-09-23,BAT-6909
INV-010569,2025-09-18,DG001,Store C,4,2025-09-23,BAT-3364
INV-010570,2025-09-18,KI001,Store C,14,2025-09-23,BAT-7174
INV-010571,2025-09-18,SK001,Store C,8,2025-09-25,BAT-5270
INV-010572,2025-09-18,TV001,Store C,6,2025-09-25,BAT-7266
INV-010573,2025-09-18,VS001,Store C,2,2025-09-23,BAT-4199
INV-010574,2025-09-18,CB001,WhatsApp,2,2025-09-23,BAT-9840
INV-010575,2025-09-18,CW001,WhatsApp,3,2025-09-23,BAT-5749
INV-010576,2025-09-18,KI001,WhatsApp,8,2025-09-24,BAT-1303
INV-010577,2025-09-18,SK001,WhatsApp,2,2025-09-25,BAT-9177
INV-010578,2025-09-18,TV001,WhatsApp,10,2025-09-25,BAT-6416
INV-010579,2025-09-18,VS001,WhatsApp,7,2025-09-24,BAT-1340
INV-010580,2025-09-19,CB001,Shopee,11,2025-09-24,BAT-7130
INV-010581,2025-09-19,CW001,Shopee,8,2025-09-25,BAT-9314
INV-010582,2025-09-19,DG001,Shopee,4,2025-09-24,BAT-6131
INV-010583,2025-09-19,KI001,Shopee,9,2025-09-26,BAT-8343
INV-010584,2025-09-19,SK001,Shopee,9,2025-09-26,BAT-3976
INV-010585,2025-09-19,TV001,Shopee,14,2025-09-26,BAT-4427
INV-010586,2025-09-19,VS001,Shopee,5,2025-09-26,BAT-6186
INV-010587,2025-09-19,CB001,Store A,3,2025-09-25,BAT-4030
INV-010588,2025-09-19,CW001,Store A,14,2025-09-25,BAT-8768
INV-010589,2025-09-19,KI001,Store A,7,2025-09-24,BAT-3621
INV-010590,2025-09-19,SK001,Store A,7,2025-09-26,BAT-3516
INV-010591,2025-09-19,TV001,Store A,6,2025-09-24,BAT-7543
INV-010592,2025-09-19,VS001,Store A,5,2025-09-24,BAT-3322
INV-010593,2025-09-19,CB001,Store B,7,2025-09-24,BAT-1455
INV-010594,2025-09-19,CW001,Store B,6,2025-09-26,BAT-3583
INV-010595,2025-09-19,DG001,Store B,4,2025-09-25,BAT-2917
INV-010596,2025-09-19,KI001,Store B,5,2025-09-25,BAT-4577
INV-010597,2025-09-19,SK001,Store B,6,2025-09-26,BAT-6205
INV-010598,2025-09-19,VS001,Store B,4,2025-09-26,BAT-7590
INV-010599,2025-09-19,CB001,Store C,9,2025-09-24,BAT-8590
INV-010600,2025-09-19,CW001,Store C,38,2025-09-24,BAT-7694
INV-010601,2025-09-19,DG001,Store C,9,2025-09-26,BAT-5860
INV-010602,2025-09-19,KI001,Store C,34,2025-09-24,BAT-1700
INV-010603,2025-09-19,SK001,Store C,9,2025-09-24,BAT-6492
INV-010604,2025-09-19,TV001,Store C,9,2025-09-26,BAT-9427
INV-010605,2025-09-19,VS001,Store C,6,2025-09-26,BAT-6564
INV-010606,2025-09-19,CB001,WhatsApp,5,2025-09-24,BAT-2752
INV-010607,2025-09-19,CW001,WhatsApp,4,2025-09-26,BAT-1662
INV-010608,2025-09-19,KI001,WhatsApp,9,2025-09-26,BAT-9756
INV-010609,2025-09-19,SK001,WhatsApp,2,2025-09-24,BAT-3572
INV-010610,2025-09-19,TV001,WhatsApp,6,2025-09-26,BAT-2371
INV-010611,2025-09-20,CB001,Shopee,12,2025-09-25,BAT-2546
INV-010612,2025-09-20,CW001,Shopee,30,2025-09-25,BAT-2249
INV-010613,2025-09-20,DG001,Shopee,6,2025-09-26,BAT-9378
INV-010614,2025-09-20,KI001,Shopee,21,2025-09-25,BAT-7102
INV-010615,2025-09-20,SK001,Shopee,3,2025-09-26,BAT-9903
INV-010616,2025-09-20,TV001,Shopee,10,2025-09-26,BAT-7577
INV-010617,2025-09-20,CB001,Store A,8,2025-09-25,BAT-2703
INV-010618,2025-09-20,CW001,Store A,14,2025-09-25,BAT-9697
INV-010619,2025-09-20,DG001,Store A,7,2025-09-27,BAT-9802
INV-010620,2025-09-20,KI001,Store A,8,2025-09-26,BAT-6006
INV-010621,2025-09-20,SK001,Store A,5,2025-09-27,BAT-1015
INV-010622,2025-09-20,TV001,Store A,22,2025-09-26,BAT-3910
INV-010623,2025-09-20,VS001,Store A,2,2025-09-27,BAT-9156
INV-010624,2025-09-20,CB001,Store B,7,2025-09-27,BAT-8871
INV-010625,2025-09-20,CW001,Store B,14,2025-09-26,BAT-9532
INV-010626,2025-09-20,DG001,Store B,2,2025-09-27,BAT-7352
INV-010627,2025-09-20,KI001,Store B,15,2025-09-26,BAT-7542
INV-010628,2025-09-20,SK001,Store B,4,2025-09-27,BAT-2945
INV-010629,2025-09-20,TV001,Store B,8,2025-09-27,BAT-3118
INV-010630,2025-09-20,VS001,Store B,2,2025-09-27,BAT-3953
INV-010631,2025-09-20,CB001,Store C,26,2025-09-25,BAT-8145
INV-010632,2025-09-20,CW001,Store C,38,2025-09-25,BAT-2230
INV-010633,2025-09-20,DG001,Store C,7,2025-09-25,BAT-6007
INV-010634,2025-09-20,KI001,Store C,8,2025-09-25,BAT-5658
INV-010635,2025-09-20,SK001,Store C,7,2025-09-26,BAT-9714
INV-010636,2025-09-20,TV001,Store C,9,2025-09-25,BAT-5610
INV-010637,2025-09-20,VS001,Store C,15,2025-09-27,BAT-2833
INV-010638,2025-09-20,CW001,WhatsApp,17,2025-09-27,BAT-8315
INV-010639,2025-09-20,DG001,WhatsApp,2,2025-09-26,BAT-5549
INV-010640,2025-09-20,KI001,WhatsApp,8,2025-09-27,BAT-2581
INV-010641,2025-09-20,SK001,WhatsApp,4,2025-09-27,BAT-4263
INV-010642,2025-09-20,TV001,WhatsApp,8,2025-09-27,BAT-1326
INV-010643,2025-09-20,VS001,WhatsApp,4,2025-09-26,BAT-7918
INV-010644,2025-09-21,CB001,Shopee,14,2025-09-28,BAT-3754
INV-010645,2025-09-21,CW001,Shopee,22,2025-09-26,BAT-1088
INV-010646,2025-09-21,DG001,Shopee,5,2025-09-26,BAT-3642
INV-010647,2025-09-21,KI001,Shopee,17,2025-09-26,BAT-9912
INV-010648,2025-09-21,SK001,Shopee,11,2025-09-26,BAT-1063
INV-010649,2025-09-21,TV001,Shopee,4,2025-09-26,BAT-6351
INV-010650,2025-09-21,VS001,Shopee,7,2025-09-27,BAT-5002
INV-010651,2025-09-21,CB001,Store A,11,2025-09-26,BAT-1031
INV-010652,2025-09-21,CW001,Store A,19,2025-09-28,BAT-3651
INV-010653,2025-09-21,DG001,Store A,6,2025-09-28,BAT-3800
INV-010654,2025-09-21,KI001,Store A,30,2025-09-28,BAT-2023
INV-010655,2025-09-21,SK001,Store A,16,2025-09-27,BAT-9748
INV-010656,2025-09-21,TV001,Store A,11,2025-09-26,BAT-8493
INV-010657,2025-09-21,VS001,Store A,7,2025-09-26,BAT-4721
INV-010658,2025-09-21,CB001,Store B,10,2025-09-28,BAT-4388
INV-010659,2025-09-21,CW001,Store B,22,2025-09-28,BAT-7313
INV-010660,2025-09-21,DG001,Store B,4,2025-09-26,BAT-4514
INV-010661,2025-09-21,KI001,Store B,11,2025-09-27,BAT-2364
INV-010662,2025-09-21,SK001,Store B,3,2025-09-28,BAT-2868
INV-010663,2025-09-21,TV001,Store B,6,2025-09-28,BAT-7594
INV-010664,2025-09-21,VS001,Store B,4,2025-09-27,BAT-2716
INV-010665,2025-09-21,CB001,Store C,13,2025-09-28,BAT-5992
INV-010666,2025-09-21,CW001,Store C,54,2025-09-26,BAT-1013
INV-010667,2025-09-21,DG001,Store C,2,2025-09-26,BAT-3540
INV-010668,2025-09-21,KI001,Store C,26,2025-09-26,BAT-4295
INV-010669,2025-09-21,SK001,Store C,13,2025-09-28,BAT-3496
INV-010670,2025-09-21,TV001,Store C,11,2025-09-28,BAT-9324
INV-010671,2025-09-21,VS001,Store C,8,2025-09-26,BAT-6723
INV-010672,2025-09-21,CB001,WhatsApp,4,2025-09-27,BAT-2037
INV-010673,2025-09-21,CW001,WhatsApp,15,2025-09-27,BAT-1324
INV-010674,2025-09-21,KI001,WhatsApp,10,2025-09-27,BAT-9077
INV-010675,2025-09-21,TV001,WhatsApp,6,2025-09-28,BAT-1711
INV-010676,2025-09-22,CB001,Shopee,6,2025-09-29,BAT-7065
INV-010677,2025-09-22,CW001,Shopee,8,2025-09-27,BAT-1102
INV-010678,2025-09-22,KI001,Shopee,9,2025-09-29,BAT-9563
INV-010679,2025-09-22,SK001,Shopee,3,2025-09-29,BAT-5364
INV-010680,2025-09-22,TV001,Shopee,6,2025-09-27,BAT-3087
INV-010681,2025-09-22,VS001,Shopee,4,2025-09-28,BAT-7713
INV-010682,2025-09-22,CB001,Store A,10,2025-09-29,BAT-2813
INV-010683,2025-09-22,CW001,Store A,15,2025-09-29,BAT-7864
INV-010684,2025-09-22,DG001,Store A,2,2025-09-29,BAT-5046
INV-010685,2025-09-22,KI001,Store A,2,2025-09-28,BAT-6733
INV-010686,2025-09-22,SK001,Store A,2,2025-09-27,BAT-1272
INV-010687,2025-09-22,CB001,Store B,9,2025-09-29,BAT-3468
INV-010688,2025-09-22,CW001,Store B,11,2025-09-28,BAT-7039
INV-010689,2025-09-22,DG001,Store B,3,2025-09-28,BAT-9746
INV-010690,2025-09-22,KI001,Store B,4,2025-09-27,BAT-6798
INV-010691,2025-09-22,SK001,Store B,2,2025-09-27,BAT-3266
INV-010692,2025-09-22,TV001,Store B,5,2025-09-27,BAT-6047
INV-010693,2025-09-22,VS001,Store B,3,2025-09-29,BAT-3662
INV-010694,2025-09-22,CB001,Store C,8,2025-09-27,BAT-5470
INV-010695,2025-09-22,CW001,Store C,13,2025-09-29,BAT-1147
INV-010696,2025-09-22,KI001,Store C,15,2025-09-29,BAT-5880
INV-010697,2025-09-22,SK001,Store C,4,2025-09-29,BAT-1368
INV-010698,2025-09-22,TV001,Store C,6,2025-09-29,BAT-8785
INV-010699,2025-09-22,VS001,Store C,10,2025-09-29,BAT-7750
INV-010700,2025-09-22,CB001,WhatsApp,2,2025-09-28,BAT-2031
INV-010701,2025-09-22,CW001,WhatsApp,8,2025-09-29,BAT-7493
INV-010702,2025-09-22,DG001,WhatsApp,4,2025-09-29,BAT-1063
INV-010703,2025-09-22,KI001,WhatsApp,7,2025-09-29,BAT-8492
INV-010704,2025-09-22,SK001,WhatsApp,4,2025-09-29,BAT-9159
INV-010705,2025-09-22,TV001,WhatsApp,3,2025-09-28,BAT-5656
INV-010706,2025-09-22,VS001,WhatsApp,3,2025-09-27,BAT-9340
INV-010707,2025-09-23,CB001,Shopee,4,2025-09-30,BAT-9258
INV-010708,2025-09-23,CW001,Shopee,12,2025-09-28,BAT-7733
INV-010709,2025-09-23,DG001,Shopee,6,2025-09-29,BAT-8509
INV-010710,2025-09-23,KI001,Shopee,6,2025-09-30,BAT-6625
INV-010711,2025-09-23,SK001,Shopee,3,2025-09-30,BAT-9788
INV-010712,2025-09-23,VS001,Shopee,2,2025-09-28,BAT-7239
INV-010713,2025-09-23,CB001,Store A,2,2025-09-30,BAT-9744
INV-010714,2025-09-23,CW001,Store A,4,2025-09-29,BAT-6177
INV-010715,2025-09-23,DG001,Store A,4,2025-09-30,BAT-3730
INV-010716,2025-09-23,KI001,Store A,11,2025-09-30,BAT-7463
INV-010717,2025-09-23,TV001,Store A,2,2025-09-29,BAT-3800
INV-010718,2025-09-23,VS001,Store A,3,2025-09-28,BAT-3687
INV-010719,2025-09-23,CB001,Store B,5,2025-09-29,BAT-1640
INV-010720,2025-09-23,CW001,Store B,8,2025-09-29,BAT-2002
INV-010721,2025-09-23,DG001,Store B,2,2025-09-30,BAT-3935
INV-010722,2025-09-23,KI001,Store B,10,2025-09-29,BAT-6874
INV-010723,2025-09-23,SK001,Store B,9,2025-09-28,BAT-1008
INV-010724,2025-09-23,TV001,Store B,12,2025-09-30,BAT-4112
INV-010725,2025-09-23,VS001,Store B,4,2025-09-28,BAT-6404
INV-010726,2025-09-23,CB001,Store C,9,2025-09-30,BAT-9861
INV-010727,2025-09-23,CW001,Store C,37,2025-09-30,BAT-8761
INV-010728,2025-09-23,DG001,Store C,9,2025-09-30,BAT-2736
INV-010729,2025-09-23,KI001,Store C,10,2025-09-29,BAT-4875
INV-010730,2025-09-23,SK001,Store C,2,2025-09-29,BAT-7071
INV-010731,2025-09-23,TV001,Store C,5,2025-09-28,BAT-1010
INV-010732,2025-09-23,VS001,Store C,6,2025-09-30,BAT-6651
INV-010733,2025-09-23,CB001,WhatsApp,14,2025-09-30,BAT-7607
INV-010734,2025-09-23,CW001,WhatsApp,14,2025-09-30,BAT-6830
INV-010735,2025-09-23,DG001,WhatsApp,6,2025-09-28,BAT-6856
INV-010736,2025-09-23,KI001,WhatsApp,12,2025-09-28,BAT-5277
INV-010737,2025-09-23,SK001,WhatsApp,7,2025-09-28,BAT-8180
INV-010738,2025-09-23,TV001,WhatsApp,13,2025-09-30,BAT-5820
INV-010739,2025-09-23,VS001,WhatsApp,4,2025-09-30,BAT-1848
INV-010740,2025-09-24,CB001,Shopee,5,2025-09-30,BAT-1319
INV-010741,2025-09-24,CW001,Shopee,18,2025-10-01,BAT-8734
INV-010742,2025-09-24,DG001,Shopee,3,2025-10-01,BAT-1572
INV-010743,2025-09-24,KI001,Shopee,13,2025-10-01,BAT-4343
INV-010744,2025-09-24,SK001,Shopee,7,2025-10-01,BAT-3013
INV-010745,2025-09-24,TV001,Shopee,9,2025-09-30,BAT-5843
INV-010746,2025-09-24,VS001,Shopee,5,2025-09-30,BAT-3154
INV-010747,2025-09-24,CB001,Store A,5,2025-09-29,BAT-7445
INV-010748,2025-09-24,CW001,Store A,5,2025-10-01,BAT-6618
INV-010749,2025-09-24,DG001,Store A,4,2025-10-01,BAT-7567
INV-010750,2025-09-24,KI001,Store A,8,2025-09-30,BAT-3700
INV-010751,2025-09-24,SK001,Store A,2,2025-09-29,BAT-7190
INV-010752,2025-09-24,TV001,Store A,3,2025-09-29,BAT-2914
INV-010753,2025-09-24,VS001,Store A,3,2025-09-30,BAT-8146
INV-010754,2025-09-24,CB001,Store B,6,2025-09-29,BAT-6167
INV-010755,2025-09-24,CW001,Store B,4,2025-09-29,BAT-4018
INV-010756,2025-09-24,KI001,Store B,2,2025-09-29,BAT-3046
INV-010757,2025-09-24,TV001,Store B,5,2025-09-30,BAT-4865
INV-010758,2025-09-24,VS001,Store B,2,2025-10-01,BAT-5831
INV-010759,2025-09-24,CB001,Store C,7,2025-09-29,BAT-5237
INV-010760,2025-09-24,CW001,Store C,39,2025-09-30,BAT-7370
INV-010761,2025-09-24,KI001,Store C,25,2025-09-30,BAT-6335
INV-010762,2025-09-24,SK001,Store C,6,2025-09-29,BAT-8161
INV-010763,2025-09-24,TV001,Store C,11,2025-09-29,BAT-4797
INV-010764,2025-09-24,VS001,Store C,4,2025-09-30,BAT-1100
INV-010765,2025-09-24,CB001,WhatsApp,4,2025-09-29,BAT-3247
INV-010766,2025-09-24,CW001,WhatsApp,13,2025-10-01,BAT-6696
INV-010767,2025-09-24,DG001,WhatsApp,3,2025-09-29,BAT-1923
INV-010768,2025-09-24,KI001,WhatsApp,5,2025-09-29,BAT-7461
INV-010769,2025-09-24,SK001,WhatsApp,5,2025-09-29,BAT-2497
INV-010770,2025-09-24,VS001,WhatsApp,4,2025-09-29,BAT-8738
INV-010771,2025-09-25,CB001,Shopee,6,2025-10-02,BAT-3345
INV-010772,2025-09-25,CW001,Shopee,7,2025-10-01,BAT-9104
INV-010773,2025-09-25,DG001,Shopee,3,2025-10-01,BAT-9782
INV-010774,2025-09-25,KI001,Shopee,12,2025-10-02,BAT-5036
INV-010775,2025-09-25,SK001,Shopee,2,2025-10-02,BAT-6259
INV-010776,2025-09-25,TV001,Shopee,13,2025-10-01,BAT-6320
INV-010777,2025-09-25,VS001,Shopee,9,2025-10-02,BAT-6001
INV-010778,2025-09-25,CB001,Store A,2,2025-10-01,BAT-3292
INV-010779,2025-09-25,CW001,Store A,14,2025-10-01,BAT-2661
INV-010780,2025-09-25,KI001,Store A,12,2025-10-02,BAT-6368
INV-010781,2025-09-25,SK001,Store A,3,2025-10-02,BAT-2376
INV-010782,2025-09-25,TV001,Store A,4,2025-09-30,BAT-6504
INV-010783,2025-09-25,VS001,Store A,2,2025-10-02,BAT-1772
INV-010784,2025-09-25,CB001,Store B,11,2025-10-02,BAT-2519
INV-010785,2025-09-25,CW001,Store B,10,2025-10-01,BAT-6034
INV-010786,2025-09-25,DG001,Store B,5,2025-09-30,BAT-6998
INV-010787,2025-09-25,KI001,Store B,6,2025-10-01,BAT-3312
INV-010788,2025-09-25,SK001,Store B,13,2025-10-02,BAT-5846
INV-010789,2025-09-25,TV001,Store B,6,2025-10-01,BAT-2951
INV-010790,2025-09-25,VS001,Store B,4,2025-10-01,BAT-8527
INV-010791,2025-09-25,CB001,Store C,24,2025-10-01,BAT-4328
INV-010792,2025-09-25,CW001,Store C,19,2025-09-30,BAT-9000
INV-010793,2025-09-25,DG001,Store C,4,2025-09-30,BAT-4641
INV-010794,2025-09-25,KI001,Store C,24,2025-10-02,BAT-4567
INV-010795,2025-09-25,SK001,Store C,7,2025-09-30,BAT-4293
INV-010796,2025-09-25,TV001,Store C,19,2025-10-02,BAT-9538
INV-010797,2025-09-25,VS001,Store C,8,2025-09-30,BAT-7997
INV-010798,2025-09-25,CB001,WhatsApp,2,2025-10-02,BAT-8773
INV-010799,2025-09-25,CW001,WhatsApp,6,2025-09-30,BAT-2119
INV-010800,2025-09-25,KI001,WhatsApp,7,2025-09-30,BAT-8862
INV-010801,2025-09-25,SK001,WhatsApp,4,2025-09-30,BAT-1157
INV-010802,2025-09-25,TV001,WhatsApp,6,2025-10-02,BAT-8123
INV-010803,2025-09-25,VS001,WhatsApp,3,2025-10-02,BAT-2025
INV-010804,2025-09-26,CB001,Shopee,11,2025-10-01,BAT-8293
INV-010805,2025-09-26,CW001,Shopee,18,2025-10-02,BAT-6352
INV-010806,2025-09-26,DG001,Shopee,2,2025-10-01,BAT-6364
INV-010807,2025-09-26,KI001,Shopee,13,2025-10-02,BAT-9386
INV-010808,2025-09-26,SK001,Shopee,3,2025-10-03,BAT-2759
INV-010809,2025-09-26,TV001,Shopee,9,2025-10-03,BAT-8837
INV-010810,2025-09-26,VS001,Shopee,9,2025-10-02,BAT-7250
INV-010811,2025-09-26,CB001,Store A,8,2025-10-03,BAT-8851
INV-010812,2025-09-26,CW001,Store A,28,2025-10-02,BAT-3663
INV-010813,2025-09-26,DG001,Store A,12,2025-10-02,BAT-2069
INV-010814,2025-09-26,KI001,Store A,14,2025-10-01,BAT-4439
INV-010815,2025-09-26,SK001,Store A,5,2025-10-01,BAT-5209
INV-010816,2025-09-26,TV001,Store A,10,2025-10-03,BAT-8045
INV-010817,2025-09-26,CB001,Store B,12,2025-10-02,BAT-1862
INV-010818,2025-09-26,CW001,Store B,27,2025-10-03,BAT-1475
INV-010819,2025-09-26,DG001,Store B,2,2025-10-01,BAT-1790
INV-010820,2025-09-26,KI001,Store B,14,2025-10-03,BAT-6575
INV-010821,2025-09-26,SK001,Store B,6,2025-10-03,BAT-1277
INV-010822,2025-09-26,TV001,Store B,14,2025-10-01,BAT-6576
INV-010823,2025-09-26,VS001,Store B,3,2025-10-03,BAT-2392
INV-010824,2025-09-26,CB001,Store C,19,2025-10-02,BAT-9553
INV-010825,2025-09-26,CW001,Store C,45,2025-10-02,BAT-3788
INV-010826,2025-09-26,DG001,Store C,5,2025-10-02,BAT-5537
INV-010827,2025-09-26,KI001,Store C,13,2025-10-03,BAT-9465
INV-010828,2025-09-26,SK001,Store C,13,2025-10-03,BAT-8500
INV-010829,2025-09-26,TV001,Store C,26,2025-10-02,BAT-3796
INV-010830,2025-09-26,VS001,Store C,16,2025-10-02,BAT-9032
INV-010831,2025-09-26,CB001,WhatsApp,8,2025-10-03,BAT-6710
INV-010832,2025-09-26,CW001,WhatsApp,19,2025-10-01,BAT-9492
INV-010833,2025-09-26,DG001,WhatsApp,2,2025-10-03,BAT-1841
INV-010834,2025-09-26,KI001,WhatsApp,9,2025-10-01,BAT-8227
INV-010835,2025-09-26,SK001,WhatsApp,9,2025-10-02,BAT-9827
INV-010836,2025-09-26,TV001,WhatsApp,5,2025-10-03,BAT-2212
INV-010837,2025-09-26,VS001,WhatsApp,6,2025-10-02,BAT-9664
INV-010838,2025-09-27,CB001,Shopee,33,2025-10-04,BAT-8403
INV-010839,2025-09-27,CW001,Shopee,28,2025-10-03,BAT-1235
INV-010840,2025-09-27,DG001,Shopee,5,2025-10-04,BAT-9669
INV-010841,2025-09-27,KI001,Shopee,37,2025-10-03,BAT-6385
INV-010842,2025-09-27,SK001,Shopee,27,2025-10-03,BAT-4376
INV-010843,2025-09-27,TV001,Shopee,13,2025-10-02,BAT-9570
INV-010844,2025-09-27,CB001,Store A,12,2025-10-04,BAT-2717
INV-010845,2025-09-27,CW001,Store A,17,2025-10-04,BAT-4565
INV-010846,2025-09-27,DG001,Store A,3,2025-10-02,BAT-9653
INV-010847,2025-09-27,KI001,Store A,7,2025-10-03,BAT-9787
INV-010848,2025-09-27,SK001,Store A,6,2025-10-02,BAT-5026
INV-010849,2025-09-27,TV001,Store A,6,2025-10-03,BAT-9827
INV-010850,2025-09-27,VS001,Store A,9,2025-10-03,BAT-1186
INV-010851,2025-09-27,CB001,Store B,13,2025-10-02,BAT-3734
INV-010852,2025-09-27,CW001,Store B,28,2025-10-03,BAT-8667
INV-010853,2025-09-27,DG001,Store B,10,2025-10-03,BAT-6171
INV-010854,2025-09-27,KI001,Store B,21,2025-10-03,BAT-7929
INV-010855,2025-09-27,SK001,Store B,15,2025-10-02,BAT-7122
INV-010856,2025-09-27,TV001,Store B,25,2025-10-04,BAT-6129
INV-010857,2025-09-27,VS001,Store B,5,2025-10-04,BAT-1338
INV-010858,2025-09-27,CB001,Store C,28,2025-10-03,BAT-1194
INV-010859,2025-09-27,CW001,Store C,64,2025-10-04,BAT-6216
INV-010860,2025-09-27,DG001,Store C,9,2025-10-04,BAT-7464
INV-010861,2025-09-27,KI001,Store C,43,2025-10-04,BAT-2991
INV-010862,2025-09-27,SK001,Store C,11,2025-10-02,BAT-2307
INV-010863,2025-09-27,TV001,Store C,26,2025-10-04,BAT-3058
INV-010864,2025-09-27,VS001,Store C,19,2025-10-03,BAT-6036
INV-010865,2025-09-27,CB001,WhatsApp,14,2025-10-03,BAT-6727
INV-010866,2025-09-27,CW001,WhatsApp,27,2025-10-04,BAT-7989
INV-010867,2025-09-27,DG001,WhatsApp,5,2025-10-02,BAT-9701
INV-010868,2025-09-27,KI001,WhatsApp,9,2025-10-04,BAT-2655
INV-010869,2025-09-27,SK001,WhatsApp,5,2025-10-04,BAT-3015
INV-010870,2025-09-27,TV001,WhatsApp,14,2025-10-03,BAT-1999
INV-010871,2025-09-27,VS001,WhatsApp,11,2025-10-03,BAT-4476
INV-010872,2025-09-28,CB001,Shopee,22,2025-10-03,BAT-7561
INV-010873,2025-09-28,CW001,Shopee,46,2025-10-04,BAT-9698
INV-010874,2025-09-28,DG001,Shopee,15,2025-10-04,BAT-7587
INV-010875,2025-09-28,KI001,Shopee,31,2025-10-04,BAT-2292
INV-010876,2025-09-28,SK001,Shopee,11,2025-10-04,BAT-9350
INV-010877,2025-09-28,TV001,Shopee,12,2025-10-04,BAT-5019
INV-010878,2025-09-28,VS001,Shopee,13,2025-10-03,BAT-1988
INV-010879,2025-09-28,CB001,Store A,6,2025-10-05,BAT-6470
INV-010880,2025-09-28,CW001,Store A,24,2025-10-04,BAT-2480
INV-010881,2025-09-28,DG001,Store A,3,2025-10-04,BAT-8378
INV-010882,2025-09-28,KI001,Store A,15,2025-10-03,BAT-6477
INV-010883,2025-09-28,SK001,Store A,7,2025-10-04,BAT-4922
INV-010884,2025-09-28,TV001,Store A,18,2025-10-05,BAT-4046
INV-010885,2025-09-28,VS001,Store A,7,2025-10-03,BAT-2659
INV-010886,2025-09-28,CB001,Store B,8,2025-10-03,BAT-7437
INV-010887,2025-09-28,CW001,Store B,33,2025-10-05,BAT-1697
INV-010888,2025-09-28,DG001,Store B,4,2025-10-05,BAT-4931
INV-010889,2025-09-28,KI001,Store B,14,2025-10-03,BAT-8486
INV-010890,2025-09-28,SK001,Store B,3,2025-10-03,BAT-9924
INV-010891,2025-09-28,TV001,Store B,12,2025-10-05,BAT-7196
INV-010892,2025-09-28,VS001,Store B,5,2025-10-04,BAT-5085
INV-010893,2025-09-28,CB001,Store C,26,2025-10-05,BAT-2346
INV-010894,2025-09-28,CW001,Store C,49,2025-10-04,BAT-5201
INV-010895,2025-09-28,DG001,Store C,4,2025-10-05,BAT-7753
INV-010896,2025-09-28,KI001,Store C,45,2025-10-03,BAT-8566
INV-010897,2025-09-28,SK001,Store C,30,2025-10-04,BAT-4354
INV-010898,2025-09-28,TV001,Store C,27,2025-10-05,BAT-5908
INV-010899,2025-09-28,VS001,Store C,6,2025-10-04,BAT-1702
INV-010900,2025-09-28,CB001,WhatsApp,23,2025-10-03,BAT-1613
INV-010901,2025-09-28,CW001,WhatsApp,21,2025-10-05,BAT-9959
INV-010902,2025-09-28,DG001,WhatsApp,2,2025-10-04,BAT-4506
INV-010903,2025-09-28,KI001,WhatsApp,32,2025-10-03,BAT-8972
INV-010904,2025-09-28,SK001,WhatsApp,6,2025-10-04,BAT-3200
INV-010905,2025-09-28,TV001,WhatsApp,14,2025-10-05,BAT-2678
INV-010906,2025-09-28,VS001,WhatsApp,4,2025-10-04,BAT-5433
INV-010907,2025-09-29,CB001,Shopee,18,2025-10-06,BAT-4766
INV-010908,2025-09-29,CW001,Shopee,19,2025-10-04,BAT-1354
INV-010909,2025-09-29,KI001,Shopee,13,2025-10-06,BAT-1735
INV-010910,2025-09-29,SK001,Shopee,8,2025-10-05,BAT-5261
INV-010911,2025-09-29,TV001,Shopee,9,2025-10-06,BAT-1058
INV-010912,2025-09-29,VS001,Shopee,5,2025-10-04,BAT-9284
INV-010913,2025-09-29,CB001,Store A,8,2025-10-05,BAT-9341
INV-010914,2025-09-29,CW001,Store A,17,2025-10-05,BAT-6241
INV-010915,2025-09-29,DG001,Store A,2,2025-10-05,BAT-2833
INV-010916,2025-09-29,KI001,Store A,7,2025-10-04,BAT-6384
INV-010917,2025-09-29,SK001,Store A,2,2025-10-05,BAT-3224
INV-010918,2025-09-29,TV001,Store A,2,2025-10-04,BAT-8430
INV-010919,2025-09-29,VS001,Store A,4,2025-10-04,BAT-1348
INV-010920,2025-09-29,CB001,Store B,5,2025-10-05,BAT-2963
INV-010921,2025-09-29,CW001,Store B,21,2025-10-05,BAT-5439
INV-010922,2025-09-29,DG001,Store B,8,2025-10-04,BAT-4327
INV-010923,2025-09-29,KI001,Store B,11,2025-10-04,BAT-9255
INV-010924,2025-09-29,SK001,Store B,7,2025-10-04,BAT-9310
INV-010925,2025-09-29,TV001,Store B,6,2025-10-06,BAT-8698
INV-010926,2025-09-29,VS001,Store B,4,2025-10-06,BAT-6884
INV-010927,2025-09-29,CB001,Store C,18,2025-10-04,BAT-4834
INV-010928,2025-09-29,CW001,Store C,51,2025-10-05,BAT-8780
INV-010929,2025-09-29,DG001,Store C,6,2025-10-05,BAT-2544
INV-010930,2025-09-29,KI001,Store C,47,2025-10-04,BAT-1204
INV-010931,2025-09-29,SK001,Store C,8,2025-10-04,BAT-6719
INV-010932,2025-09-29,TV001,Store C,18,2025-10-06,BAT-7867
INV-010933,2025-09-29,VS001,Store C,21,2025-10-04,BAT-9928
INV-010934,2025-09-29,CB001,WhatsApp,2,2025-10-04,BAT-6712
INV-010935,2025-09-29,CW001,WhatsApp,10,2025-10-04,BAT-1647
INV-010936,2025-09-29,DG001,WhatsApp,7,2025-10-04,BAT-3791
INV-010937,2025-09-29,KI001,WhatsApp,8,2025-10-04,BAT-2392
INV-010938,2025-09-29,SK001,WhatsApp,5,2025-10-06,BAT-6834
INV-010939,2025-09-29,TV001,WhatsApp,11,2025-10-04,BAT-1119
INV-010940,2025-09-29,VS001,WhatsApp,2,2025-10-05,BAT-2086
INV-010941,2025-09-30,CB001,Shopee,8,2025-10-07,BAT-9105
INV-010942,2025-09-30,CW001,Shopee,32,2025-10-07,BAT-5458
INV-010943,2025-09-30,DG001,Shopee,4,2025-10-05,BAT-3614
INV-010944,2025-09-30,KI001,Shopee,24,2025-10-05,BAT-2233
INV-010945,2025-09-30,SK001,Shopee,5,2025-10-06,BAT-6071
INV-010946,2025-09-30,TV001,Shopee,5,2025-10-07,BAT-3366
INV-010947,2025-09-30,VS001,Shopee,7,2025-10-06,BAT-9912
INV-010948,2025-09-30,CB001,Store A,5,2025-10-05,BAT-8776
INV-010949,2025-09-30,CW001,Store A,11,2025-10-06,BAT-5190
INV-010950,2025-09-30,KI001,Store A,15,2025-10-07,BAT-7666
INV-010951,2025-09-30,SK001,Store A,3,2025-10-05,BAT-7114
INV-010952,2025-09-30,TV001,Store A,10,2025-10-06,BAT-5891
INV-010953,2025-09-30,VS001,Store A,4,2025-10-05,BAT-5745
INV-010954,2025-09-30,CB001,Store B,9,2025-10-07,BAT-4505
INV-010955,2025-09-30,CW001,Store B,19,2025-10-05,BAT-2767
INV-010956,2025-09-30,KI001,Store B,20,2025-10-07,BAT-1845
INV-010957,2025-09-30,SK001,Store B,9,2025-10-06,BAT-7268
INV-010958,2025-09-30,TV001,Store B,6,2025-10-05,BAT-7250
INV-010959,2025-09-30,VS001,Store B,4,2025-10-06,BAT-1196
INV-010960,2025-09-30,CB001,Store C,18,2025-10-06,BAT-8350
INV-010961,2025-09-30,CW001,Store C,44,2025-10-05,BAT-1918
INV-010962,2025-09-30,DG001,Store C,9,2025-10-05,BAT-1575
INV-010963,2025-09-30,KI001,Store C,27,2025-10-06,BAT-4873
INV-010964,2025-09-30,SK001,Store C,16,2025-10-06,BAT-3220
INV-010965,2025-09-30,TV001,Store C,17,2025-10-06,BAT-4220
INV-010966,2025-09-30,VS001,Store C,6,2025-10-07,BAT-1510
INV-010967,2025-09-30,CB001,WhatsApp,5,2025-10-06,BAT-8795
INV-010968,2025-09-30,CW001,WhatsApp,15,2025-10-05,BAT-1981
INV-010969,2025-09-30,DG001,WhatsApp,3,2025-10-05,BAT-3237
INV-010970,2025-09-30,KI001,WhatsApp,3,2025-10-07,BAT-1201
INV-010971,2025-09-30,SK001,WhatsApp,3,2025-10-06,BAT-4542
INV-010972,2025-09-30,TV001,WhatsApp,3,2025-10-05,BAT-4104
INV-010973,2025-09-30,VS001,WhatsApp,4,2025-10-05,BAT-8396
INV-010974,2025-10-01,CB001,Shopee,18,2025-10-06,BAT-2788
INV-010975,2025-10-01,CW001,Shopee,38,2025-10-07,BAT-1675
INV-010976,2025-10-01,KI001,Shopee,27,2025-10-07,BAT-2238
INV-010977,2025-10-01,SK001,Shopee,16,2025-10-07,BAT-3335
INV-010978,2025-10-01,TV001,Shopee,9,2025-10-06,BAT-5159
INV-010979,2025-10-01,VS001,Shopee,8,2025-10-08,BAT-5576
INV-010980,2025-10-01,CB001,Store A,6,2025-10-06,BAT-9126
INV-010981,2025-10-01,CW001,Store A,8,2025-10-06,BAT-9964
INV-010982,2025-10-01,DG001,Store A,6,2025-10-06,BAT-8765
INV-010983,2025-10-01,KI001,Store A,13,2025-10-07,BAT-5207
INV-010984,2025-10-01,SK001,Store A,4,2025-10-07,BAT-1881
INV-010985,2025-10-01,TV001,Store A,4,2025-10-06,BAT-4695
INV-010986,2025-10-01,VS001,Store A,5,2025-10-07,BAT-3158
INV-010987,2025-10-01,CB001,Store B,11,2025-10-06,BAT-2521
INV-010988,2025-10-01,CW001,Store B,22,2025-10-06,BAT-3360
INV-010989,2025-10-01,DG001,Store B,11,2025-10-06,BAT-5421
INV-010990,2025-10-01,KI001,Store B,11,2025-10-06,BAT-1278
INV-010991,2025-10-01,SK001,Store B,4,2025-10-07,BAT-8308
INV-010992,2025-10-01,TV001,Store B,7,2025-10-07,BAT-3953
INV-010993,2025-10-01,VS001,Store B,9,2025-10-06,BAT-4411
INV-010994,2025-10-01,CB001,Store C,19,2025-10-07,BAT-6785
INV-010995,2025-10-01,CW001,Store C,34,2025-10-06,BAT-3138
INV-010996,2025-10-01,DG001,Store C,4,2025-10-06,BAT-8628
INV-010997,2025-10-01,KI001,Store C,26,2025-10-07,BAT-1394
INV-010998,2025-10-01,SK001,Store C,7,2025-10-08,BAT-3194
INV-010999,2025-10-01,TV001,Store C,21,2025-10-07,BAT-6883
INV-011000,2025-10-01,VS001,Store C,12,2025-10-07,BAT-2834
INV-011001,2025-10-01,CB001,WhatsApp,7,2025-10-06,BAT-2732
INV-011002,2025-10-01,CW001,WhatsApp,8,2025-10-08,BAT-2809
INV-011003,2025-10-01,DG001,WhatsApp,3,2025-10-08,BAT-2489
INV-011004,2025-10-01,KI001,WhatsApp,14,2025-10-07,BAT-9855
INV-011005,2025-10-01,SK001,WhatsApp,4,2025-10-08,BAT-5678
INV-011006,2025-10-01,TV001,WhatsApp,5,2025-10-08,BAT-7776
INV-011007,2025-10-01,VS001,WhatsApp,5,2025-10-08,BAT-8011
INV-011008,2025-10-02,CB001,Shopee,14,2025-10-09,BAT-7902
INV-011009,2025-10-02,CW001,Shopee,15,2025-10-08,BAT-7215
INV-011010,2025-10-02,DG001,Shopee,7,2025-10-07,BAT-9195
INV-011011,2025-10-02,KI001,Shopee,27,2025-10-08,BAT-8474
INV-011012,2025-10-02,SK001,Shopee,6,2025-10-09,BAT-4780
INV-011013,2025-10-02,TV001,Shopee,7,2025-10-09,BAT-2451
INV-011014,2025-10-02,VS001,Shopee,4,2025-10-07,BAT-1532
INV-011015,2025-10-02,CB001,Store A,10,2025-10-09,BAT-3140
INV-011016,2025-10-02,CW001,Store A,11,2025-10-08,BAT-1714
INV-011017,2025-10-02,KI001,Store A,13,2025-10-09,BAT-9668
INV-011018,2025-10-02,SK001,Store A,5,2025-10-07,BAT-7439
INV-011019,2025-10-02,TV001,Store A,7,2025-10-09,BAT-3094
INV-011020,2025-10-02,VS001,Store A,12,2025-10-08,BAT-4775
INV-011021,2025-10-02,CB001,Store B,3,2025-10-08,BAT-9353
INV-011022,2025-10-02,CW001,Store B,7,2025-10-08,BAT-1640
INV-011023,2025-10-02,DG001,Store B,2,2025-10-07,BAT-4670
INV-011024,2025-10-02,KI001,Store B,12,2025-10-09,BAT-7721
INV-011025,2025-10-02,SK001,Store B,3,2025-10-08,BAT-4071
INV-011026,2025-10-02,TV001,Store B,7,2025-10-07,BAT-3755
INV-011027,2025-10-02,VS001,Store B,5,2025-10-07,BAT-4265
INV-011028,2025-10-02,CB001,Store C,15,2025-10-08,BAT-3431
INV-011029,2025-10-02,CW001,Store C,24,2025-10-08,BAT-6387
INV-011030,2025-10-02,DG001,Store C,8,2025-10-07,BAT-4568
INV-011031,2025-10-02,KI001,Store C,14,2025-10-07,BAT-1297
INV-011032,2025-10-02,SK001,Store C,12,2025-10-08,BAT-5074
INV-011033,2025-10-02,TV001,Store C,19,2025-10-09,BAT-7607
INV-011034,2025-10-02,VS001,Store C,8,2025-10-09,BAT-2822
INV-011035,2025-10-02,CB001,WhatsApp,7,2025-10-07,BAT-9456
INV-011036,2025-10-02,CW001,WhatsApp,2,2025-10-09,BAT-2474
INV-011037,2025-10-02,DG001,WhatsApp,4,2025-10-07,BAT-7655
INV-011038,2025-10-02,KI001,WhatsApp,7,2025-10-07,BAT-2512
INV-011039,2025-10-02,TV001,WhatsApp,4,2025-10-09,BAT-3494
INV-011040,2025-10-02,VS001,WhatsApp,3,2025-10-07,BAT-9101
INV-011041,2025-10-03,CB001,Shopee,15,2025-10-09,BAT-9715
INV-011042,2025-10-03,CW001,Shopee,28,2025-10-10,BAT-8533
INV-011043,2025-10-03,DG001,Shopee,6,2025-10-10,BAT-1732
INV-011044,2025-10-03,KI001,Shopee,28,2025-10-10,BAT-6518
INV-011045,2025-10-03,SK001,Shopee,10,2025-10-08,BAT-9972
INV-011046,2025-10-03,TV001,Shopee,10,2025-10-09,BAT-7365
INV-011047,2025-10-03,VS001,Shopee,8,2025-10-08,BAT-1377
INV-011048,2025-10-03,CB001,Store A,6,2025-10-10,BAT-9438
INV-011049,2025-10-03,CW001,Store A,10,2025-10-08,BAT-5080
INV-011050,2025-10-03,KI001,Store A,5,2025-10-08,BAT-5002
INV-011051,2025-10-03,SK001,Store A,3,2025-10-08,BAT-2574
INV-011052,2025-10-03,TV001,Store A,5,2025-10-08,BAT-6215
INV-011053,2025-10-03,VS001,Store A,7,2025-10-10,BAT-7051
INV-011054,2025-10-03,CB001,Store B,2,2025-10-09,BAT-9212
INV-011055,2025-10-03,CW001,Store B,12,2025-10-10,BAT-6063
INV-011056,2025-10-03,KI001,Store B,7,2025-10-08,BAT-4098
INV-011057,2025-10-03,SK001,Store B,2,2025-10-10,BAT-1197
INV-011058,2025-10-03,TV001,Store B,9,2025-10-08,BAT-6307
INV-011059,2025-10-03,CB001,Store C,24,2025-10-09,BAT-7764
INV-011060,2025-10-03,CW001,Store C,50,2025-10-09,BAT-6269
INV-011061,2025-10-03,DG001,Store C,4,2025-10-10,BAT-5102
INV-011062,2025-10-03,KI001,Store C,27,2025-10-10,BAT-5478
INV-011063,2025-10-03,SK001,Store C,10,2025-10-09,BAT-8235
INV-011064,2025-10-03,TV001,Store C,20,2025-10-08,BAT-2564
INV-011065,2025-10-03,VS001,Store C,12,2025-10-08,BAT-5374
INV-011066,2025-10-03,CB001,WhatsApp,15,2025-10-10,BAT-1262
INV-011067,2025-10-03,CW001,WhatsApp,14,2025-10-10,BAT-9832
INV-011068,2025-10-03,DG001,WhatsApp,2,2025-10-10,BAT-9306
INV-011069,2025-10-03,KI001,WhatsApp,9,2025-10-08,BAT-4645
INV-011070,2025-10-03,SK001,WhatsApp,6,2025-10-10,BAT-5734
INV-011071,2025-10-03,TV001,WhatsApp,9,2025-10-08,BAT-7407
INV-011072,2025-10-03,VS001,WhatsApp,2,2025-10-10,BAT-6679
INV-011073,2025-10-04,CB001,Shopee,34,2025-10-09,BAT-9140
INV-011074,2025-10-04,CW001,Shopee,41,2025-10-10,BAT-3227
INV-011075,2025-10-04,DG001,Shopee,6,2025-10-10,BAT-4156
INV-011076,2025-10-04,KI001,Shopee,31,2025-10-09,BAT-4641
INV-011077,2025-10-04,SK001,Shopee,6,2025-10-10,BAT-1285
INV-011078,2025-10-04,TV001,Shopee,28,2025-10-09,BAT-3612
INV-011079,2025-10-04,VS001,Shopee,16,2025-10-11,BAT-3285
INV-011080,2025-10-04,CB001,Store A,10,2025-10-10,BAT-2756
INV-011081,2025-10-04,CW001,Store A,18,2025-10-11,BAT-7859
INV-011082,2025-10-04,DG001,Store A,10,2025-10-11,BAT-3894
INV-011083,2025-10-04,KI001,Store A,20,2025-10-10,BAT-6668
INV-011084,2025-10-04,SK001,Store A,9,2025-10-10,BAT-7513
INV-011085,2025-10-04,TV001,Store A,10,2025-10-09,BAT-1996
INV-011086,2025-10-04,VS001,Store A,2,2025-10-09,BAT-4589
INV-011087,2025-10-04,CB001,Store B,8,2025-10-10,BAT-7691
INV-011088,2025-10-04,CW001,Store B,16,2025-10-09,BAT-3093
INV-011089,2025-10-04,DG001,Store B,6,2025-10-11,BAT-3348
INV-011090,2025-10-04,KI001,Store B,3,2025-10-09,BAT-2470
INV-011091,2025-10-04,SK001,Store B,11,2025-10-11,BAT-3879
INV-011092,2025-10-04,TV001,Store B,15,2025-10-09,BAT-7999
INV-011093,2025-10-04,CB001,Store C,13,2025-10-09,BAT-3049
INV-011094,2025-10-04,CW001,Store C,36,2025-10-10,BAT-9722
INV-011095,2025-10-04,DG001,Store C,7,2025-10-09,BAT-9155
INV-011096,2025-10-04,KI001,Store C,31,2025-10-10,BAT-6326
INV-011097,2025-10-04,SK001,Store C,13,2025-10-11,BAT-5236
INV-011098,2025-10-04,TV001,Store C,20,2025-10-11,BAT-1753
INV-011099,2025-10-04,VS001,Store C,11,2025-10-10,BAT-3911
INV-011100,2025-10-04,CB001,WhatsApp,19,2025-10-10,BAT-7864
INV-011101,2025-10-04,CW001,WhatsApp,32,2025-10-11,BAT-5912
INV-011102,2025-10-04,DG001,WhatsApp,3,2025-10-09,BAT-2754
INV-011103,2025-10-04,KI001,WhatsApp,16,2025-10-10,BAT-4876
INV-011104,2025-10-04,SK001,WhatsApp,6,2025-10-10,BAT-4358
INV-011105,2025-10-04,TV001,WhatsApp,14,2025-10-10,BAT-9057
INV-011106,2025-10-04,VS001,WhatsApp,3,2025-10-10,BAT-4848
INV-011107,2025-10-05,CB001,Shopee,23,2025-10-11,BAT-2361
INV-011108,2025-10-05,CW001,Shopee,41,2025-10-11,BAT-9761
INV-011109,2025-10-05,KI001,Shopee,20,2025-10-11,BAT-2663
INV-011110,2025-10-05,SK001,Shopee,7,2025-10-10,BAT-8517
INV-011111,2025-10-05,TV001,Shopee,14,2025-10-10,BAT-7459
INV-011112,2025-10-05,VS001,Shopee,7,2025-10-10,BAT-9345
INV-011113,2025-10-05,CB001,Store A,8,2025-10-11,BAT-7347
INV-011114,2025-10-05,CW001,Store A,29,2025-10-12,BAT-7556
INV-011115,2025-10-05,DG001,Store A,2,2025-10-10,BAT-5522
INV-011116,2025-10-05,KI001,Store A,18,2025-10-12,BAT-8240
INV-011117,2025-10-05,SK001,Store A,10,2025-10-11,BAT-9942
INV-011118,2025-10-05,TV001,Store A,6,2025-10-11,BAT-5807
INV-011119,2025-10-05,VS001,Store A,7,2025-10-10,BAT-3615
INV-011120,2025-10-05,CB001,Store B,23,2025-10-12,BAT-4402
INV-011121,2025-10-05,CW001,Store B,20,2025-10-10,BAT-7763
INV-011122,2025-10-05,DG001,Store B,4,2025-10-10,BAT-9360
INV-011123,2025-10-05,KI001,Store B,26,2025-10-12,BAT-8919
INV-011124,2025-10-05,SK001,Store B,4,2025-10-10,BAT-3057
INV-011125,2025-10-05,TV001,Store B,5,2025-10-11,BAT-4432
INV-011126,2025-10-05,VS001,Store B,6,2025-10-11,BAT-7869
INV-011127,2025-10-05,CB001,Store C,23,2025-10-11,BAT-9973
INV-011128,2025-10-05,CW001,Store C,43,2025-10-10,BAT-3470
INV-011129,2025-10-05,DG001,Store C,9,2025-10-12,BAT-8091
INV-011130,2025-10-05,KI001,Store C,45,2025-10-12,BAT-6837
INV-011131,2025-10-05,SK001,Store C,22,2025-10-11,BAT-3819
INV-011132,2025-10-05,TV001,Store C,33,2025-10-11,BAT-5528
INV-011133,2025-10-05,VS001,Store C,12,2025-10-12,BAT-2440
INV-011134,2025-10-05,CB001,WhatsApp,4,2025-10-10,BAT-9078
INV-011135,2025-10-05,CW001,WhatsApp,7,2025-10-12,BAT-2315
INV-011136,2025-10-05,KI001,WhatsApp,6,2025-10-11,BAT-5080
INV-011137,2025-10-05,SK001,WhatsApp,7,2025-10-12,BAT-8029
INV-011138,2025-10-05,TV001,WhatsApp,3,2025-10-10,BAT-6527
INV-011139,2025-10-06,CB001,Shopee,15,2025-10-12,BAT-9199
INV-011140,2025-10-06,CW001,Shopee,18,2025-10-13,BAT-3928
INV-011141,2025-10-06,DG001,Shopee,3,2025-10-13,BAT-9467
INV-011142,2025-10-06,KI001,Shopee,10,2025-10-12,BAT-9795
INV-011143,2025-10-06,SK001,Shopee,7,2025-10-12,BAT-7638
INV-011144,2025-10-06,TV001,Shopee,10,2025-10-11,BAT-6690
INV-011145,2025-10-06,VS001,Shopee,6,2025-10-11,BAT-1716
INV-011146,2025-10-06,CB001,Store A,5,2025-10-11,BAT-7079
INV-011147,2025-10-06,CW001,Store A,17,2025-10-13,BAT-5570
INV-011148,2025-10-06,DG001,Store A,5,2025-10-13,BAT-4055
INV-011149,2025-10-06,KI001,Store A,4,2025-10-11,BAT-2940
INV-011150,2025-10-06,SK001,Store A,5,2025-10-11,BAT-6094
INV-011151,2025-10-06,TV001,Store A,4,2025-10-13,BAT-7944
INV-011152,2025-10-06,VS001,Store A,2,2025-10-11,BAT-9137
INV-011153,2025-10-06,CB001,Store B,2,2025-10-13,BAT-9277
INV-011154,2025-10-06,CW001,Store B,7,2025-10-11,BAT-4319
INV-011155,2025-10-06,KI001,Store B,12,2025-10-13,BAT-4303
INV-011156,2025-10-06,SK001,Store B,3,2025-10-12,BAT-1810
INV-011157,2025-10-06,VS001,Store B,3,2025-10-12,BAT-1531
INV-011158,2025-10-06,CB001,Store C,20,2025-10-11,BAT-5879
INV-011159,2025-10-06,CW001,Store C,11,2025-10-12,BAT-2913
INV-011160,2025-10-06,DG001,Store C,3,2025-10-13,BAT-9132
INV-011161,2025-10-06,KI001,Store C,20,2025-10-13,BAT-8645
INV-011162,2025-10-06,SK001,Store C,7,2025-10-13,BAT-7798
INV-011163,2025-10-06,TV001,Store C,11,2025-10-13,BAT-2719
INV-011164,2025-10-06,VS001,Store C,2,2025-10-12,BAT-3549
INV-011165,2025-10-06,CB001,WhatsApp,3,2025-10-12,BAT-1834
INV-011166,2025-10-06,CW001,WhatsApp,12,2025-10-12,BAT-2614
INV-011167,2025-10-06,KI001,WhatsApp,4,2025-10-12,BAT-8645
INV-011168,2025-10-06,TV001,WhatsApp,5,2025-10-12,BAT-6974
INV-011169,2025-10-07,CB001,Shopee,7,2025-10-14,BAT-2973
INV-011170,2025-10-07,CW001,Shopee,5,2025-10-13,BAT-6582
INV-011171,2025-10-07,KI001,Shopee,20,2025-10-14,BAT-3713
INV-011172,2025-10-07,SK001,Shopee,6,2025-10-12,BAT-8742
INV-011173,2025-10-07,TV001,Shopee,6,2025-10-14,BAT-9658
INV-011174,2025-10-07,VS001,Shopee,9,2025-10-13,BAT-9562
INV-011175,2025-10-07,CB001,Store A,11,2025-10-13,BAT-3254
INV-011176,2025-10-07,CW001,Store A,12,2025-10-14,BAT-1921
INV-011177,2025-10-07,KI001,Store A,8,2025-10-13,BAT-2834
INV-011178,2025-10-07,SK001,Store A,7,2025-10-12,BAT-7991
INV-011179,2025-10-07,TV001,Store A,6,2025-10-14,BAT-9388
INV-011180,2025-10-07,VS001,Store A,2,2025-10-14,BAT-8700
INV-011181,2025-10-07,CB001,Store B,9,2025-10-12,BAT-3126
INV-011182,2025-10-07,CW001,Store B,20,2025-10-14,BAT-7294
INV-011183,2025-10-07,DG001,Store B,2,2025-10-13,BAT-2976
INV-011184,2025-10-07,KI001,Store B,6,2025-10-13,BAT-6551
INV-011185,2025-10-07,SK001,Store B,5,2025-10-12,BAT-8330
INV-011186,2025-10-07,TV001,Store B,5,2025-10-14,BAT-2737
INV-011187,2025-10-07,CB001,Store C,15,2025-10-12,BAT-3982
INV-011188,2025-10-07,CW001,Store C,17,2025-10-14,BAT-1244
INV-011189,2025-10-07,DG001,Store C,6,2025-10-14,BAT-9995
INV-011190,2025-10-07,KI001,Store C,8,2025-10-13,BAT-8627
INV-011191,2025-10-07,SK001,Store C,4,2025-10-14,BAT-1515
INV-011192,2025-10-07,TV001,Store C,6,2025-10-14,BAT-5208
INV-011193,2025-10-07,VS001,Store C,9,2025-10-13,BAT-4181
INV-011194,2025-10-07,CB001,WhatsApp,4,2025-10-12,BAT-4494
INV-011195,2025-10-07,CW001,WhatsApp,7,2025-10-12,BAT-3658
INV-011196,2025-10-07,DG001,WhatsApp,2,2025-10-12,BAT-7401
INV-011197,2025-10-07,KI001,WhatsApp,4,2025-10-13,BAT-7265
INV-011198,2025-10-07,SK001,WhatsApp,7,2025-10-13,BAT-5252
INV-011199,2025-10-07,TV001,WhatsApp,2,2025-10-13,BAT-1326
INV-011200,2025-10-08,CB001,Shopee,5,2025-10-14,BAT-6841
INV-011201,2025-10-08,CW001,Shopee,18,2025-10-15,BAT-2939
INV-011202,2025-10-08,KI001,Shopee,6,2025-10-14,BAT-3327
INV-011203,2025-10-08,SK001,Shopee,8,2025-10-13,BAT-2891
INV-011204,2025-10-08,TV001,Shopee,3,2025-10-14,BAT-3378
INV-011205,2025-10-08,VS001,Shopee,10,2025-10-13,BAT-8869
INV-011206,2025-10-08,CB001,Store A,8,2025-10-13,BAT-4237
INV-011207,2025-10-08,CW001,Store A,15,2025-10-15,BAT-9563
INV-011208,2025-10-08,DG001,Store A,3,2025-10-13,BAT-5621
INV-011209,2025-10-08,KI001,Store A,8,2025-10-15,BAT-2843
INV-011210,2025-10-08,SK001,Store A,6,2025-10-13,BAT-3243
INV-011211,2025-10-08,TV001,Store A,2,2025-10-14,BAT-9247
INV-011212,2025-10-08,VS001,Store A,4,2025-10-13,BAT-1167
INV-011213,2025-10-08,CB001,Store B,5,2025-10-13,BAT-7964
INV-011214,2025-10-08,CW001,Store B,7,2025-10-13,BAT-1253
INV-011215,2025-10-08,KI001,Store B,17,2025-10-13,BAT-1767
INV-011216,2025-10-08,SK001,Store B,3,2025-10-14,BAT-2167
INV-011217,2025-10-08,TV001,Store B,7,2025-10-15,BAT-6975
INV-011218,2025-10-08,CB001,Store C,22,2025-10-15,BAT-7359
INV-011219,2025-10-08,CW001,Store C,22,2025-10-14,BAT-5015
INV-011220,2025-10-08,KI001,Store C,16,2025-10-15,BAT-6406
INV-011221,2025-10-08,SK001,Store C,6,2025-10-15,BAT-2486
INV-011222,2025-10-08,TV001,Store C,5,2025-10-14,BAT-1279
INV-011223,2025-10-08,VS001,Store C,3,2025-10-14,BAT-9170
INV-011224,2025-10-08,CB001,WhatsApp,8,2025-10-13,BAT-9037
INV-011225,2025-10-08,CW001,WhatsApp,5,2025-10-15,BAT-7954
INV-011226,2025-10-08,DG001,WhatsApp,2,2025-10-13,BAT-6243
INV-011227,2025-10-08,KI001,WhatsApp,3,2025-10-15,BAT-6520
INV-011228,2025-10-08,SK001,WhatsApp,3,2025-10-13,BAT-3241
INV-011229,2025-10-08,TV001,WhatsApp,4,2025-10-13,BAT-8357
INV-011230,2025-10-09,CB001,Shopee,10,2025-10-15,BAT-2613
INV-011231,2025-10-09,CW001,Shopee,5,2025-10-16,BAT-7096
INV-011232,2025-10-09,DG001,Shopee,3,2025-10-15,BAT-9301
INV-011233,2025-10-09,KI001,Shopee,3,2025-10-15,BAT-5253
INV-011234,2025-10-09,SK001,Shopee,8,2025-10-16,BAT-1747
INV-011235,2025-10-09,TV001,Shopee,13,2025-10-16,BAT-8567
INV-011236,2025-10-09,VS001,Shopee,3,2025-10-16,BAT-7280
INV-011237,2025-10-09,CB001,Store A,7,2025-10-15,BAT-5795
INV-011238,2025-10-09,CW001,Store A,5,2025-10-16,BAT-7058
INV-011239,2025-10-09,DG001,Store A,2,2025-10-15,BAT-8578
INV-011240,2025-10-09,KI001,Store A,8,2025-10-14,BAT-6867
INV-011241,2025-10-09,SK001,Store A,6,2025-10-14,BAT-1447
INV-011242,2025-10-09,TV001,Store A,3,2025-10-14,BAT-9192
INV-011243,2025-10-09,CB001,Store B,3,2025-10-15,BAT-7295
INV-011244,2025-10-09,CW001,Store B,6,2025-10-16,BAT-8875
INV-011245,2025-10-09,DG001,Store B,4,2025-10-16,BAT-4766
INV-011246,2025-10-09,KI001,Store B,4,2025-10-16,BAT-2002
INV-011247,2025-10-09,TV001,Store B,4,2025-10-15,BAT-6210
INV-011248,2025-10-09,VS001,Store B,3,2025-10-14,BAT-9684
INV-011249,2025-10-09,CB001,Store C,10,2025-10-14,BAT-8246
INV-011250,2025-10-09,CW001,Store C,30,2025-10-14,BAT-5943
INV-011251,2025-10-09,DG001,Store C,14,2025-10-15,BAT-8520
INV-011252,2025-10-09,KI001,Store C,23,2025-10-15,BAT-1816
INV-011253,2025-10-09,SK001,Store C,7,2025-10-14,BAT-6444
INV-011254,2025-10-09,TV001,Store C,12,2025-10-15,BAT-9652
INV-011255,2025-10-09,CB001,WhatsApp,7,2025-10-14,BAT-8387
INV-011256,2025-10-09,CW001,WhatsApp,4,2025-10-16,BAT-5919
INV-011257,2025-10-09,DG001,WhatsApp,9,2025-10-15,BAT-7825
INV-011258,2025-10-09,KI001,WhatsApp,8,2025-10-14,BAT-1168
INV-011259,2025-10-09,SK001,WhatsApp,3,2025-10-15,BAT-4389
INV-011260,2025-10-09,TV001,WhatsApp,2,2025-10-14,BAT-4383
INV-011261,2025-10-10,CB001,Shopee,6,2025-10-15,BAT-9986
INV-011262,2025-10-10,CW001,Shopee,11,2025-10-16,BAT-8796
INV-011263,2025-10-10,DG001,Shopee,6,2025-10-15,BAT-6867
INV-011264,2025-10-10,KI001,Shopee,14,2025-10-15,BAT-9667
INV-011265,2025-10-10,SK001,Shopee,13,2025-10-17,BAT-8785
INV-011266,2025-10-10,TV001,Shopee,12,2025-10-16,BAT-1494
INV-011267,2025-10-10,VS001,Shopee,7,2025-10-17,BAT-9574
INV-011268,2025-10-10,CB001,Store A,4,2025-10-17,BAT-4829
INV-011269,2025-10-10,CW001,Store A,14,2025-10-17,BAT-6482
INV-011270,2025-10-10,DG001,Store A,3,2025-10-15,BAT-5255
INV-011271,2025-10-10,KI001,Store A,11,2025-10-15,BAT-9598
INV-011272,2025-10-10,SK001,Store A,5,2025-10-17,BAT-3372
INV-011273,2025-10-10,TV001,Store A,9,2025-10-17,BAT-7850
INV-011274,2025-10-10,VS001,Store A,3,2025-10-16,BAT-8362
INV-011275,2025-10-10,CB001,Store B,3,2025-10-16,BAT-1144
INV-011276,2025-10-10,CW001,Store B,20,2025-10-17,BAT-6270
INV-011277,2025-10-10,DG001,Store B,2,2025-10-15,BAT-8760
INV-011278,2025-10-10,KI001,Store B,9,2025-10-16,BAT-9188
INV-011279,2025-10-10,SK001,Store B,4,2025-10-16,BAT-5172
INV-011280,2025-10-10,CB001,Store C,12,2025-10-15,BAT-1452
INV-011281,2025-10-10,CW001,Store C,19,2025-10-17,BAT-5254
INV-011282,2025-10-10,DG001,Store C,7,2025-10-15,BAT-8812
INV-011283,2025-10-10,KI001,Store C,33,2025-10-16,BAT-3133
INV-011284,2025-10-10,SK001,Store C,7,2025-10-15,BAT-3953
INV-011285,2025-10-10,TV001,Store C,17,2025-10-15,BAT-3874
INV-011286,2025-10-10,VS001,Store C,5,2025-10-15,BAT-8899
INV-011287,2025-10-10,CB001,WhatsApp,3,2025-10-15,BAT-8615
INV-011288,2025-10-10,CW001,WhatsApp,4,2025-10-17,BAT-9029
INV-011289,2025-10-10,DG001,WhatsApp,2,2025-10-15,BAT-9057
INV-011290,2025-10-10,KI001,WhatsApp,4,2025-10-15,BAT-1937
INV-011291,2025-10-10,SK001,WhatsApp,2,2025-10-15,BAT-9899
INV-011292,2025-10-10,TV001,WhatsApp,2,2025-10-16,BAT-5394
INV-011293,2025-10-11,CB001,Shopee,13,2025-10-17,BAT-4812
INV-011294,2025-10-11,CW001,Shopee,12,2025-10-16,BAT-2696
INV-011295,2025-10-11,DG001,Shopee,2,2025-10-18,BAT-1128
INV-011296,2025-10-11,KI001,Shopee,27,2025-10-16,BAT-4066
INV-011297,2025-10-11,SK001,Shopee,8,2025-10-16,BAT-7770
INV-011298,2025-10-11,TV001,Shopee,3,2025-10-18,BAT-1227
INV-011299,2025-10-11,VS001,Shopee,4,2025-10-17,BAT-4020
INV-011300,2025-10-11,CB001,Store A,8,2025-10-17,BAT-9117
INV-011301,2025-10-11,CW001,Store A,14,2025-10-16,BAT-7919
INV-011302,2025-10-11,DG001,Store A,2,2025-10-16,BAT-8382
INV-011303,2025-10-11,KI001,Store A,8,2025-10-16,BAT-4539
INV-011304,2025-10-11,SK001,Store A,2,2025-10-16,BAT-7554
INV-011305,2025-10-11,TV001,Store A,6,2025-10-17,BAT-1644
INV-011306,2025-10-11,VS001,Store A,6,2025-10-18,BAT-1176
INV-011307,2025-10-11,CB001,Store B,4,2025-10-17,BAT-4248
INV-011308,2025-10-11,CW001,Store B,11,2025-10-17,BAT-8517
INV-011309,2025-10-11,KI001,Store B,10,2025-10-17,BAT-7172
INV-011310,2025-10-11,SK001,Store B,2,2025-10-16,BAT-8218
INV-011311,2025-10-11,TV001,Store B,5,2025-10-17,BAT-8267
INV-011312,2025-10-11,VS001,Store B,3,2025-10-16,BAT-1087
INV-011313,2025-10-11,CB001,Store C,20,2025-10-18,BAT-1532
INV-011314,2025-10-11,CW001,Store C,39,2025-10-17,BAT-5261
INV-011315,2025-10-11,DG001,Store C,3,2025-10-17,BAT-6325
INV-011316,2025-10-11,KI001,Store C,28,2025-10-18,BAT-4587
INV-011317,2025-10-11,SK001,Store C,13,2025-10-16,BAT-3084
INV-011318,2025-10-11,TV001,Store C,24,2025-10-16,BAT-9081
INV-011319,2025-10-11,VS001,Store C,8,2025-10-16,BAT-3622
INV-011320,2025-10-11,CB001,WhatsApp,8,2025-10-16,BAT-7350
INV-011321,2025-10-11,CW001,WhatsApp,8,2025-10-18,BAT-1782
INV-011322,2025-10-11,DG001,WhatsApp,2,2025-10-18,BAT-8032
INV-011323,2025-10-11,KI001,WhatsApp,9,2025-10-17,BAT-7877
INV-011324,2025-10-11,SK001,WhatsApp,4,2025-10-18,BAT-6425
INV-011325,2025-10-11,TV001,WhatsApp,6,2025-10-17,BAT-3723
INV-011326,2025-10-12,CB001,Shopee,23,2025-10-18,BAT-6831
INV-011327,2025-10-12,CW001,Shopee,35,2025-10-19,BAT-9015
INV-011328,2025-10-12,DG001,Shopee,2,2025-10-19,BAT-7121
INV-011329,2025-10-12,KI001,Shopee,16,2025-10-19,BAT-1009
INV-011330,2025-10-12,SK001,Shopee,2,2025-10-19,BAT-8124
INV-011331,2025-10-12,TV001,Shopee,17,2025-10-17,BAT-7859
INV-011332,2025-10-12,CB001,Store A,2,2025-10-18,BAT-7763
INV-011333,2025-10-12,CW001,Store A,8,2025-10-17,BAT-3779
INV-011334,2025-10-12,DG001,Store A,5,2025-10-17,BAT-2692
INV-011335,2025-10-12,KI001,Store A,7,2025-10-17,BAT-1761
INV-011336,2025-10-12,SK001,Store A,4,2025-10-17,BAT-7085
INV-011337,2025-10-12,TV001,Store A,10,2025-10-18,BAT-4902
INV-011338,2025-10-12,CB001,Store B,7,2025-10-18,BAT-5244
INV-011339,2025-10-12,CW001,Store B,16,2025-10-17,BAT-4689
INV-011340,2025-10-12,KI001,Store B,7,2025-10-17,BAT-6709
INV-011341,2025-10-12,SK001,Store B,6,2025-10-17,BAT-4379
INV-011342,2025-10-12,TV001,Store B,10,2025-10-17,BAT-5008
INV-011343,2025-10-12,VS001,Store B,2,2025-10-17,BAT-3522
INV-011344,2025-10-12,CB001,Store C,28,2025-10-19,BAT-6429
INV-011345,2025-10-12,CW001,Store C,24,2025-10-17,BAT-2859
INV-011346,2025-10-12,DG001,Store C,5,2025-10-19,BAT-4706
INV-011347,2025-10-12,KI001,Store C,46,2025-10-18,BAT-6383
INV-011348,2025-10-12,SK001,Store C,7,2025-10-19,BAT-1547
INV-011349,2025-10-12,TV001,Store C,9,2025-10-18,BAT-9262
INV-011350,2025-10-12,VS001,Store C,8,2025-10-19,BAT-5666
INV-011351,2025-10-12,CB001,WhatsApp,4,2025-10-17,BAT-4172
INV-011352,2025-10-12,CW001,WhatsApp,13,2025-10-17,BAT-4157
INV-011353,2025-10-12,KI001,WhatsApp,14,2025-10-18,BAT-5035
INV-011354,2025-10-12,SK001,WhatsApp,3,2025-10-17,BAT-7991
INV-011355,2025-10-12,TV001,WhatsApp,15,2025-10-19,BAT-1436
INV-011356,2025-10-12,VS001,WhatsApp,5,2025-10-19,BAT-9820
INV-011357,2025-10-13,CB001,Shopee,2,2025-10-18,BAT-3006
INV-011358,2025-10-13,CW001,Shopee,8,2025-10-19,BAT-5427
INV-011359,2025-10-13,DG001,Shopee,2,2025-10-20,BAT-1942
INV-011360,2025-10-13,KI001,Shopee,15,2025-10-19,BAT-7435
INV-011361,2025-10-13,SK001,Shopee,6,2025-10-20,BAT-3193
INV-011362,2025-10-13,TV001,Shopee,15,2025-10-18,BAT-3337
INV-011363,2025-10-13,VS001,Shopee,3,2025-10-19,BAT-7577
INV-011364,2025-10-13,CB001,Store A,3,2025-10-19,BAT-8533
INV-011365,2025-10-13,CW001,Store A,12,2025-10-19,BAT-5552
INV-011366,2025-10-13,DG001,Store A,2,2025-10-18,BAT-7290
INV-011367,2025-10-13,KI001,Store A,4,2025-10-19,BAT-2522
INV-011368,2025-10-13,SK001,Store A,5,2025-10-19,BAT-6601
INV-011369,2025-10-13,TV001,Store A,4,2025-10-18,BAT-3169
INV-011370,2025-10-13,VS001,Store A,5,2025-10-19,BAT-2245
INV-011371,2025-10-13,CB001,Store B,3,2025-10-18,BAT-8890
INV-011372,2025-10-13,CW001,Store B,7,2025-10-20,BAT-7566
INV-011373,2025-10-13,DG001,Store B,2,2025-10-19,BAT-5490
INV-011374,2025-10-13,KI001,Store B,8,2025-10-18,BAT-9334
INV-011375,2025-10-13,SK001,Store B,3,2025-10-19,BAT-5126
INV-011376,2025-10-13,TV001,Store B,4,2025-10-18,BAT-1416
INV-011377,2025-10-13,VS001,Store B,7,2025-10-19,BAT-2973
INV-011378,2025-10-13,CB001,Store C,8,2025-10-18,BAT-1433
INV-011379,2025-10-13,CW001,Store C,19,2025-10-20,BAT-3594
INV-011380,2025-10-13,DG001,Store C,2,2025-10-20,BAT-5400
INV-011381,2025-10-13,KI001,Store C,10,2025-10-18,BAT-5431
INV-011382,2025-10-13,SK001,Store C,8,2025-10-18,BAT-2734
INV-011383,2025-10-13,TV001,Store C,4,2025-10-20,BAT-4772
INV-011384,2025-10-13,VS001,Store C,4,2025-10-19,BAT-1162
INV-011385,2025-10-13,CB001,WhatsApp,2,2025-10-19,BAT-4438
INV-011386,2025-10-13,CW001,WhatsApp,7,2025-10-18,BAT-2644
INV-011387,2025-10-13,DG001,WhatsApp,3,2025-10-18,BAT-5907
INV-011388,2025-10-13,KI001,WhatsApp,5,2025-10-18,BAT-9477
INV-011389,2025-10-13,VS001,WhatsApp,2,2025-10-19,BAT-8552
INV-011390,2025-10-14,CB001,Shopee,8,2025-10-20,BAT-8637
INV-011391,2025-10-14,CW001,Shopee,19,2025-10-19,BAT-7133
INV-011392,2025-10-14,DG001,Shopee,2,2025-10-20,BAT-3151
INV-011393,2025-10-14,KI001,Shopee,13,2025-10-19,BAT-9220
INV-011394,2025-10-14,SK001,Shopee,4,2025-10-21,BAT-5167
INV-011395,2025-10-14,TV001,Shopee,8,2025-10-21,BAT-6264
INV-011396,2025-10-14,VS001,Shopee,7,2025-10-21,BAT-2793
INV-011397,2025-10-14,CB001,Store A,7,2025-10-21,BAT-1121
INV-011398,2025-10-14,CW001,Store A,11,2025-10-21,BAT-8915
INV-011399,2025-10-14,DG001,Store A,4,2025-10-20,BAT-9072
INV-011400,2025-10-14,KI001,Store A,8,2025-10-21,BAT-4248
INV-011401,2025-10-14,TV001,Store A,6,2025-10-19,BAT-3787
INV-011402,2025-10-14,VS001,Store A,6,2025-10-21,BAT-8045
INV-011403,2025-10-14,CB001,Store B,6,2025-10-20,BAT-1936
INV-011404,2025-10-14,CW001,Store B,24,2025-10-20,BAT-9894
INV-011405,2025-10-14,DG001,Store B,3,2025-10-20,BAT-5504
INV-011406,2025-10-14,KI001,Store B,12,2025-10-21,BAT-6464
INV-011407,2025-10-14,SK001,Store B,8,2025-10-20,BAT-9639
INV-011408,2025-10-14,TV001,Store B,7,2025-10-21,BAT-9871
INV-011409,2025-10-14,VS001,Store B,3,2025-10-20,BAT-8163
INV-011410,2025-10-14,CB001,Store C,16,2025-10-20,BAT-3211
INV-011411,2025-10-14,CW001,Store C,10,2025-10-19,BAT-1294
INV-011412,2025-10-14,DG001,Store C,3,2025-10-20,BAT-7519
INV-011413,2025-10-14,KI001,Store C,10,2025-10-21,BAT-3757
INV-011414,2025-10-14,SK001,Store C,8,2025-10-19,BAT-6224
INV-011415,2025-10-14,TV001,Store C,8,2025-10-19,BAT-7419
INV-011416,2025-10-14,VS001,Store C,4,2025-10-19,BAT-3828
INV-011417,2025-10-14,CB001,WhatsApp,7,2025-10-20,BAT-1141
INV-011418,2025-10-14,CW001,WhatsApp,6,2025-10-21,BAT-4004
INV-011419,2025-10-14,DG001,WhatsApp,3,2025-10-21,BAT-7647
INV-011420,2025-10-14,KI001,WhatsApp,15,2025-10-20,BAT-8327
INV-011421,2025-10-14,SK001,WhatsApp,4,2025-10-20,BAT-4091
INV-011422,2025-10-14,TV001,WhatsApp,2,2025-10-20,BAT-3953
INV-011423,2025-10-14,VS001,WhatsApp,4,2025-10-19,BAT-3777
INV-011424,2025-10-15,CB001,Shopee,7,2025-10-20,BAT-5481
INV-011425,2025-10-15,CW001,Shopee,17,2025-10-22,BAT-3867
INV-011426,2025-10-15,DG001,Shopee,12,2025-10-20,BAT-7840
INV-011427,2025-10-15,KI001,Shopee,8,2025-10-22,BAT-8264
INV-011428,2025-10-15,SK001,Shopee,3,2025-10-21,BAT-7529
INV-011429,2025-10-15,TV001,Shopee,6,2025-10-21,BAT-1862
INV-011430,2025-10-15,VS001,Shopee,2,2025-10-21,BAT-8050
INV-011431,2025-10-15,CB001,Store A,3,2025-10-20,BAT-8818
INV-011432,2025-10-15,CW001,Store A,5,2025-10-22,BAT-1644
INV-011433,2025-10-15,KI001,Store A,4,2025-10-20,BAT-2226
INV-011434,2025-10-15,SK001,Store A,2,2025-10-20,BAT-4598
INV-011435,2025-10-15,TV001,Store A,3,2025-10-20,BAT-9826
INV-011436,2025-10-15,CB001,Store B,7,2025-10-20,BAT-3626
INV-011437,2025-10-15,CW001,Store B,15,2025-10-21,BAT-2534
INV-011438,2025-10-15,DG001,Store B,2,2025-10-22,BAT-4640
INV-011439,2025-10-15,KI001,Store B,11,2025-10-20,BAT-1766
INV-011440,2025-10-15,TV001,Store B,5,2025-10-20,BAT-9665
INV-011441,2025-10-15,VS001,Store B,3,2025-10-21,BAT-1610
INV-011442,2025-10-15,CB001,Store C,11,2025-10-21,BAT-7557
INV-011443,2025-10-15,CW001,Store C,16,2025-10-22,BAT-7848
INV-011444,2025-10-15,DG001,Store C,8,2025-10-20,BAT-8766
INV-011445,2025-10-15,KI001,Store C,33,2025-10-20,BAT-7404
INV-011446,2025-10-15,SK001,Store C,5,2025-10-22,BAT-9613
INV-011447,2025-10-15,TV001,Store C,17,2025-10-21,BAT-1169
INV-011448,2025-10-15,VS001,Store C,4,2025-10-21,BAT-4739
INV-011449,2025-10-15,CB001,WhatsApp,2,2025-10-20,BAT-5446
INV-011450,2025-10-15,CW001,WhatsApp,7,2025-10-21,BAT-7973
INV-011451,2025-10-15,DG001,WhatsApp,2,2025-10-20,BAT-2823
INV-011452,2025-10-15,KI001,WhatsApp,4,2025-10-20,BAT-7723
INV-011453,2025-10-15,TV001,WhatsApp,2,2025-10-22,BAT-5243
INV-011454,2025-10-15,VS001,WhatsApp,2,2025-10-20,BAT-8131
INV-011455,2025-10-16,CB001,Shopee,6,2025-10-21,BAT-2624
INV-011456,2025-10-16,CW001,Shopee,18,2025-10-22,BAT-5713
INV-011457,2025-10-16,DG001,Shopee,4,2025-10-23,BAT-4221
INV-011458,2025-10-16,KI001,Shopee,26,2025-10-22,BAT-8698
INV-011459,2025-10-16,SK001,Shopee,7,2025-10-22,BAT-9574
INV-011460,2025-10-16,TV001,Shopee,9,2025-10-22,BAT-1518
INV-011461,2025-10-16,VS001,Shopee,4,2025-10-23,BAT-4414
INV-011462,2025-10-16,CB001,Store A,7,2025-10-23,BAT-5789
INV-011463,2025-10-16,CW001,Store A,8,2025-10-21,BAT-5545
INV-011464,2025-10-16,DG001,Store A,2,2025-10-21,BAT-8755
INV-011465,2025-10-16,KI001,Store A,4,2025-10-22,BAT-2639
INV-011466,2025-10-16,SK001,Store A,2,2025-10-22,BAT-1323
INV-011467,2025-10-16,TV001,Store A,10,2025-10-22,BAT-4093
INV-011468,2025-10-16,VS001,Store A,5,2025-10-23,BAT-3994
INV-011469,2025-10-16,CB001,Store B,3,2025-10-21,BAT-5702
INV-011470,2025-10-16,CW001,Store B,7,2025-10-22,BAT-6040
INV-011471,2025-10-16,KI001,Store B,7,2025-10-22,BAT-2274
INV-011472,2025-10-16,SK001,Store B,6,2025-10-21,BAT-4588
INV-011473,2025-10-16,TV001,Store B,6,2025-10-22,BAT-6492
INV-011474,2025-10-16,VS001,Store B,3,2025-10-23,BAT-7368
INV-011475,2025-10-16,CB001,Store C,8,2025-10-22,BAT-1176
INV-011476,2025-10-16,CW001,Store C,27,2025-10-22,BAT-9782
INV-011477,2025-10-16,DG001,Store C,9,2025-10-21,BAT-7201
INV-011478,2025-10-16,KI001,Store C,19,2025-10-21,BAT-7848
INV-011479,2025-10-16,SK001,Store C,5,2025-10-21,BAT-5601
INV-011480,2025-10-16,TV001,Store C,4,2025-10-21,BAT-4241
INV-011481,2025-10-16,VS001,Store C,9,2025-10-23,BAT-5361
INV-011482,2025-10-16,CB001,WhatsApp,3,2025-10-21,BAT-1052
INV-011483,2025-10-16,CW001,WhatsApp,5,2025-10-21,BAT-9206
INV-011484,2025-10-16,KI001,WhatsApp,2,2025-10-23,BAT-6127
INV-011485,2025-10-16,TV001,WhatsApp,2,2025-10-22,BAT-3857
INV-011486,2025-10-16,VS001,WhatsApp,2,2025-10-23,BAT-5563
INV-011487,2025-10-17,CB001,Shopee,21,2025-10-24,BAT-1262
INV-011488,2025-10-17,CW001,Shopee,23,2025-10-22,BAT-4610
INV-011489,2025-10-17,KI001,Shopee,24,2025-10-22,BAT-5290
INV-011490,2025-10-17,SK001,Shopee,3,2025-10-22,BAT-5992
INV-011491,2025-10-17,TV001,Shopee,7,2025-10-24,BAT-7726
INV-011492,2025-10-17,VS001,Shopee,5,2025-10-23,BAT-4639
INV-011493,2025-10-17,CB001,Store A,4,2025-10-24,BAT-5291
INV-011494,2025-10-17,CW001,Store A,11,2025-10-23,BAT-1839
INV-011495,2025-10-17,KI001,Store A,19,2025-10-23,BAT-2349
INV-011496,2025-10-17,SK001,Store A,10,2025-10-23,BAT-6757
INV-011497,2025-10-17,TV001,Store A,3,2025-10-23,BAT-7784
INV-011498,2025-10-17,CB001,Store B,6,2025-10-22,BAT-7352
INV-011499,2025-10-17,CW001,Store B,8,2025-10-23,BAT-2100
INV-011500,2025-10-17,KI001,Store B,8,2025-10-23,BAT-2427
INV-011501,2025-10-17,SK001,Store B,2,2025-10-24,BAT-1549
INV-011502,2025-10-17,TV001,Store B,12,2025-10-22,BAT-8418
INV-011503,2025-10-17,VS001,Store B,2,2025-10-24,BAT-3735
INV-011504,2025-10-17,CB001,Store C,10,2025-10-22,BAT-1181
INV-011505,2025-10-17,CW001,Store C,19,2025-10-23,BAT-6480
INV-011506,2025-10-17,DG001,Store C,11,2025-10-23,BAT-7308
INV-011507,2025-10-17,KI001,Store C,22,2025-10-22,BAT-6952
INV-011508,2025-10-17,SK001,Store C,8,2025-10-23,BAT-1545
INV-011509,2025-10-17,TV001,Store C,17,2025-10-22,BAT-4733
INV-011510,2025-10-17,VS001,Store C,9,2025-10-23,BAT-5374
INV-011511,2025-10-17,CB001,WhatsApp,12,2025-10-24,BAT-9342
INV-011512,2025-10-17,CW001,WhatsApp,18,2025-10-22,BAT-7493
INV-011513,2025-10-17,DG001,WhatsApp,2,2025-10-23,BAT-4456
INV-011514,2025-10-17,KI001,WhatsApp,22,2025-10-23,BAT-8716
INV-011515,2025-10-17,SK001,WhatsApp,14,2025-10-22,BAT-9978
INV-011516,2025-10-17,TV001,WhatsApp,3,2025-10-22,BAT-4004
INV-011517,2025-10-17,VS001,WhatsApp,6,2025-10-23,BAT-5607
INV-011518,2025-10-18,CB001,Shopee,10,2025-10-25,BAT-1264
INV-011519,2025-10-18,CW001,Shopee,22,2025-10-24,BAT-9324
INV-011520,2025-10-18,DG001,Shopee,2,2025-10-24,BAT-6391
INV-011521,2025-10-18,KI001,Shopee,22,2025-10-24,BAT-1764
INV-011522,2025-10-18,SK001,Shopee,7,2025-10-23,BAT-7794
INV-011523,2025-10-18,TV001,Shopee,9,2025-10-25,BAT-3771
INV-011524,2025-10-18,VS001,Shopee,4,2025-10-25,BAT-9252
INV-011525,2025-10-18,CB001,Store A,8,2025-10-24,BAT-1394
INV-011526,2025-10-18,CW001,Store A,18,2025-10-24,BAT-6286
INV-011527,2025-10-18,DG001,Store A,14,2025-10-25,BAT-5959
INV-011528,2025-10-18,KI001,Store A,13,2025-10-23,BAT-2932
INV-011529,2025-10-18,SK001,Store A,5,2025-10-23,BAT-5298
INV-011530,2025-10-18,TV001,Store A,4,2025-10-25,BAT-7923
INV-011531,2025-10-18,VS001,Store A,5,2025-10-23,BAT-9930
INV-011532,2025-10-18,CB001,Store B,12,2025-10-25,BAT-8254
INV-011533,2025-10-18,CW001,Store B,14,2025-10-24,BAT-4374
INV-011534,2025-10-18,DG001,Store B,7,2025-10-23,BAT-2142
INV-011535,2025-10-18,KI001,Store B,28,2025-10-23,BAT-1242
INV-011536,2025-10-18,SK001,Store B,13,2025-10-25,BAT-3905
INV-011537,2025-10-18,TV001,Store B,12,2025-10-25,BAT-2312
INV-011538,2025-10-18,VS001,Store B,3,2025-10-25,BAT-9790
INV-011539,2025-10-18,CB001,Store C,20,2025-10-24,BAT-2966
INV-011540,2025-10-18,CW001,Store C,40,2025-10-24,BAT-6289
INV-011541,2025-10-18,DG001,Store C,2,2025-10-23,BAT-4823
INV-011542,2025-10-18,KI001,Store C,19,2025-10-24,BAT-1099
INV-011543,2025-10-18,SK001,Store C,10,2025-10-24,BAT-5299
INV-011544,2025-10-18,TV001,Store C,18,2025-10-25,BAT-5783
INV-011545,2025-10-18,VS001,Store C,8,2025-10-23,BAT-9774
INV-011546,2025-10-18,CB001,WhatsApp,3,2025-10-25,BAT-4840
INV-011547,2025-10-18,CW001,WhatsApp,5,2025-10-23,BAT-4889
INV-011548,2025-10-18,KI001,WhatsApp,17,2025-10-24,BAT-1315
INV-011549,2025-10-18,TV001,WhatsApp,5,2025-10-24,BAT-7857
INV-011550,2025-10-18,VS001,WhatsApp,3,2025-10-24,BAT-3943
INV-011551,2025-10-19,CB001,Shopee,22,2025-10-25,BAT-9824
INV-011552,2025-10-19,CW001,Shopee,19,2025-10-24,BAT-7027
INV-011553,2025-10-19,DG001,Shopee,4,2025-10-26,BAT-9691
INV-011554,2025-10-19,KI001,Shopee,20,2025-10-25,BAT-4801
INV-011555,2025-10-19,SK001,Shopee,9,2025-10-26,BAT-5553
INV-011556,2025-10-19,TV001,Shopee,18,2025-10-24,BAT-1889
INV-011557,2025-10-19,VS001,Shopee,3,2025-10-26,BAT-2234
INV-011558,2025-10-19,CW001,Store A,24,2025-10-26,BAT-2829
INV-011559,2025-10-19,DG001,Store A,5,2025-10-26,BAT-1091
INV-011560,2025-10-19,KI001,Store A,17,2025-10-25,BAT-5441
INV-011561,2025-10-19,SK001,Store A,12,2025-10-26,BAT-2866
INV-011562,2025-10-19,TV001,Store A,12,2025-10-26,BAT-9645
INV-011563,2025-10-19,VS001,Store A,4,2025-10-24,BAT-2686
INV-011564,2025-10-19,CB001,Store B,9,2025-10-25,BAT-3325
INV-011565,2025-10-19,CW001,Store B,23,2025-10-26,BAT-9372
INV-011566,2025-10-19,DG001,Store B,2,2025-10-24,BAT-4272
INV-011567,2025-10-19,KI001,Store B,7,2025-10-24,BAT-2874
INV-011568,2025-10-19,SK001,Store B,5,2025-10-26,BAT-3557
INV-011569,2025-10-19,TV001,Store B,13,2025-10-25,BAT-1696
INV-011570,2025-10-19,VS001,Store B,2,2025-10-24,BAT-4335
INV-011571,2025-10-19,CB001,Store C,16,2025-10-26,BAT-9837
INV-011572,2025-10-19,CW001,Store C,38,2025-10-26,BAT-2074
INV-011573,2025-10-19,DG001,Store C,2,2025-10-25,BAT-3461
INV-011574,2025-10-19,KI001,Store C,25,2025-10-26,BAT-7793
INV-011575,2025-10-19,SK001,Store C,13,2025-10-26,BAT-5849
INV-011576,2025-10-19,TV001,Store C,16,2025-10-26,BAT-6345
INV-011577,2025-10-19,VS001,Store C,4,2025-10-24,BAT-1315
INV-011578,2025-10-19,CB001,WhatsApp,4,2025-10-26,BAT-9317
INV-011579,2025-10-19,CW001,WhatsApp,22,2025-10-25,BAT-4012
INV-011580,2025-10-19,DG001,WhatsApp,3,2025-10-25,BAT-5515
INV-011581,2025-10-19,KI001,WhatsApp,3,2025-10-25,BAT-9844
INV-011582,2025-10-19,SK001,WhatsApp,4,2025-10-26,BAT-2840
INV-011583,2025-10-19,TV001,WhatsApp,8,2025-10-25,BAT-2805
INV-011584,2025-10-19,VS001,WhatsApp,2,2025-10-25,BAT-7654
INV-011585,2025-10-20,CB001,Shopee,8,2025-10-25,BAT-1542
INV-011586,2025-10-20,CW001,Shopee,10,2025-10-25,BAT-4933
INV-011587,2025-10-20,DG001,Shopee,3,2025-10-26,BAT-1930
INV-011588,2025-10-20,KI001,Shopee,7,2025-10-25,BAT-7902
INV-011589,2025-10-20,SK001,Shopee,4,2025-10-26,BAT-5597
INV-011590,2025-10-20,TV001,Shopee,4,2025-10-26,BAT-7250
INV-011591,2025-10-20,CB001,Store A,7,2025-10-25,BAT-5146
INV-011592,2025-10-20,CW001,Store A,17,2025-10-27,BAT-8938
INV-011593,2025-10-20,DG001,Store A,2,2025-10-25,BAT-3926
INV-011594,2025-10-20,KI001,Store A,14,2025-10-27,BAT-5837
INV-011595,2025-10-20,TV001,Store A,4,2025-10-27,BAT-3336
INV-011596,2025-10-20,VS001,Store A,3,2025-10-27,BAT-7126
INV-011597,2025-10-20,CB001,Store B,3,2025-10-27,BAT-1304
INV-011598,2025-10-20,CW001,Store B,8,2025-10-25,BAT-4650
INV-011599,2025-10-20,DG001,Store B,2,2025-10-25,BAT-1146
INV-011600,2025-10-20,KI001,Store B,5,2025-10-26,BAT-8394
INV-011601,2025-10-20,SK001,Store B,9,2025-10-27,BAT-1963
INV-011602,2025-10-20,TV001,Store B,5,2025-10-26,BAT-8354
INV-011603,2025-10-20,VS001,Store B,2,2025-10-26,BAT-4969
INV-011604,2025-10-20,CB001,Store C,11,2025-10-25,BAT-6051
INV-011605,2025-10-20,CW001,Store C,35,2025-10-26,BAT-4642
INV-011606,2025-10-20,KI001,Store C,13,2025-10-26,BAT-5191
INV-011607,2025-10-20,SK001,Store C,12,2025-10-25,BAT-9729
INV-011608,2025-10-20,TV001,Store C,12,2025-10-26,BAT-5561
INV-011609,2025-10-20,VS001,Store C,6,2025-10-25,BAT-7555
INV-011610,2025-10-20,CW001,WhatsApp,3,2025-10-26,BAT-9356
INV-011611,2025-10-20,KI001,WhatsApp,5,2025-10-25,BAT-6771
INV-011612,2025-10-20,SK001,WhatsApp,2,2025-10-27,BAT-8401
INV-011613,2025-10-20,TV001,WhatsApp,2,2025-10-25,BAT-9483
INV-011614,2025-10-20,VS001,WhatsApp,2,2025-10-27,BAT-7554
INV-011615,2025-10-21,CB001,Shopee,8,2025-10-26,BAT-3083
INV-011616,2025-10-21,CW001,Shopee,16,2025-10-26,BAT-7244
INV-011617,2025-10-21,KI001,Shopee,15,2025-10-27,BAT-9666
INV-011618,2025-10-21,SK001,Shopee,2,2025-10-28,BAT-2207
INV-011619,2025-10-21,TV001,Shopee,7,2025-10-28,BAT-6085
INV-011620,2025-10-21,VS001,Shopee,4,2025-10-27,BAT-3853
INV-011621,2025-10-21,CB001,Store A,4,2025-10-26,BAT-5203
INV-011622,2025-10-21,CW001,Store A,10,2025-10-28,BAT-7339
INV-011623,2025-10-21,DG001,Store A,2,2025-10-27,BAT-3110
INV-011624,2025-10-21,KI001,Store A,13,2025-10-27,BAT-7523
INV-011625,2025-10-21,SK001,Store A,7,2025-10-27,BAT-7687
INV-011626,2025-10-21,VS001,Store A,2,2025-10-27,BAT-7176
INV-011627,2025-10-21,CB001,Store B,7,2025-10-28,BAT-3528
INV-011628,2025-10-21,CW001,Store B,13,2025-10-28,BAT-9981
INV-011629,2025-10-21,KI001,Store B,11,2025-10-27,BAT-8822
INV-011630,2025-10-21,SK001,Store B,2,2025-10-27,BAT-9433
INV-011631,2025-10-21,TV001,Store B,14,2025-10-27,BAT-8388
INV-011632,2025-10-21,VS001,Store B,2,2025-10-27,BAT-8107
INV-011633,2025-10-21,CB001,Store C,4,2025-10-26,BAT-5047
INV-011634,2025-10-21,CW001,Store C,26,2025-10-26,BAT-1800
INV-011635,2025-10-21,DG001,Store C,7,2025-10-27,BAT-5047
INV-011636,2025-10-21,KI001,Store C,21,2025-10-26,BAT-9648
INV-011637,2025-10-21,SK001,Store C,7,2025-10-28,BAT-2386
INV-011638,2025-10-21,TV001,Store C,8,2025-10-26,BAT-7593
INV-011639,2025-10-21,VS001,Store C,6,2025-10-26,BAT-2089
INV-011640,2025-10-21,CB001,WhatsApp,5,2025-10-26,BAT-8641
INV-011641,2025-10-21,CW001,WhatsApp,6,2025-10-26,BAT-2103
INV-011642,2025-10-21,KI001,WhatsApp,4,2025-10-27,BAT-4716
INV-011643,2025-10-21,TV001,WhatsApp,3,2025-10-27,BAT-2158
INV-011644,2025-10-21,VS001,WhatsApp,3,2025-10-26,BAT-1273
INV-011645,2025-10-22,CB001,Shopee,11,2025-10-29,BAT-9121
INV-011646,2025-10-22,CW001,Shopee,10,2025-10-29,BAT-9905
INV-011647,2025-10-22,DG001,Shopee,4,2025-10-27,BAT-9849
INV-011648,2025-10-22,KI001,Shopee,9,2025-10-28,BAT-7287
INV-011649,2025-10-22,SK001,Shopee,9,2025-10-29,BAT-3218
INV-011650,2025-10-22,TV001,Shopee,6,2025-10-27,BAT-6398
INV-011651,2025-10-22,VS001,Shopee,7,2025-10-29,BAT-3479
INV-011652,2025-10-22,CB001,Store A,9,2025-10-27,BAT-4826
INV-011653,2025-10-22,CW001,Store A,8,2025-10-27,BAT-1507
INV-011654,2025-10-22,DG001,Store A,3,2025-10-28,BAT-7989
INV-011655,2025-10-22,KI001,Store A,7,2025-10-27,BAT-5276
INV-011656,2025-10-22,SK001,Store A,3,2025-10-29,BAT-7564
INV-011657,2025-10-22,TV001,Store A,12,2025-10-29,BAT-9932
INV-011658,2025-10-22,VS001,Store A,2,2025-10-27,BAT-7062
INV-011659,2025-10-22,CB001,Store B,7,2025-10-27,BAT-1070
INV-011660,2025-10-22,CW001,Store B,8,2025-10-29,BAT-6971
INV-011661,2025-10-22,DG001,Store B,2,2025-10-27,BAT-8349
INV-011662,2025-10-22,KI001,Store B,5,2025-10-28,BAT-2646
INV-011663,2025-10-22,SK001,Store B,3,2025-10-28,BAT-6459
INV-011664,2025-10-22,TV001,Store B,3,2025-10-27,BAT-5757
INV-011665,2025-10-22,CB001,Store C,21,2025-10-27,BAT-6072
INV-011666,2025-10-22,CW001,Store C,21,2025-10-28,BAT-9040
INV-011667,2025-10-22,DG001,Store C,2,2025-10-29,BAT-3676
INV-011668,2025-10-22,KI001,Store C,13,2025-10-27,BAT-4181
INV-011669,2025-10-22,SK001,Store C,16,2025-10-29,BAT-6173
INV-011670,2025-10-22,TV001,Store C,6,2025-10-27,BAT-1208
INV-011671,2025-10-22,VS001,Store C,2,2025-10-28,BAT-9124
INV-011672,2025-10-22,CB001,WhatsApp,4,2025-10-27,BAT-2200
INV-011673,2025-10-22,CW001,WhatsApp,11,2025-10-28,BAT-2017
INV-011674,2025-10-22,KI001,WhatsApp,5,2025-10-27,BAT-3938
INV-011675,2025-10-22,TV001,WhatsApp,6,2025-10-27,BAT-6464
INV-011676,2025-10-22,VS001,WhatsApp,5,2025-10-29,BAT-2162
INV-011677,2025-10-23,CB001,Shopee,4,2025-10-30,BAT-8934
INV-011678,2025-10-23,CW001,Shopee,22,2025-10-29,BAT-1660
INV-011679,2025-10-23,DG001,Shopee,4,2025-10-30,BAT-4012
INV-011680,2025-10-23,KI001,Shopee,17,2025-10-29,BAT-5506
INV-011681,2025-10-23,SK001,Shopee,7,2025-10-29,BAT-1001
INV-011682,2025-10-23,TV001,Shopee,6,2025-10-29,BAT-8065
INV-011683,2025-10-23,VS001,Shopee,13,2025-10-30,BAT-9757
INV-011684,2025-10-23,CB001,Store A,6,2025-10-28,BAT-4694
INV-011685,2025-10-23,CW001,Store A,7,2025-10-28,BAT-1084
INV-011686,2025-10-23,DG001,Store A,2,2025-10-29,BAT-7775
INV-011687,2025-10-23,KI001,Store A,3,2025-10-30,BAT-2168
INV-011688,2025-10-23,SK001,Store A,2,2025-10-30,BAT-1558
INV-011689,2025-10-23,TV001,Store A,4,2025-10-30,BAT-6853
INV-011690,2025-10-23,VS001,Store A,5,2025-10-30,BAT-4914
INV-011691,2025-10-23,CB001,Store B,2,2025-10-28,BAT-9818
INV-011692,2025-10-23,CW001,Store B,9,2025-10-28,BAT-5390
INV-011693,2025-10-23,DG001,Store B,3,2025-10-28,BAT-5190
INV-011694,2025-10-23,KI001,Store B,6,2025-10-28,BAT-6800
INV-011695,2025-10-23,TV001,Store B,2,2025-10-29,BAT-6674
INV-011696,2025-10-23,VS001,Store B,2,2025-10-28,BAT-2563
INV-011697,2025-10-23,CB001,Store C,9,2025-10-29,BAT-5269
INV-011698,2025-10-23,CW001,Store C,27,2025-10-30,BAT-7429
INV-011699,2025-10-23,DG001,Store C,3,2025-10-28,BAT-2916
INV-011700,2025-10-23,KI001,Store C,14,2025-10-28,BAT-9059
INV-011701,2025-10-23,SK001,Store C,3,2025-10-28,BAT-1828
INV-011702,2025-10-23,TV001,Store C,15,2025-10-30,BAT-5027
INV-011703,2025-10-23,VS001,Store C,7,2025-10-28,BAT-6103
INV-011704,2025-10-23,CB001,WhatsApp,4,2025-10-29,BAT-2920
INV-011705,2025-10-23,CW001,WhatsApp,9,2025-10-28,BAT-5073
INV-011706,2025-10-23,KI001,WhatsApp,7,2025-10-30,BAT-9944
INV-011707,2025-10-23,SK001,WhatsApp,2,2025-10-28,BAT-9841
INV-011708,2025-10-23,TV001,WhatsApp,4,2025-10-28,BAT-7268
INV-011709,2025-10-23,VS001,WhatsApp,5,2025-10-28,BAT-1653
INV-011710,2025-10-24,CB001,Shopee,20,2025-10-30,BAT-9912
INV-011711,2025-10-24,CW001,Shopee,14,2025-10-31,BAT-5566
INV-011712,2025-10-24,DG001,Shopee,4,2025-10-31,BAT-1344
INV-011713,2025-10-24,KI001,Shopee,14,2025-10-31,BAT-9855
INV-011714,2025-10-24,SK001,Shopee,11,2025-10-30,BAT-6270
INV-011715,2025-10-24,TV001,Shopee,7,2025-10-31,BAT-6536
INV-011716,2025-10-24,VS001,Shopee,2,2025-10-30,BAT-5628
INV-011717,2025-10-24,CB001,Store A,4,2025-10-31,BAT-4385
INV-011718,2025-10-24,CW001,Store A,20,2025-10-31,BAT-4878
INV-011719,2025-10-24,DG001,Store A,2,2025-10-30,BAT-3165
INV-011720,2025-10-24,KI001,Store A,4,2025-10-29,BAT-8674
INV-011721,2025-10-24,SK001,Store A,2,2025-10-29,BAT-9243
INV-011722,2025-10-24,TV001,Store A,5,2025-10-29,BAT-8077
INV-011723,2025-10-24,CB001,Store B,9,2025-10-31,BAT-8912
INV-011724,2025-10-24,CW001,Store B,15,2025-10-29,BAT-3755
INV-011725,2025-10-24,DG001,Store B,2,2025-10-31,BAT-2924
INV-011726,2025-10-24,KI001,Store B,12,2025-10-31,BAT-2518
INV-011727,2025-10-24,SK001,Store B,2,2025-10-31,BAT-5622
INV-011728,2025-10-24,TV001,Store B,11,2025-10-29,BAT-2505
INV-011729,2025-10-24,VS001,Store B,2,2025-10-29,BAT-7386
INV-011730,2025-10-24,CB001,Store C,20,2025-10-29,BAT-6493
INV-011731,2025-10-24,CW001,Store C,38,2025-10-31,BAT-6546
INV-011732,2025-10-24,DG001,Store C,3,2025-10-30,BAT-3670
INV-011733,2025-10-24,KI001,Store C,13,2025-10-29,BAT-4055
INV-011734,2025-10-24,SK001,Store C,16,2025-10-29,BAT-7607
INV-011735,2025-10-24,TV001,Store C,9,2025-10-30,BAT-3603
INV-011736,2025-10-24,VS001,Store C,7,2025-10-30,BAT-4700
INV-011737,2025-10-24,CB001,WhatsApp,6,2025-10-30,BAT-1114
INV-011738,2025-10-24,CW001,WhatsApp,5,2025-10-30,BAT-6953
INV-011739,2025-10-24,KI001,WhatsApp,7,2025-10-30,BAT-8868
INV-011740,2025-10-24,SK001,WhatsApp,4,2025-10-29,BAT-9713
INV-011741,2025-10-24,TV001,WhatsApp,4,2025-10-31,BAT-3254
INV-011742,2025-10-25,CB001,Shopee,23,2025-10-30,BAT-2309
INV-011743,2025-10-25,CW001,Shopee,49,2025-10-30,BAT-5739
INV-011744,2025-10-25,DG001,Shopee,16,2025-10-30,BAT-6553
INV-011745,2025-10-25,KI001,Shopee,39,2025-11-01,BAT-5461
INV-011746,2025-10-25,SK001,Shopee,13,2025-10-31,BAT-7348
INV-011747,2025-10-25,TV001,Shopee,15,2025-10-30,BAT-7675
INV-011748,2025-10-25,VS001,Shopee,9,2025-10-31,BAT-7159
INV-011749,2025-10-25,CB001,Store A,13,2025-10-31,BAT-4802
INV-011750,2025-10-25,CW001,Store A,26,2025-10-30,BAT-7297
INV-011751,2025-10-25,DG001,Store A,4,2025-11-01,BAT-5934
INV-011752,2025-10-25,KI001,Store A,13,2025-10-31,BAT-8965
INV-011753,2025-10-25,SK001,Store A,17,2025-10-31,BAT-1097
INV-011754,2025-10-25,TV001,Store A,12,2025-10-31,BAT-9469
INV-011755,2025-10-25,VS001,Store A,6,2025-10-31,BAT-1849
INV-011756,2025-10-25,CB001,Store B,14,2025-10-30,BAT-7491
INV-011757,2025-10-25,CW001,Store B,18,2025-10-31,BAT-1137
INV-011758,2025-10-25,DG001,Store B,6,2025-10-30,BAT-9698
INV-011759,2025-10-25,KI001,Store B,12,2025-10-30,BAT-8027
INV-011760,2025-10-25,SK001,Store B,3,2025-10-30,BAT-9929
INV-011761,2025-10-25,TV001,Store B,3,2025-10-30,BAT-4544
INV-011762,2025-10-25,VS001,Store B,5,2025-11-01,BAT-2937
INV-011763,2025-10-25,CB001,Store C,33,2025-10-30,BAT-4887
INV-011764,2025-10-25,CW001,Store C,35,2025-10-30,BAT-6977
INV-011765,2025-10-25,DG001,Store C,7,2025-11-01,BAT-5297
INV-011766,2025-10-25,KI001,Store C,44,2025-11-01,BAT-4277
INV-011767,2025-10-25,SK001,Store C,7,2025-10-31,BAT-7078
INV-011768,2025-10-25,TV001,Store C,22,2025-11-01,BAT-7007
INV-011769,2025-10-25,VS001,Store C,16,2025-10-30,BAT-4058
INV-011770,2025-10-25,CB001,WhatsApp,4,2025-10-30,BAT-1811
INV-011771,2025-10-25,CW001,WhatsApp,15,2025-11-01,BAT-8051
INV-011772,2025-10-25,DG001,WhatsApp,2,2025-10-31,BAT-6715
INV-011773,2025-10-25,KI001,WhatsApp,14,2025-10-31,BAT-5837
INV-011774,2025-10-25,SK001,WhatsApp,3,2025-10-31,BAT-5478
INV-011775,2025-10-25,TV001,WhatsApp,11,2025-11-01,BAT-3245
INV-011776,2025-10-25,VS001,WhatsApp,5,2025-10-31,BAT-5612
INV-011777,2025-10-26,CB001,Shopee,20,2025-11-01,BAT-4688
INV-011778,2025-10-26,CW001,Shopee,54,2025-10-31,BAT-1266
INV-011779,2025-10-26,DG001,Shopee,8,2025-10-31,BAT-9978
INV-011780,2025-10-26,KI001,Shopee,27,2025-11-01,BAT-6740
INV-011781,2025-10-26,SK001,Shopee,10,2025-11-01,BAT-5636
INV-011782,2025-10-26,TV001,Shopee,10,2025-11-01,BAT-7654
INV-011783,2025-10-26,VS001,Shopee,7,2025-10-31,BAT-7078
INV-011784,2025-10-26,CB001,Store A,14,2025-11-01,BAT-9110
INV-011785,2025-10-26,CW001,Store A,16,2025-11-02,BAT-7674
INV-011786,2025-10-26,DG001,Store A,9,2025-10-31,BAT-7691
INV-011787,2025-10-26,KI001,Store A,23,2025-11-01,BAT-3286
INV-011788,2025-10-26,SK001,Store A,5,2025-11-01,BAT-1499
INV-011789,2025-10-26,TV001,Store A,10,2025-11-01,BAT-8354
INV-011790,2025-10-26,VS001,Store A,21,2025-10-31,BAT-7907
INV-011791,2025-10-26,CB001,Store B,22,2025-11-01,BAT-1262
INV-011792,2025-10-26,CW001,Store B,20,2025-11-01,BAT-2030
INV-011793,2025-10-26,DG001,Store B,3,2025-11-01,BAT-1445
INV-011794,2025-10-26,KI001,Store B,21,2025-10-31,BAT-1071
INV-011795,2025-10-26,SK001,Store B,3,2025-10-31,BAT-2477
INV-011796,2025-10-26,TV001,Store B,15,2025-10-31,BAT-6177
INV-011797,2025-10-26,VS001,Store B,7,2025-11-01,BAT-9627
INV-011798,2025-10-26,CB001,Store C,37,2025-10-31,BAT-7118
INV-011799,2025-10-26,CW001,Store C,65,2025-11-01,BAT-5951
INV-011800,2025-10-26,DG001,Store C,10,2025-10-31,BAT-6347
INV-011801,2025-10-26,KI001,Store C,51,2025-11-02,BAT-5347
INV-011802,2025-10-26,SK001,Store C,30,2025-11-01,BAT-5328
INV-011803,2025-10-26,TV001,Store C,26,2025-11-01,BAT-4502
INV-011804,2025-10-26,VS001,Store C,15,2025-11-01,BAT-8660
INV-011805,2025-10-26,CB001,WhatsApp,23,2025-11-01,BAT-8540
INV-011806,2025-10-26,CW001,WhatsApp,14,2025-11-02,BAT-2309
INV-011807,2025-10-26,DG001,WhatsApp,2,2025-11-02,BAT-9708
INV-011808,2025-10-26,KI001,WhatsApp,11,2025-11-02,BAT-5920
INV-011809,2025-10-26,SK001,WhatsApp,6,2025-11-01,BAT-4519
INV-011810,2025-10-26,TV001,WhatsApp,10,2025-11-01,BAT-3016
INV-011811,2025-10-26,VS001,WhatsApp,3,2025-10-31,BAT-6280
INV-011812,2025-10-27,CB001,Shopee,13,2025-11-02,BAT-5322
INV-011813,2025-10-27,CW001,Shopee,8,2025-11-03,BAT-8536
INV-011814,2025-10-27,DG001,Shopee,6,2025-11-01,BAT-7131
INV-011815,2025-10-27,KI001,Shopee,22,2025-11-01,BAT-4043
INV-011816,2025-10-27,SK001,Shopee,9,2025-11-03,BAT-8835
INV-011817,2025-10-27,TV001,Shopee,6,2025-11-03,BAT-2453
INV-011818,2025-10-27,VS001,Shopee,5,2025-11-01,BAT-1097
INV-011819,2025-10-27,CB001,Store A,5,2025-11-01,BAT-4041
INV-011820,2025-10-27,CW001,Store A,12,2025-11-03,BAT-6896
INV-011821,2025-10-27,DG001,Store A,2,2025-11-01,BAT-4555
INV-011822,2025-10-27,KI001,Store A,8,2025-11-01,BAT-8848
INV-011823,2025-10-27,TV001,Store A,4,2025-11-03,BAT-3183
INV-011824,2025-10-27,VS001,Store A,5,2025-11-02,BAT-5736
INV-011825,2025-10-27,CB001,Store B,6,2025-11-01,BAT-3185
INV-011826,2025-10-27,CW001,Store B,17,2025-11-01,BAT-7468
INV-011827,2025-10-27,KI001,Store B,12,2025-11-02,BAT-7161
INV-011828,2025-10-27,SK001,Store B,11,2025-11-03,BAT-4061
INV-011829,2025-10-27,TV001,Store B,13,2025-11-02,BAT-8756
INV-011830,2025-10-27,CB001,Store C,12,2025-11-03,BAT-3612
INV-011831,2025-10-27,CW001,Store C,20,2025-11-03,BAT-6540
INV-011832,2025-10-27,DG001,Store C,8,2025-11-01,BAT-3239
INV-011833,2025-10-27,KI001,Store C,24,2025-11-01,BAT-1355
INV-011834,2025-10-27,SK001,Store C,22,2025-11-02,BAT-1002
INV-011835,2025-10-27,TV001,Store C,6,2025-11-03,BAT-4094
INV-011836,2025-10-27,VS001,Store C,6,2025-11-01,BAT-9458
INV-011837,2025-10-27,CB001,WhatsApp,3,2025-11-01,BAT-4480
INV-011838,2025-10-27,CW001,WhatsApp,12,2025-11-02,BAT-2156
INV-011839,2025-10-27,DG001,WhatsApp,2,2025-11-03,BAT-3446
INV-011840,2025-10-27,KI001,WhatsApp,8,2025-11-01,BAT-8917
INV-011841,2025-10-27,SK001,WhatsApp,2,2025-11-02,BAT-2377
INV-011842,2025-10-27,TV001,WhatsApp,6,2025-11-02,BAT-6604
INV-011843,2025-10-27,VS001,WhatsApp,6,2025-11-02,BAT-1943
INV-011844,2025-10-28,CB001,Shopee,13,2025-11-03,BAT-6301
INV-011845,2025-10-28,CW001,Shopee,22,2025-11-04,BAT-2137
INV-011846,2025-10-28,DG001,Shopee,3,2025-11-02,BAT-3036
INV-011847,2025-10-28,KI001,Shopee,21,2025-11-04,BAT-7444
INV-011848,2025-10-28,SK001,Shopee,8,2025-11-02,BAT-4497
INV-011849,2025-10-28,TV001,Shopee,9,2025-11-02,BAT-8086
INV-011850,2025-10-28,VS001,Shopee,10,2025-11-04,BAT-3466
INV-011851,2025-10-28,CB001,Store A,14,2025-11-03,BAT-8362
INV-011852,2025-10-28,CW001,Store A,17,2025-11-02,BAT-4338
INV-011853,2025-10-28,DG001,Store A,3,2025-11-03,BAT-9294
INV-011854,2025-10-28,KI001,Store A,13,2025-11-02,BAT-7527
INV-011855,2025-10-28,SK001,Store A,5,2025-11-03,BAT-8833
INV-011856,2025-10-28,TV001,Store A,8,2025-11-03,BAT-1056
INV-011857,2025-10-28,VS001,Store A,4,2025-11-03,BAT-1857
INV-011858,2025-10-28,CB001,Store B,5,2025-11-02,BAT-6489
INV-011859,2025-10-28,CW001,Store B,11,2025-11-02,BAT-9248
INV-011860,2025-10-28,DG001,Store B,2,2025-11-02,BAT-5713
INV-011861,2025-10-28,KI001,Store B,12,2025-11-02,BAT-8748
INV-011862,2025-10-28,SK001,Store B,6,2025-11-03,BAT-1878
INV-011863,2025-10-28,TV001,Store B,8,2025-11-03,BAT-5427
INV-011864,2025-10-28,CB001,Store C,10,2025-11-04,BAT-8116
INV-011865,2025-10-28,CW001,Store C,39,2025-11-03,BAT-9295
INV-011866,2025-10-28,DG001,Store C,10,2025-11-03,BAT-7885
INV-011867,2025-10-28,KI001,Store C,39,2025-11-04,BAT-1039
INV-011868,2025-10-28,SK001,Store C,6,2025-11-03,BAT-3619
INV-011869,2025-10-28,TV001,Store C,11,2025-11-02,BAT-5015
INV-011870,2025-10-28,VS001,Store C,16,2025-11-02,BAT-9328
INV-011871,2025-10-28,CB001,WhatsApp,8,2025-11-03,BAT-7611
INV-011872,2025-10-28,CW001,WhatsApp,8,2025-11-03,BAT-7744
INV-011873,2025-10-28,KI001,WhatsApp,12,2025-11-03,BAT-8337
INV-011874,2025-10-28,SK001,WhatsApp,3,2025-11-04,BAT-8957
INV-011875,2025-10-28,VS001,WhatsApp,2,2025-11-02,BAT-2711
INV-011876,2025-10-29,CB001,Shopee,18,2025-11-03,BAT-8936
INV-011877,2025-10-29,CW001,Shopee,23,2025-11-05,BAT-5551
INV-011878,2025-10-29,DG001,Shopee,3,2025-11-05,BAT-2267
INV-011879,2025-10-29,KI001,Shopee,16,2025-11-05,BAT-9291
INV-011880,2025-10-29,SK001,Shopee,3,2025-11-05,BAT-6160
INV-011881,2025-10-29,TV001,Shopee,15,2025-11-03,BAT-5621
INV-011882,2025-10-29,VS001,Shopee,3,2025-11-05,BAT-4400
INV-011883,2025-10-29,CB001,Store A,11,2025-11-04,BAT-8151
INV-011884,2025-10-29,CW001,Store A,8,2025-11-03,BAT-3159
INV-011885,2025-10-29,DG001,Store A,4,2025-11-05,BAT-5214
INV-011886,2025-10-29,KI001,Store A,6,2025-11-03,BAT-3142
INV-011887,2025-10-29,SK001,Store A,2,2025-11-05,BAT-9979
INV-011888,2025-10-29,TV001,Store A,8,2025-11-05,BAT-2222
INV-011889,2025-10-29,VS001,Store A,2,2025-11-03,BAT-6399
INV-011890,2025-10-29,CB001,Store B,5,2025-11-05,BAT-6561
INV-011891,2025-10-29,CW001,Store B,10,2025-11-03,BAT-1066
INV-011892,2025-10-29,DG001,Store B,4,2025-11-03,BAT-8379
INV-011893,2025-10-29,KI001,Store B,13,2025-11-05,BAT-3676
INV-011894,2025-10-29,SK001,Store B,10,2025-11-03,BAT-9700
INV-011895,2025-10-29,TV001,Store B,6,2025-11-04,BAT-9154
INV-011896,2025-10-29,CB001,Store C,16,2025-11-05,BAT-3647
INV-011897,2025-10-29,CW001,Store C,30,2025-11-05,BAT-8554
INV-011898,2025-10-29,DG001,Store C,4,2025-11-05,BAT-9055
INV-011899,2025-10-29,KI001,Store C,30,2025-11-05,BAT-9211
INV-011900,2025-10-29,SK001,Store C,15,2025-11-03,BAT-4359
INV-011901,2025-10-29,TV001,Store C,8,2025-11-05,BAT-9946
INV-011902,2025-10-29,VS001,Store C,3,2025-11-03,BAT-6403
INV-011903,2025-10-29,CB001,WhatsApp,7,2025-11-04,BAT-2104
INV-011904,2025-10-29,CW001,WhatsApp,14,2025-11-03,BAT-7298
INV-011905,2025-10-29,DG001,WhatsApp,2,2025-11-05,BAT-4275
INV-011906,2025-10-29,KI001,WhatsApp,8,2025-11-04,BAT-7063
INV-011907,2025-10-29,TV001,WhatsApp,9,2025-11-04,BAT-9789
INV-011908,2025-10-30,CB001,Shopee,11,2025-11-05,BAT-7412
INV-011909,2025-10-30,CW001,Shopee,24,2025-11-06,BAT-6317
INV-011910,2025-10-30,DG001,Shopee,2,2025-11-06,BAT-8271
INV-011911,2025-10-30,KI001,Shopee,23,2025-11-06,BAT-7337
INV-011912,2025-10-30,SK001,Shopee,7,2025-11-06,BAT-9873
INV-011913,2025-10-30,TV001,Shopee,12,2025-11-04,BAT-8287
INV-011914,2025-10-30,VS001,Shopee,11,2025-11-05,BAT-2955
INV-011915,2025-10-30,CB001,Store A,2,2025-11-06,BAT-1972
INV-011916,2025-10-30,CW001,Store A,10,2025-11-04,BAT-7835
INV-011917,2025-10-30,KI001,Store A,6,2025-11-05,BAT-3169
INV-011918,2025-10-30,SK001,Store A,2,2025-11-05,BAT-6286
INV-011919,2025-10-30,TV001,Store A,9,2025-11-05,BAT-8366
INV-011920,2025-10-30,VS001,Store A,6,2025-11-05,BAT-5551
INV-011921,2025-10-30,CB001,Store B,13,2025-11-06,BAT-9564
INV-011922,2025-10-30,CW001,Store B,18,2025-11-05,BAT-6370
INV-011923,2025-10-30,KI001,Store B,19,2025-11-05,BAT-9086
INV-011924,2025-10-30,SK001,Store B,6,2025-11-04,BAT-5174
INV-011925,2025-10-30,TV001,Store B,11,2025-11-05,BAT-1093
INV-011926,2025-10-30,VS001,Store B,14,2025-11-05,BAT-9581
INV-011927,2025-10-30,CB001,Store C,30,2025-11-06,BAT-7798
INV-011928,2025-10-30,CW001,Store C,49,2025-11-04,BAT-5770
INV-011929,2025-10-30,DG001,Store C,6,2025-11-05,BAT-2168
INV-011930,2025-10-30,KI001,Store C,26,2025-11-05,BAT-5183
INV-011931,2025-10-30,SK001,Store C,13,2025-11-04,BAT-3869
INV-011932,2025-10-30,TV001,Store C,16,2025-11-05,BAT-5260
INV-011933,2025-10-30,VS001,Store C,2,2025-11-06,BAT-8738
INV-011934,2025-10-30,CB001,WhatsApp,10,2025-11-04,BAT-3354
INV-011935,2025-10-30,CW001,WhatsApp,13,2025-11-04,BAT-4302
INV-011936,2025-10-30,KI001,WhatsApp,13,2025-11-06,BAT-7976
INV-011937,2025-10-30,SK001,WhatsApp,4,2025-11-04,BAT-6214
INV-011938,2025-10-30,TV001,WhatsApp,2,2025-11-04,BAT-2040
INV-011939,2025-10-30,VS001,WhatsApp,3,2025-11-04,BAT-7688
INV-011940,2025-10-31,CB001,Shopee,10,2025-11-07,BAT-5887
INV-011941,2025-10-31,CW001,Shopee,27,2025-11-06,BAT-3521
INV-011942,2025-10-31,DG001,Shopee,4,2025-11-07,BAT-7737
INV-011943,2025-10-31,KI001,Shopee,20,2025-11-05,BAT-6452
INV-011944,2025-10-31,SK001,Shopee,9,2025-11-07,BAT-9760
INV-011945,2025-10-31,TV001,Shopee,11,2025-11-07,BAT-5554
INV-011946,2025-10-31,VS001,Shopee,14,2025-11-05,BAT-5409
INV-011947,2025-10-31,CB001,Store A,3,2025-11-05,BAT-8098
INV-011948,2025-10-31,CW001,Store A,21,2025-11-07,BAT-8792
INV-011949,2025-10-31,DG001,Store A,3,2025-11-07,BAT-8978
INV-011950,2025-10-31,KI001,Store A,6,2025-11-06,BAT-6515
INV-011951,2025-10-31,SK001,Store A,4,2025-11-07,BAT-5402
INV-011952,2025-10-31,TV001,Store A,7,2025-11-06,BAT-7377
INV-011953,2025-10-31,VS001,Store A,5,2025-11-07,BAT-1215
INV-011954,2025-10-31,CB001,Store B,8,2025-11-05,BAT-8602
INV-011955,2025-10-31,CW001,Store B,10,2025-11-06,BAT-9063
INV-011956,2025-10-31,KI001,Store B,20,2025-11-07,BAT-1232
INV-011957,2025-10-31,SK001,Store B,3,2025-11-06,BAT-4649
INV-011958,2025-10-31,TV001,Store B,9,2025-11-07,BAT-1308
INV-011959,2025-10-31,VS001,Store B,5,2025-11-07,BAT-9986
INV-011960,2025-10-31,CB001,Store C,33,2025-11-07,BAT-8081
INV-011961,2025-10-31,CW001,Store C,51,2025-11-07,BAT-5111
INV-011962,2025-10-31,DG001,Store C,6,2025-11-07,BAT-1725
INV-011963,2025-10-31,KI001,Store C,55,2025-11-05,BAT-6796
INV-011964,2025-10-31,SK001,Store C,21,2025-11-07,BAT-3292
INV-011965,2025-10-31,TV001,Store C,23,2025-11-06,BAT-1287
INV-011966,2025-10-31,VS001,Store C,19,2025-11-06,BAT-3516
INV-011967,2025-10-31,CB001,WhatsApp,12,2025-11-05,BAT-8209
INV-011968,2025-10-31,CW001,WhatsApp,11,2025-11-06,BAT-5680
INV-011969,2025-10-31,DG001,WhatsApp,2,2025-11-06,BAT-6940
INV-011970,2025-10-31,KI001,WhatsApp,15,2025-11-05,BAT-6058
INV-011971,2025-10-31,SK001,WhatsApp,2,2025-11-06,BAT-5379
INV-011972,2025-10-31,TV001,WhatsApp,3,2025-11-07,BAT-9563
INV-011973,2025-11-01,CB001,Shopee,23,2025-11-06,BAT-1060
INV-011974,2025-11-01,CW001,Shopee,25,2025-11-08,BAT-3115
INV-011975,2025-11-01,DG001,Shopee,8,2025-11-07,BAT-9519
INV-011976,2025-11-01,KI001,Shopee,21,2025-11-08,BAT-9426
INV-011977,2025-11-01,SK001,Shopee,12,2025-11-07,BAT-2737
INV-011978,2025-11-01,TV001,Shopee,16,2025-11-06,BAT-5009
INV-011979,2025-11-01,VS001,Shopee,8,2025-11-06,BAT-3757
INV-011980,2025-11-01,CB001,Store A,14,2025-11-07,BAT-1510
INV-011981,2025-11-01,CW001,Store A,18,2025-11-07,BAT-9988
INV-011982,2025-11-01,DG001,Store A,11,2025-11-08,BAT-5586
INV-011983,2025-11-01,KI001,Store A,18,2025-11-07,BAT-8873
INV-011984,2025-11-01,SK001,Store A,9,2025-11-08,BAT-4437
INV-011985,2025-11-01,TV001,Store A,10,2025-11-07,BAT-4153
INV-011986,2025-11-01,VS001,Store A,6,2025-11-07,BAT-7600
INV-011987,2025-11-01,CB001,Store B,11,2025-11-08,BAT-4500
INV-011988,2025-11-01,CW001,Store B,26,2025-11-08,BAT-2416
INV-011989,2025-11-01,DG001,Store B,3,2025-11-08,BAT-2479
INV-011990,2025-11-01,KI001,Store B,20,2025-11-08,BAT-3450
INV-011991,2025-11-01,SK001,Store B,10,2025-11-06,BAT-7250
INV-011992,2025-11-01,TV001,Store B,15,2025-11-07,BAT-6118
INV-011993,2025-11-01,VS001,Store B,3,2025-11-08,BAT-1383
INV-011994,2025-11-01,CB001,Store C,26,2025-11-06,BAT-4859
INV-011995,2025-11-01,CW001,Store C,57,2025-11-08,BAT-3366
INV-011996,2025-11-01,DG001,Store C,7,2025-11-07,BAT-2950
INV-011997,2025-11-01,KI001,Store C,45,2025-11-08,BAT-1441
INV-011998,2025-11-01,SK001,Store C,17,2025-11-06,BAT-4735
INV-011999,2025-11-01,TV001,Store C,29,2025-11-08,BAT-1927
INV-012000,2025-11-01,VS001,Store C,10,2025-11-07,BAT-6183
INV-012001,2025-11-01,CB001,WhatsApp,14,2025-11-08,BAT-9882
INV-012002,2025-11-01,CW001,WhatsApp,11,2025-11-07,BAT-1911
INV-012003,2025-11-01,DG001,WhatsApp,6,2025-11-08,BAT-5596
INV-012004,2025-11-01,KI001,WhatsApp,19,2025-11-07,BAT-6291
INV-012005,2025-11-01,SK001,WhatsApp,12,2025-11-06,BAT-8293
INV-012006,2025-11-01,TV001,WhatsApp,20,2025-11-07,BAT-6142
INV-012007,2025-11-01,VS001,WhatsApp,6,2025-11-08,BAT-2268
INV-012008,2025-11-02,CB001,Shopee,7,2025-11-09,BAT-9860
INV-012009,2025-11-02,CW001,Shopee,34,2025-11-07,BAT-8412
INV-012010,2025-11-02,DG001,Shopee,7,2025-11-08,BAT-9424
INV-012011,2025-11-02,KI001,Shopee,30,2025-11-09,BAT-2061
INV-012012,2025-11-02,SK001,Shopee,12,2025-11-09,BAT-1951
INV-012013,2025-11-02,TV001,Shopee,19,2025-11-08,BAT-7055
INV-012014,2025-11-02,VS001,Shopee,6,2025-11-09,BAT-7399
INV-012015,2025-11-02,CB001,Store A,9,2025-11-09,BAT-4442
INV-012016,2025-11-02,CW001,Store A,15,2025-11-09,BAT-9384
INV-012017,2025-11-02,DG001,Store A,3,2025-11-07,BAT-9603
INV-012018,2025-11-02,KI001,Store A,36,2025-11-07,BAT-1276
INV-012019,2025-11-02,SK001,Store A,5,2025-11-08,BAT-2298
INV-012020,2025-11-02,TV001,Store A,5,2025-11-09,BAT-7539
INV-012021,2025-11-02,VS001,Store A,5,2025-11-07,BAT-2876
INV-012022,2025-11-02,CB001,Store B,14,2025-11-09,BAT-1456
INV-012023,2025-11-02,CW001,Store B,31,2025-11-08,BAT-2445
INV-012024,2025-11-02,DG001,Store B,2,2025-11-09,BAT-2634
INV-012025,2025-11-02,KI001,Store B,13,2025-11-09,BAT-9847
INV-012026,2025-11-02,SK001,Store B,12,2025-11-08,BAT-2610
INV-012027,2025-11-02,TV001,Store B,10,2025-11-07,BAT-1435
INV-012028,2025-11-02,VS001,Store B,15,2025-11-08,BAT-1115
INV-012029,2025-11-02,CB001,Store C,27,2025-11-08,BAT-1600
INV-012030,2025-11-02,CW001,Store C,37,2025-11-07,BAT-8449
INV-012031,2025-11-02,KI001,Store C,32,2025-11-07,BAT-8881
INV-012032,2025-11-02,SK001,Store C,13,2025-11-09,BAT-3358
INV-012033,2025-11-02,TV001,Store C,10,2025-11-09,BAT-4784
INV-012034,2025-11-02,VS001,Store C,8,2025-11-09,BAT-9378
INV-012035,2025-11-02,CB001,WhatsApp,9,2025-11-08,BAT-5977
INV-012036,2025-11-02,CW001,WhatsApp,17,2025-11-08,BAT-1757
INV-012037,2025-11-02,DG001,WhatsApp,2,2025-11-08,BAT-1724
INV-012038,2025-11-02,KI001,WhatsApp,18,2025-11-08,BAT-8540
INV-012039,2025-11-02,SK001,WhatsApp,6,2025-11-08,BAT-9496
INV-012040,2025-11-02,TV001,WhatsApp,10,2025-11-07,BAT-4129
INV-012041,2025-11-03,CB001,Shopee,15,2025-11-10,BAT-8308
INV-012042,2025-11-03,CW001,Shopee,24,2025-11-09,BAT-8245
INV-012043,2025-11-03,DG001,Shopee,2,2025-11-08,BAT-3798
INV-012044,2025-11-03,KI001,Shopee,15,2025-11-10,BAT-4572
INV-012045,2025-11-03,SK001,Shopee,2,2025-11-09,BAT-6574
INV-012046,2025-11-03,TV001,Shopee,5,2025-11-10,BAT-6214
INV-012047,2025-11-03,VS001,Shopee,5,2025-11-08,BAT-6856
INV-012048,2025-11-03,CB001,Store A,4,2025-11-08,BAT-9598
INV-012049,2025-11-03,CW001,Store A,8,2025-11-10,BAT-4647
INV-012050,2025-11-03,KI001,Store A,16,2025-11-10,BAT-5590
INV-012051,2025-11-03,SK001,Store A,8,2025-11-09,BAT-7023
INV-012052,2025-11-03,TV001,Store A,5,2025-11-10,BAT-4428
INV-012053,2025-11-03,VS001,Store A,7,2025-11-08,BAT-6101
INV-012054,2025-11-03,CB001,Store B,14,2025-11-09,BAT-1842
INV-012055,2025-11-03,CW001,Store B,25,2025-11-10,BAT-2677
INV-012056,2025-11-03,KI001,Store B,12,2025-11-08,BAT-6287
INV-012057,2025-11-03,SK001,Store B,15,2025-11-08,BAT-7563
INV-012058,2025-11-03,TV001,Store B,9,2025-11-09,BAT-2865
INV-012059,2025-11-03,VS001,Store B,9,2025-11-09,BAT-9746
INV-012060,2025-11-03,CB001,Store C,12,2025-11-10,BAT-1613
INV-012061,2025-11-03,CW001,Store C,35,2025-11-09,BAT-8378
INV-012062,2025-11-03,DG001,Store C,3,2025-11-10,BAT-1875
INV-012063,2025-11-03,KI001,Store C,20,2025-11-08,BAT-4803
INV-012064,2025-11-03,SK001,Store C,13,2025-11-09,BAT-5374
INV-012065,2025-11-03,TV001,Store C,16,2025-11-10,BAT-5782
INV-012066,2025-11-03,VS001,Store C,4,2025-11-09,BAT-5807
INV-012067,2025-11-03,CB001,WhatsApp,7,2025-11-08,BAT-7934
INV-012068,2025-11-03,CW001,WhatsApp,17,2025-11-09,BAT-5885
INV-012069,2025-11-03,DG001,WhatsApp,3,2025-11-08,BAT-8077
INV-012070,2025-11-03,KI001,WhatsApp,12,2025-11-08,BAT-6231
INV-012071,2025-11-03,SK001,WhatsApp,8,2025-11-09,BAT-9290
INV-012072,2025-11-03,TV001,WhatsApp,4,2025-11-08,BAT-6817
INV-012073,2025-11-03,VS001,WhatsApp,3,2025-11-09,BAT-6997
INV-012074,2025-11-04,CB001,Shopee,6,2025-11-09,BAT-3413
INV-012075,2025-11-04,CW001,Shopee,27,2025-11-09,BAT-2711
INV-012076,2025-11-04,DG001,Shopee,2,2025-11-11,BAT-4414
INV-012077,2025-11-04,KI001,Shopee,11,2025-11-09,BAT-2453
INV-012078,2025-11-04,SK001,Shopee,4,2025-11-10,BAT-5985
INV-012079,2025-11-04,TV001,Shopee,8,2025-11-09,BAT-4713
INV-012080,2025-11-04,VS001,Shopee,5,2025-11-09,BAT-7158
INV-012081,2025-11-04,CB001,Store A,8,2025-11-11,BAT-7108
INV-012082,2025-11-04,CW001,Store A,14,2025-11-10,BAT-5166
INV-012083,2025-11-04,DG001,Store A,7,2025-11-11,BAT-8091
INV-012084,2025-11-04,KI001,Store A,14,2025-11-09,BAT-8644
INV-012085,2025-11-04,SK001,Store A,10,2025-11-10,BAT-5778
INV-012086,2025-11-04,TV001,Store A,4,2025-11-10,BAT-5171
INV-012087,2025-11-04,VS001,Store A,2,2025-11-11,BAT-3004
INV-012088,2025-11-04,CB001,Store B,9,2025-11-11,BAT-6844
INV-012089,2025-11-04,CW001,Store B,12,2025-11-11,BAT-2348
INV-012090,2025-11-04,KI001,Store B,4,2025-11-10,BAT-5386
INV-012091,2025-11-04,SK001,Store B,13,2025-11-11,BAT-2882
INV-012092,2025-11-04,TV001,Store B,3,2025-11-10,BAT-1048
INV-012093,2025-11-04,VS001,Store B,2,2025-11-09,BAT-3712
INV-012094,2025-11-04,CB001,Store C,18,2025-11-11,BAT-2540
INV-012095,2025-11-04,CW001,Store C,38,2025-11-11,BAT-2176
INV-012096,2025-11-04,DG001,Store C,6,2025-11-10,BAT-2620
INV-012097,2025-11-04,KI001,Store C,25,2025-11-10,BAT-5480
INV-012098,2025-11-04,SK001,Store C,9,2025-11-10,BAT-1959
INV-012099,2025-11-04,TV001,Store C,13,2025-11-10,BAT-4332
INV-012100,2025-11-04,VS001,Store C,13,2025-11-10,BAT-5715
INV-012101,2025-11-04,CB001,WhatsApp,10,2025-11-09,BAT-3054
INV-012102,2025-11-04,CW001,WhatsApp,7,2025-11-10,BAT-4954
INV-012103,2025-11-04,DG001,WhatsApp,2,2025-11-09,BAT-3483
INV-012104,2025-11-04,KI001,WhatsApp,10,2025-11-11,BAT-6699
INV-012105,2025-11-04,SK001,WhatsApp,4,2025-11-11,BAT-1484
INV-012106,2025-11-04,TV001,WhatsApp,3,2025-11-11,BAT-7299
INV-012107,2025-11-04,VS001,WhatsApp,3,2025-11-09,BAT-2909
INV-012108,2025-11-05,CB001,Shopee,10,2025-11-10,BAT-7809
INV-012109,2025-11-05,CW001,Shopee,19,2025-11-11,BAT-3017
INV-012110,2025-11-05,DG001,Shopee,2,2025-11-11,BAT-7807
INV-012111,2025-11-05,KI001,Shopee,20,2025-11-10,BAT-1024
INV-012112,2025-11-05,SK001,Shopee,14,2025-11-11,BAT-7457
INV-012113,2025-11-05,TV001,Shopee,12,2025-11-11,BAT-3849
INV-012114,2025-11-05,VS001,Shopee,14,2025-11-10,BAT-3202
INV-012115,2025-11-05,CB001,Store A,4,2025-11-10,BAT-3189
INV-012116,2025-11-05,CW001,Store A,8,2025-11-10,BAT-5401
INV-012117,2025-11-05,DG001,Store A,6,2025-11-12,BAT-1649
INV-012118,2025-11-05,KI001,Store A,5,2025-11-10,BAT-8171
INV-012119,2025-11-05,SK001,Store A,6,2025-11-12,BAT-4616
INV-012120,2025-11-05,TV001,Store A,5,2025-11-11,BAT-6866
INV-012121,2025-11-05,VS001,Store A,11,2025-11-10,BAT-2536
INV-012122,2025-11-05,CB001,Store B,3,2025-11-11,BAT-2182
INV-012123,2025-11-05,CW001,Store B,19,2025-11-12,BAT-5987
INV-012124,2025-11-05,DG001,Store B,3,2025-11-11,BAT-2970
INV-012125,2025-11-05,KI001,Store B,8,2025-11-10,BAT-3690
INV-012126,2025-11-05,SK001,Store B,9,2025-11-11,BAT-2026
INV-012127,2025-11-05,TV001,Store B,4,2025-11-11,BAT-6906
INV-012128,2025-11-05,VS001,Store B,7,2025-11-11,BAT-3295
INV-012129,2025-11-05,CB001,Store C,21,2025-11-11,BAT-1860
INV-012130,2025-11-05,CW001,Store C,26,2025-11-11,BAT-5035
INV-012131,2025-11-05,DG001,Store C,3,2025-11-10,BAT-7219
INV-012132,2025-11-05,KI001,Store C,13,2025-11-12,BAT-6844
INV-012133,2025-11-05,SK001,Store C,8,2025-11-12,BAT-7248
INV-012134,2025-11-05,TV001,Store C,14,2025-11-12,BAT-6486
INV-012135,2025-11-05,VS001,Store C,3,2025-11-10,BAT-3993
INV-012136,2025-11-05,CB001,WhatsApp,14,2025-11-11,BAT-7154
INV-012137,2025-11-05,CW001,WhatsApp,12,2025-11-11,BAT-2518
INV-012138,2025-11-05,KI001,WhatsApp,6,2025-11-10,BAT-1431
INV-012139,2025-11-05,SK001,WhatsApp,10,2025-11-12,BAT-6298
INV-012140,2025-11-05,TV001,WhatsApp,4,2025-11-10,BAT-6480
INV-012141,2025-11-05,VS001,WhatsApp,5,2025-11-12,BAT-4412
INV-012142,2025-11-06,CB001,Shopee,5,2025-11-12,BAT-5727
INV-012143,2025-11-06,CW001,Shopee,18,2025-11-12,BAT-7542
INV-012144,2025-11-06,DG001,Shopee,2,2025-11-11,BAT-9739
INV-012145,2025-11-06,KI001,Shopee,12,2025-11-11,BAT-1013
INV-012146,2025-11-06,SK001,Shopee,6,2025-11-11,BAT-4824
INV-012147,2025-11-06,TV001,Shopee,5,2025-11-12,BAT-5521
INV-012148,2025-11-06,VS001,Shopee,4,2025-11-13,BAT-2371
INV-012149,2025-11-06,CB001,Store A,3,2025-11-12,BAT-5790
INV-012150,2025-11-06,CW001,Store A,7,2025-11-11,BAT-3438
INV-012151,2025-11-06,DG001,Store A,2,2025-11-11,BAT-5271
INV-012152,2025-11-06,KI001,Store A,6,2025-11-13,BAT-8503
INV-012153,2025-11-06,TV001,Store A,6,2025-11-12,BAT-6190
INV-012154,2025-11-06,CW001,Store B,4,2025-11-11,BAT-1132
INV-012155,2025-11-06,KI001,Store B,5,2025-11-13,BAT-6279
INV-012156,2025-11-06,SK001,Store B,2,2025-11-12,BAT-9119
INV-012157,2025-11-06,TV001,Store B,3,2025-11-12,BAT-2552
INV-012158,2025-11-06,VS001,Store B,2,2025-11-11,BAT-9656
INV-012159,2025-11-06,CB001,Store C,19,2025-11-13,BAT-1845
INV-012160,2025-11-06,CW001,Store C,13,2025-11-13,BAT-9780
INV-012161,2025-11-06,DG001,Store C,7,2025-11-11,BAT-2405
INV-012162,2025-11-06,KI001,Store C,18,2025-11-13,BAT-2381
INV-012163,2025-11-06,SK001,Store C,6,2025-11-11,BAT-5098
INV-012164,2025-11-06,TV001,Store C,12,2025-11-12,BAT-9763
INV-012165,2025-11-06,VS001,Store C,10,2025-11-13,BAT-2702
INV-012166,2025-11-06,CB001,WhatsApp,3,2025-11-11,BAT-8960
INV-012167,2025-11-06,CW001,WhatsApp,12,2025-11-11,BAT-9991
INV-012168,2025-11-06,DG001,WhatsApp,4,2025-11-11,BAT-7641
INV-012169,2025-11-06,KI001,WhatsApp,5,2025-11-12,BAT-7934
INV-012170,2025-11-06,SK001,WhatsApp,2,2025-11-12,BAT-8440
INV-012171,2025-11-06,TV001,WhatsApp,2,2025-11-12,BAT-9977
INV-012172,2025-11-06,VS001,WhatsApp,2,2025-11-11,BAT-3339
INV-012173,2025-11-07,CB001,Shopee,11,2025-11-14,BAT-4242
INV-012174,2025-11-07,CW001,Shopee,34,2025-11-14,BAT-2181
INV-012175,2025-11-07,DG001,Shopee,2,2025-11-13,BAT-3936
INV-012176,2025-11-07,KI001,Shopee,23,2025-11-12,BAT-1200
INV-012177,2025-11-07,SK001,Shopee,8,2025-11-12,BAT-4025
INV-012178,2025-11-07,TV001,Shopee,6,2025-11-12,BAT-9228
INV-012179,2025-11-07,VS001,Shopee,4,2025-11-13,BAT-6490
INV-012180,2025-11-07,CB001,Store A,10,2025-11-12,BAT-6348
INV-012181,2025-11-07,CW001,Store A,15,2025-11-12,BAT-3755
INV-012182,2025-11-07,KI001,Store A,8,2025-11-12,BAT-2570
INV-012183,2025-11-07,SK001,Store A,5,2025-11-12,BAT-1447
INV-012184,2025-11-07,TV001,Store A,7,2025-11-13,BAT-1600
INV-012185,2025-11-07,VS001,Store A,5,2025-11-12,BAT-5195
INV-012186,2025-11-07,CB001,Store B,3,2025-11-14,BAT-3321
INV-012187,2025-11-07,CW001,Store B,18,2025-11-13,BAT-7953
INV-012188,2025-11-07,DG001,Store B,3,2025-11-12,BAT-9508
INV-012189,2025-11-07,KI001,Store B,21,2025-11-12,BAT-3238
INV-012190,2025-11-07,SK001,Store B,4,2025-11-12,BAT-6234
INV-012191,2025-11-07,TV001,Store B,6,2025-11-14,BAT-3137
INV-012192,2025-11-07,VS001,Store B,3,2025-11-12,BAT-1773
INV-012193,2025-11-07,CB001,Store C,11,2025-11-12,BAT-1451
INV-012194,2025-11-07,CW001,Store C,21,2025-11-14,BAT-1759
INV-012195,2025-11-07,DG001,Store C,2,2025-11-12,BAT-4403
INV-012196,2025-11-07,KI001,Store C,16,2025-11-13,BAT-4425
INV-012197,2025-11-07,SK001,Store C,3,2025-11-12,BAT-4152
INV-012198,2025-11-07,TV001,Store C,13,2025-11-12,BAT-6957
INV-012199,2025-11-07,VS001,Store C,3,2025-11-13,BAT-2912
INV-012200,2025-11-07,CB001,WhatsApp,10,2025-11-12,BAT-4985
INV-012201,2025-11-07,CW001,WhatsApp,14,2025-11-13,BAT-6497
INV-012202,2025-11-07,DG001,WhatsApp,2,2025-11-13,BAT-5641
INV-012203,2025-11-07,KI001,WhatsApp,10,2025-11-12,BAT-5985
INV-012204,2025-11-07,SK001,WhatsApp,3,2025-11-13,BAT-5889
INV-012205,2025-11-07,TV001,WhatsApp,4,2025-11-13,BAT-8253
INV-012206,2025-11-07,VS001,WhatsApp,3,2025-11-12,BAT-3838
INV-012207,2025-11-08,CB001,Shopee,12,2025-11-15,BAT-8045
INV-012208,2025-11-08,CW001,Shopee,20,2025-11-14,BAT-3848
INV-012209,2025-11-08,DG001,Shopee,4,2025-11-15,BAT-6842
INV-012210,2025-11-08,KI001,Shopee,7,2025-11-14,BAT-8758
INV-012211,2025-11-08,SK001,Shopee,6,2025-11-13,BAT-5533
INV-012212,2025-11-08,TV001,Shopee,5,2025-11-15,BAT-6906
INV-012213,2025-11-08,VS001,Shopee,7,2025-11-14,BAT-4801
INV-012214,2025-11-08,CB001,Store A,12,2025-11-13,BAT-6482
INV-012215,2025-11-08,CW001,Store A,23,2025-11-14,BAT-7623
INV-012216,2025-11-08,KI001,Store A,14,2025-11-14,BAT-2086
INV-012217,2025-11-08,SK001,Store A,10,2025-11-14,BAT-3583
INV-012218,2025-11-08,TV001,Store A,17,2025-11-13,BAT-9370
INV-012219,2025-11-08,VS001,Store A,5,2025-11-14,BAT-7823
INV-012220,2025-11-08,CB001,Store B,6,2025-11-14,BAT-8745
INV-012221,2025-11-08,CW001,Store B,15,2025-11-14,BAT-4590
INV-012222,2025-11-08,DG001,Store B,4,2025-11-15,BAT-7076
INV-012223,2025-11-08,KI001,Store B,16,2025-11-14,BAT-5436
INV-012224,2025-11-08,SK001,Store B,8,2025-11-14,BAT-8115
INV-012225,2025-11-08,TV001,Store B,4,2025-11-15,BAT-4822
INV-012226,2025-11-08,VS001,Store B,3,2025-11-15,BAT-7680
INV-012227,2025-11-08,CB001,Store C,16,2025-11-15,BAT-6555
INV-012228,2025-11-08,CW001,Store C,32,2025-11-13,BAT-5745
INV-012229,2025-11-08,DG001,Store C,6,2025-11-15,BAT-7361
INV-012230,2025-11-08,KI001,Store C,17,2025-11-15,BAT-3469
INV-012231,2025-11-08,SK001,Store C,4,2025-11-14,BAT-8779
INV-012232,2025-11-08,TV001,Store C,8,2025-11-15,BAT-8498
INV-012233,2025-11-08,VS001,Store C,4,2025-11-15,BAT-7854
INV-012234,2025-11-08,CB001,WhatsApp,6,2025-11-15,BAT-9962
INV-012235,2025-11-08,CW001,WhatsApp,17,2025-11-14,BAT-5447
INV-012236,2025-11-08,KI001,WhatsApp,6,2025-11-15,BAT-5695
INV-012237,2025-11-08,SK001,WhatsApp,2,2025-11-14,BAT-9195
INV-012238,2025-11-08,TV001,WhatsApp,3,2025-11-13,BAT-1428
INV-012239,2025-11-08,VS001,WhatsApp,10,2025-11-13,BAT-7443
INV-012240,2025-11-09,CB001,Shopee,12,2025-11-14,BAT-5850
INV-012241,2025-11-09,CW001,Shopee,23,2025-11-16,BAT-4872
INV-012242,2025-11-09,DG001,Shopee,7,2025-11-16,BAT-2264
INV-012243,2025-11-09,KI001,Shopee,16,2025-11-15,BAT-4679
INV-012244,2025-11-09,SK001,Shopee,5,2025-11-16,BAT-2364
INV-012245,2025-11-09,TV001,Shopee,5,2025-11-16,BAT-4223
INV-012246,2025-11-09,VS001,Shopee,7,2025-11-14,BAT-1478
INV-012247,2025-11-09,CB001,Store A,2,2025-11-15,BAT-4411
INV-012248,2025-11-09,CW001,Store A,8,2025-11-15,BAT-1965
INV-012249,2025-11-09,DG001,Store A,4,2025-11-14,BAT-1066
INV-012250,2025-11-09,KI001,Store A,12,2025-11-15,BAT-9786
INV-012251,2025-11-09,SK001,Store A,6,2025-11-15,BAT-1312
INV-012252,2025-11-09,TV001,Store A,7,2025-11-14,BAT-7334
INV-012253,2025-11-09,CB001,Store B,5,2025-11-16,BAT-4407
INV-012254,2025-11-09,CW001,Store B,14,2025-11-14,BAT-5677
INV-012255,2025-11-09,DG001,Store B,4,2025-11-14,BAT-5879
INV-012256,2025-11-09,KI001,Store B,13,2025-11-15,BAT-7502
INV-012257,2025-11-09,SK001,Store B,4,2025-11-16,BAT-5554
INV-012258,2025-11-09,TV001,Store B,8,2025-11-16,BAT-3694
INV-012259,2025-11-09,VS001,Store B,6,2025-11-16,BAT-5858
INV-012260,2025-11-09,CB001,Store C,7,2025-11-15,BAT-4360
INV-012261,2025-11-09,CW001,Store C,23,2025-11-14,BAT-2783
INV-012262,2025-11-09,DG001,Store C,5,2025-11-16,BAT-5924
INV-012263,2025-11-09,KI001,Store C,20,2025-11-15,BAT-5296
INV-012264,2025-11-09,SK001,Store C,6,2025-11-16,BAT-2309
INV-012265,2025-11-09,TV001,Store C,18,2025-11-14,BAT-3974
INV-012266,2025-11-09,VS001,Store C,5,2025-11-16,BAT-7279
INV-012267,2025-11-09,CB001,WhatsApp,9,2025-11-16,BAT-8539
INV-012268,2025-11-09,CW001,WhatsApp,5,2025-11-15,BAT-8397
INV-012269,2025-11-09,KI001,WhatsApp,7,2025-11-14,BAT-7745
INV-012270,2025-11-09,TV001,WhatsApp,6,2025-11-16,BAT-4673
INV-012271,2025-11-09,VS001,WhatsApp,2,2025-11-14,BAT-2817
INV-012272,2025-11-10,CB001,Shopee,15,2025-11-16,BAT-2760
INV-012273,2025-11-10,CW001,Shopee,13,2025-11-17,BAT-1451
INV-012274,2025-11-10,DG001,Shopee,2,2025-11-17,BAT-5045
INV-012275,2025-11-10,KI001,Shopee,7,2025-11-16,BAT-1555
INV-012276,2025-11-10,SK001,Shopee,12,2025-11-15,BAT-4189
INV-012277,2025-11-10,TV001,Shopee,8,2025-11-16,BAT-5454
INV-012278,2025-11-10,VS001,Shopee,3,2025-11-17,BAT-7869
INV-012279,2025-11-10,CB001,Store A,6,2025-11-17,BAT-4360
INV-012280,2025-11-10,CW001,Store A,12,2025-11-16,BAT-9740
INV-012281,2025-11-10,DG001,Store A,5,2025-11-16,BAT-1746
INV-012282,2025-11-10,KI001,Store A,7,2025-11-17,BAT-5346
INV-012283,2025-11-10,SK001,Store A,4,2025-11-15,BAT-2165
INV-012284,2025-11-10,CB001,Store B,10,2025-11-16,BAT-4547
INV-012285,2025-11-10,CW001,Store B,25,2025-11-16,BAT-9919
INV-012286,2025-11-10,DG001,Store B,3,2025-11-16,BAT-1170
INV-012287,2025-11-10,KI001,Store B,10,2025-11-17,BAT-2360
INV-012288,2025-11-10,SK001,Store B,3,2025-11-15,BAT-6104
INV-012289,2025-11-10,TV001,Store B,4,2025-11-15,BAT-1633
INV-012290,2025-11-10,VS001,Store B,4,2025-11-17,BAT-7835
INV-012291,2025-11-10,CB001,Store C,23,2025-11-15,BAT-7622
INV-012292,2025-11-10,CW001,Store C,26,2025-11-15,BAT-2185
INV-012293,2025-11-10,DG001,Store C,5,2025-11-17,BAT-1648
INV-012294,2025-11-10,KI001,Store C,24,2025-11-15,BAT-2998
INV-012295,2025-11-10,SK001,Store C,13,2025-11-15,BAT-5224
INV-012296,2025-11-10,TV001,Store C,9,2025-11-17,BAT-6392
INV-012297,2025-11-10,VS001,Store C,3,2025-11-16,BAT-3554
INV-012298,2025-11-10,CB001,WhatsApp,2,2025-11-15,BAT-6230
INV-012299,2025-11-10,CW001,WhatsApp,2,2025-11-16,BAT-2005
INV-012300,2025-11-10,DG001,WhatsApp,5,2025-11-17,BAT-2575
INV-012301,2025-11-10,KI001,WhatsApp,5,2025-11-17,BAT-2633
INV-012302,2025-11-10,SK001,WhatsApp,3,2025-11-17,BAT-7261
INV-012303,2025-11-10,TV001,WhatsApp,4,2025-11-16,BAT-8873
INV-012304,2025-11-11,CB001,Shopee,5,2025-11-18,BAT-2415
INV-012305,2025-11-11,CW001,Shopee,6,2025-11-16,BAT-4330
INV-012306,2025-11-11,DG001,Shopee,2,2025-11-18,BAT-2601
INV-012307,2025-11-11,KI001,Shopee,4,2025-11-17,BAT-1265
INV-012308,2025-11-11,SK001,Shopee,2,2025-11-17,BAT-8601
INV-012309,2025-11-11,TV001,Shopee,5,2025-11-16,BAT-3647
INV-012310,2025-11-11,VS001,Shopee,4,2025-11-18,BAT-2446
INV-012311,2025-11-11,CB001,Store A,11,2025-11-16,BAT-3171
INV-012312,2025-11-11,CW001,Store A,10,2025-11-17,BAT-5900
INV-012313,2025-11-11,DG001,Store A,2,2025-11-17,BAT-2230
INV-012314,2025-11-11,KI001,Store A,5,2025-11-18,BAT-4491
INV-012315,2025-11-11,TV001,Store A,2,2025-11-17,BAT-9357
INV-012316,2025-11-11,VS001,Store A,3,2025-11-17,BAT-5826
INV-012317,2025-11-11,CB001,Store B,8,2025-11-16,BAT-2175
INV-012318,2025-11-11,CW001,Store B,13,2025-11-16,BAT-1614
INV-012319,2025-11-11,DG001,Store B,5,2025-11-17,BAT-5942
INV-012320,2025-11-11,KI001,Store B,12,2025-11-16,BAT-7208
INV-012321,2025-11-11,SK001,Store B,4,2025-11-18,BAT-5690
INV-012322,2025-11-11,TV001,Store B,5,2025-11-18,BAT-3486
INV-012323,2025-11-11,CB001,Store C,11,2025-11-17,BAT-1784
INV-012324,2025-11-11,CW001,Store C,15,2025-11-16,BAT-2350
INV-012325,2025-11-11,DG001,Store C,5,2025-11-16,BAT-6431
INV-012326,2025-11-11,KI001,Store C,23,2025-11-18,BAT-8099
INV-012327,2025-11-11,SK001,Store C,13,2025-11-16,BAT-7365
INV-012328,2025-11-11,TV001,Store C,10,2025-11-18,BAT-5149
INV-012329,2025-11-11,VS001,Store C,2,2025-11-17,BAT-3739
INV-012330,2025-11-11,CB001,WhatsApp,9,2025-11-16,BAT-9140
INV-012331,2025-11-11,CW001,WhatsApp,13,2025-11-16,BAT-1033
INV-012332,2025-11-11,DG001,WhatsApp,2,2025-11-17,BAT-5636
INV-012333,2025-11-11,KI001,WhatsApp,2,2025-11-16,BAT-8643
INV-012334,2025-11-11,SK001,WhatsApp,5,2025-11-18,BAT-5520
INV-012335,2025-11-11,TV001,WhatsApp,5,2025-11-17,BAT-7978
INV-012336,2025-11-12,CB001,Shopee,12,2025-11-18,BAT-9301
INV-012337,2025-11-12,CW001,Shopee,10,2025-11-19,BAT-4619
INV-012338,2025-11-12,DG001,Shopee,6,2025-11-17,BAT-7049
INV-012339,2025-11-12,KI001,Shopee,13,2025-11-19,BAT-6582
INV-012340,2025-11-12,SK001,Shopee,4,2025-11-18,BAT-7584
INV-012341,2025-11-12,TV001,Shopee,7,2025-11-18,BAT-9271
INV-012342,2025-11-12,CB001,Store A,4,2025-11-17,BAT-4018
INV-012343,2025-11-12,CW001,Store A,13,2025-11-19,BAT-2415
INV-012344,2025-11-12,DG001,Store A,2,2025-11-18,BAT-7622
INV-012345,2025-11-12,KI001,Store A,3,2025-11-19,BAT-6924
INV-012346,2025-11-12,SK001,Store A,10,2025-11-17,BAT-5243
INV-012347,2025-11-12,TV001,Store A,2,2025-11-17,BAT-8805
INV-012348,2025-11-12,VS001,Store A,2,2025-11-17,BAT-2359
INV-012349,2025-11-12,CB001,Store B,2,2025-11-19,BAT-5496
INV-012350,2025-11-12,CW001,Store B,3,2025-11-17,BAT-1083
INV-012351,2025-11-12,KI001,Store B,3,2025-11-18,BAT-9343
INV-012352,2025-11-12,TV001,Store B,4,2025-11-18,BAT-3949
INV-012353,2025-11-12,VS001,Store B,4,2025-11-19,BAT-9387
INV-012354,2025-11-12,CB001,Store C,9,2025-11-17,BAT-1084
INV-012355,2025-11-12,CW001,Store C,20,2025-11-19,BAT-7747
INV-012356,2025-11-12,DG001,Store C,6,2025-11-19,BAT-1966
INV-012357,2025-11-12,KI001,Store C,22,2025-11-17,BAT-8960
INV-012358,2025-11-12,SK001,Store C,4,2025-11-17,BAT-1126
INV-012359,2025-11-12,TV001,Store C,8,2025-11-17,BAT-4148
INV-012360,2025-11-12,VS001,Store C,5,2025-11-17,BAT-2994
INV-012361,2025-11-12,CB001,WhatsApp,7,2025-11-19,BAT-3643
INV-012362,2025-11-12,CW001,WhatsApp,8,2025-11-17,BAT-3426
INV-012363,2025-11-12,DG001,WhatsApp,2,2025-11-19,BAT-3539
INV-012364,2025-11-12,KI001,WhatsApp,7,2025-11-19,BAT-5550
INV-012365,2025-11-12,SK001,WhatsApp,5,2025-11-17,BAT-9618
INV-012366,2025-11-12,TV001,WhatsApp,6,2025-11-19,BAT-5868
INV-012367,2025-11-12,VS001,WhatsApp,2,2025-11-18,BAT-2511
INV-012368,2025-11-13,CB001,Shopee,3,2025-11-20,BAT-5390
INV-012369,2025-11-13,CW001,Shopee,17,2025-11-18,BAT-4738
INV-012370,2025-11-13,DG001,Shopee,4,2025-11-18,BAT-2891
INV-012371,2025-11-13,KI001,Shopee,5,2025-11-19,BAT-1486
INV-012372,2025-11-13,SK001,Shopee,3,2025-11-19,BAT-4182
INV-012373,2025-11-13,TV001,Shopee,6,2025-11-19,BAT-3385
INV-012374,2025-11-13,VS001,Shopee,2,2025-11-20,BAT-9693
INV-012375,2025-11-13,CB001,Store A,14,2025-11-18,BAT-8154
INV-012376,2025-11-13,CW001,Store A,13,2025-11-20,BAT-6888
INV-012377,2025-11-13,DG001,Store A,4,2025-11-20,BAT-1670
INV-012378,2025-11-13,KI001,Store A,8,2025-11-19,BAT-9588
INV-012379,2025-11-13,SK001,Store A,3,2025-11-18,BAT-9854
INV-012380,2025-11-13,TV001,Store A,9,2025-11-18,BAT-1388
INV-012381,2025-11-13,VS001,Store A,7,2025-11-18,BAT-5713
INV-012382,2025-11-13,CB001,Store B,19,2025-11-20,BAT-6397
INV-012383,2025-11-13,CW001,Store B,21,2025-11-18,BAT-6454
INV-012384,2025-11-13,KI001,Store B,7,2025-11-18,BAT-9364
INV-012385,2025-11-13,SK001,Store B,4,2025-11-18,BAT-5303
INV-012386,2025-11-13,TV001,Store B,4,2025-11-20,BAT-7717
INV-012387,2025-11-13,VS001,Store B,2,2025-11-19,BAT-3111
INV-012388,2025-11-13,CB001,Store C,18,2025-11-18,BAT-2392
INV-012389,2025-11-13,CW001,Store C,28,2025-11-20,BAT-4658
INV-012390,2025-11-13,DG001,Store C,2,2025-11-18,BAT-6641
INV-012391,2025-11-13,KI001,Store C,9,2025-11-20,BAT-1408
INV-012392,2025-11-13,SK001,Store C,6,2025-11-18,BAT-8612
INV-012393,2025-11-13,TV001,Store C,10,2025-11-18,BAT-3390
INV-012394,2025-11-13,CB001,WhatsApp,6,2025-11-20,BAT-8284
INV-012395,2025-11-13,CW001,WhatsApp,14,2025-11-18,BAT-7594
INV-012396,2025-11-13,KI001,WhatsApp,5,2025-11-18,BAT-6225
INV-012397,2025-11-13,SK001,WhatsApp,6,2025-11-20,BAT-6294
INV-012398,2025-11-13,VS001,WhatsApp,2,2025-11-19,BAT-7096
INV-012399,2025-11-14,CB001,Shopee,9,2025-11-20,BAT-1341
INV-012400,2025-11-14,CW001,Shopee,17,2025-11-20,BAT-4056
INV-012401,2025-11-14,DG001,Shopee,6,2025-11-21,BAT-1010
INV-012402,2025-11-14,KI001,Shopee,11,2025-11-21,BAT-8043
INV-012403,2025-11-14,SK001,Shopee,13,2025-11-19,BAT-5883
INV-012404,2025-11-14,TV001,Shopee,5,2025-11-19,BAT-9516
INV-012405,2025-11-14,VS001,Shopee,8,2025-11-21,BAT-8031
INV-012406,2025-11-14,CB001,Store A,5,2025-11-19,BAT-1794
INV-012407,2025-11-14,CW001,Store A,8,2025-11-20,BAT-8531
INV-012408,2025-11-14,DG001,Store A,3,2025-11-20,BAT-5478
INV-012409,2025-11-14,KI001,Store A,14,2025-11-19,BAT-2359
INV-012410,2025-11-14,SK001,Store A,3,2025-11-19,BAT-8277
INV-012411,2025-11-14,TV001,Store A,5,2025-11-19,BAT-7852
INV-012412,2025-11-14,CB001,Store B,8,2025-11-19,BAT-5896
INV-012413,2025-11-14,CW001,Store B,23,2025-11-21,BAT-1959
INV-012414,2025-11-14,KI001,Store B,14,2025-11-19,BAT-1335
INV-012415,2025-11-14,SK001,Store B,2,2025-11-19,BAT-8846
INV-012416,2025-11-14,TV001,Store B,11,2025-11-21,BAT-3633
INV-012417,2025-11-14,VS001,Store B,2,2025-11-20,BAT-5845
INV-012418,2025-11-14,CB001,Store C,21,2025-11-20,BAT-9173
INV-012419,2025-11-14,CW001,Store C,36,2025-11-19,BAT-6293
INV-012420,2025-11-14,DG001,Store C,2,2025-11-19,BAT-9708
INV-012421,2025-11-14,KI001,Store C,24,2025-11-19,BAT-4938
INV-012422,2025-11-14,SK001,Store C,17,2025-11-20,BAT-3852
INV-012423,2025-11-14,TV001,Store C,17,2025-11-21,BAT-1078
INV-012424,2025-11-14,VS001,Store C,16,2025-11-20,BAT-2310
INV-012425,2025-11-14,CB001,WhatsApp,3,2025-11-19,BAT-6043
INV-012426,2025-11-14,CW001,WhatsApp,7,2025-11-20,BAT-6603
INV-012427,2025-11-14,DG001,WhatsApp,4,2025-11-20,BAT-2769
INV-012428,2025-11-14,KI001,WhatsApp,7,2025-11-20,BAT-6166
INV-012429,2025-11-14,SK001,WhatsApp,2,2025-11-21,BAT-1471
INV-012430,2025-11-14,TV001,WhatsApp,5,2025-11-20,BAT-7206
INV-012431,2025-11-14,VS001,WhatsApp,2,2025-11-20,BAT-3695
INV-012432,2025-11-15,CB001,Shopee,6,2025-11-20,BAT-4918
INV-012433,2025-11-15,CW001,Shopee,28,2025-11-20,BAT-4631
INV-012434,2025-11-15,DG001,Shopee,3,2025-11-22,BAT-6536
INV-012435,2025-11-15,KI001,Shopee,21,2025-11-21,BAT-6879
INV-012436,2025-11-15,SK001,Shopee,14,2025-11-20,BAT-2352
INV-012437,2025-11-15,TV001,Shopee,7,2025-11-22,BAT-3282
INV-012438,2025-11-15,VS001,Shopee,2,2025-11-20,BAT-1755
INV-012439,2025-11-15,CB001,Store A,9,2025-11-20,BAT-8128
INV-012440,2025-11-15,CW001,Store A,7,2025-11-22,BAT-2485
INV-012441,2025-11-15,DG001,Store A,3,2025-11-20,BAT-8952
INV-012442,2025-11-15,KI001,Store A,10,2025-11-20,BAT-3274
INV-012443,2025-11-15,SK001,Store A,3,2025-11-20,BAT-5948
INV-012444,2025-11-15,TV001,Store A,6,2025-11-21,BAT-9873
INV-012445,2025-11-15,VS001,Store A,7,2025-11-20,BAT-2953
INV-012446,2025-11-15,CB001,Store B,12,2025-11-20,BAT-3885
INV-012447,2025-11-15,CW001,Store B,28,2025-11-21,BAT-4439
INV-012448,2025-11-15,KI001,Store B,15,2025-11-20,BAT-7491
INV-012449,2025-11-15,SK001,Store B,5,2025-11-20,BAT-6815
INV-012450,2025-11-15,TV001,Store B,5,2025-11-20,BAT-2984
INV-012451,2025-11-15,VS001,Store B,3,2025-11-22,BAT-3570
INV-012452,2025-11-15,CB001,Store C,19,2025-11-21,BAT-9710
INV-012453,2025-11-15,CW001,Store C,37,2025-11-21,BAT-1124
INV-012454,2025-11-15,DG001,Store C,8,2025-11-20,BAT-7848
INV-012455,2025-11-15,KI001,Store C,32,2025-11-22,BAT-1798
INV-012456,2025-11-15,SK001,Store C,9,2025-11-20,BAT-4989
INV-012457,2025-11-15,TV001,Store C,19,2025-11-22,BAT-4697
INV-012458,2025-11-15,VS001,Store C,6,2025-11-21,BAT-2388
INV-012459,2025-11-15,CB001,WhatsApp,13,2025-11-20,BAT-1952
INV-012460,2025-11-15,CW001,WhatsApp,14,2025-11-20,BAT-6596
INV-012461,2025-11-15,DG001,WhatsApp,2,2025-11-21,BAT-3395
INV-012462,2025-11-15,KI001,WhatsApp,13,2025-11-21,BAT-7169
INV-012463,2025-11-15,SK001,WhatsApp,3,2025-11-22,BAT-5600
INV-012464,2025-11-15,TV001,WhatsApp,5,2025-11-20,BAT-9423
INV-012465,2025-11-15,VS001,WhatsApp,6,2025-11-21,BAT-6064
INV-012466,2025-11-16,CB001,Shopee,16,2025-11-22,BAT-3336
INV-012467,2025-11-16,CW001,Shopee,23,2025-11-22,BAT-6638
INV-012468,2025-11-16,DG001,Shopee,3,2025-11-21,BAT-3239
INV-012469,2025-11-16,KI001,Shopee,16,2025-11-21,BAT-7308
INV-012470,2025-11-16,SK001,Shopee,8,2025-11-22,BAT-8626
INV-012471,2025-11-16,TV001,Shopee,5,2025-11-23,BAT-2236
INV-012472,2025-11-16,VS001,Shopee,5,2025-11-22,BAT-5745
INV-012473,2025-11-16,CB001,Store A,11,2025-11-22,BAT-5015
INV-012474,2025-11-16,CW001,Store A,10,2025-11-23,BAT-2937
INV-012475,2025-11-16,DG001,Store A,9,2025-11-22,BAT-4208
INV-012476,2025-11-16,KI001,Store A,7,2025-11-23,BAT-2710
INV-012477,2025-11-16,SK001,Store A,6,2025-11-23,BAT-8395
INV-012478,2025-11-16,TV001,Store A,13,2025-11-22,BAT-7893
INV-012479,2025-11-16,VS001,Store A,3,2025-11-22,BAT-1957
INV-012480,2025-11-16,CB001,Store B,2,2025-11-23,BAT-8715
INV-012481,2025-11-16,CW001,Store B,8,2025-11-22,BAT-2096
INV-012482,2025-11-16,KI001,Store B,7,2025-11-23,BAT-3623
INV-012483,2025-11-16,SK001,Store B,6,2025-11-23,BAT-6261
INV-012484,2025-11-16,TV001,Store B,6,2025-11-21,BAT-7664
INV-012485,2025-11-16,CB001,Store C,24,2025-11-23,BAT-1980
INV-012486,2025-11-16,CW001,Store C,32,2025-11-21,BAT-2134
INV-012487,2025-11-16,DG001,Store C,3,2025-11-22,BAT-8839
INV-012488,2025-11-16,KI001,Store C,29,2025-11-23,BAT-8238
INV-012489,2025-11-16,SK001,Store C,4,2025-11-23,BAT-8828
INV-012490,2025-11-16,TV001,Store C,17,2025-11-21,BAT-6493
INV-012491,2025-11-16,VS001,Store C,13,2025-11-21,BAT-4250
INV-012492,2025-11-16,CB001,WhatsApp,4,2025-11-21,BAT-9833
INV-012493,2025-11-16,CW001,WhatsApp,14,2025-11-21,BAT-2173
INV-012494,2025-11-16,KI001,WhatsApp,3,2025-11-22,BAT-9467
INV-012495,2025-11-16,SK001,WhatsApp,2,2025-11-23,BAT-9398
INV-012496,2025-11-16,TV001,WhatsApp,9,2025-11-21,BAT-9158
INV-012497,2025-11-16,VS001,WhatsApp,7,2025-11-22,BAT-3494
INV-012498,2025-11-17,CB001,Shopee,13,2025-11-22,BAT-1353
INV-012499,2025-11-17,CW001,Shopee,15,2025-11-24,BAT-5011
INV-012500,2025-11-17,DG001,Shopee,6,2025-11-23,BAT-5024
INV-012501,2025-11-17,KI001,Shopee,6,2025-11-24,BAT-3433
INV-012502,2025-11-17,SK001,Shopee,3,2025-11-24,BAT-2198
INV-012503,2025-11-17,TV001,Shopee,11,2025-11-23,BAT-8165
INV-012504,2025-11-17,VS001,Shopee,2,2025-11-24,BAT-9228
INV-012505,2025-11-17,CB001,Store A,11,2025-11-23,BAT-4419
INV-012506,2025-11-17,CW001,Store A,9,2025-11-23,BAT-9771
INV-012507,2025-11-17,KI001,Store A,15,2025-11-22,BAT-9042
INV-012508,2025-11-17,TV001,Store A,3,2025-11-22,BAT-9141
INV-012509,2025-11-17,VS001,Store A,2,2025-11-24,BAT-2172
INV-012510,2025-11-17,CB001,Store B,5,2025-11-23,BAT-4445
INV-012511,2025-11-17,CW001,Store B,10,2025-11-22,BAT-1675
INV-012512,2025-11-17,DG001,Store B,2,2025-11-23,BAT-1496
INV-012513,2025-11-17,KI001,Store B,7,2025-11-23,BAT-3681
INV-012514,2025-11-17,SK001,Store B,7,2025-11-23,BAT-5797
INV-012515,2025-11-17,TV001,Store B,4,2025-11-23,BAT-4609
INV-012516,2025-11-17,VS001,Store B,4,2025-11-23,BAT-2042
INV-012517,2025-11-17,CB001,Store C,16,2025-11-23,BAT-3999
INV-012518,2025-11-17,CW001,Store C,18,2025-11-23,BAT-6659
INV-012519,2025-11-17,DG001,Store C,5,2025-11-22,BAT-9011
INV-012520,2025-11-17,KI001,Store C,18,2025-11-23,BAT-7426
INV-012521,2025-11-17,SK001,Store C,8,2025-11-23,BAT-8688
INV-012522,2025-11-17,TV001,Store C,17,2025-11-23,BAT-9666
INV-012523,2025-11-17,VS001,Store C,7,2025-11-23,BAT-7977
INV-012524,2025-11-17,CW001,WhatsApp,6,2025-11-23,BAT-5718
INV-012525,2025-11-17,DG001,WhatsApp,2,2025-11-22,BAT-1355
INV-012526,2025-11-17,KI001,WhatsApp,7,2025-11-24,BAT-3262
INV-012527,2025-11-17,SK001,WhatsApp,2,2025-11-23,BAT-3123
INV-012528,2025-11-17,TV001,WhatsApp,10,2025-11-23,BAT-6357
INV-012529,2025-11-17,VS001,WhatsApp,8,2025-11-23,BAT-2799
INV-012530,2025-11-18,CB001,Shopee,10,2025-11-25,BAT-1888
INV-012531,2025-11-18,CW001,Shopee,14,2025-11-23,BAT-8328
INV-012532,2025-11-18,DG001,Shopee,3,2025-11-25,BAT-9064
INV-012533,2025-11-18,KI001,Shopee,7,2025-11-23,BAT-6235
INV-012534,2025-11-18,SK001,Shopee,4,2025-11-25,BAT-8222
INV-012535,2025-11-18,TV001,Shopee,2,2025-11-23,BAT-5217
INV-012536,2025-11-18,VS001,Shopee,3,2025-11-24,BAT-3268
INV-012537,2025-11-18,CB001,Store A,7,2025-11-25,BAT-2806
INV-012538,2025-11-18,CW001,Store A,9,2025-11-25,BAT-7082
INV-012539,2025-11-18,DG001,Store A,2,2025-11-23,BAT-3414
INV-012540,2025-11-18,KI001,Store A,8,2025-11-24,BAT-9084
INV-012541,2025-11-18,SK001,Store A,10,2025-11-25,BAT-1102
INV-012542,2025-11-18,TV001,Store A,15,2025-11-24,BAT-9073
INV-012543,2025-11-18,CB001,Store B,4,2025-11-24,BAT-3243
INV-012544,2025-11-18,CW001,Store B,6,2025-11-25,BAT-5772
INV-012545,2025-11-18,DG001,Store B,2,2025-11-23,BAT-8519
INV-012546,2025-11-18,KI001,Store B,7,2025-11-23,BAT-9678
INV-012547,2025-11-18,SK001,Store B,3,2025-11-24,BAT-8418
INV-012548,2025-11-18,TV001,Store B,2,2025-11-23,BAT-4981
INV-012549,2025-11-18,CB001,Store C,19,2025-11-25,BAT-3556
INV-012550,2025-11-18,CW001,Store C,25,2025-11-25,BAT-5419
INV-012551,2025-11-18,DG001,Store C,3,2025-11-25,BAT-7466
INV-012552,2025-11-18,KI001,Store C,20,2025-11-25,BAT-8295
INV-012553,2025-11-18,SK001,Store C,11,2025-11-23,BAT-7668
INV-012554,2025-11-18,TV001,Store C,4,2025-11-25,BAT-3303
INV-012555,2025-11-18,VS001,Store C,3,2025-11-25,BAT-7985
INV-012556,2025-11-18,CB001,WhatsApp,3,2025-11-23,BAT-2103
INV-012557,2025-11-18,CW001,WhatsApp,9,2025-11-23,BAT-1443
INV-012558,2025-11-18,TV001,WhatsApp,2,2025-11-23,BAT-9486
INV-012559,2025-11-19,CB001,Shopee,13,2025-11-25,BAT-3072
INV-012560,2025-11-19,CW001,Shopee,21,2025-11-25,BAT-9898
INV-012561,2025-11-19,DG001,Shopee,2,2025-11-24,BAT-7928
INV-012562,2025-11-19,KI001,Shopee,10,2025-11-26,BAT-7242
INV-012563,2025-11-19,SK001,Shopee,7,2025-11-26,BAT-3726
INV-012564,2025-11-19,TV001,Shopee,5,2025-11-26,BAT-9851
INV-012565,2025-11-19,VS001,Shopee,2,2025-11-25,BAT-2405
INV-012566,2025-11-19,CB001,Store A,13,2025-11-25,BAT-1142
INV-012567,2025-11-19,CW001,Store A,20,2025-11-26,BAT-5148
INV-012568,2025-11-19,KI001,Store A,6,2025-11-25,BAT-8124
INV-012569,2025-11-19,SK001,Store A,5,2025-11-26,BAT-3180
INV-012570,2025-11-19,TV001,Store A,6,2025-11-25,BAT-7869
INV-012571,2025-11-19,VS001,Store A,6,2025-11-26,BAT-1851
INV-012572,2025-11-19,CW001,Store B,5,2025-11-24,BAT-3385
INV-012573,2025-11-19,DG001,Store B,3,2025-11-25,BAT-2533
INV-012574,2025-11-19,KI001,Store B,11,2025-11-24,BAT-7130
INV-012575,2025-11-19,CB001,Store C,16,2025-11-26,BAT-1014
INV-012576,2025-11-19,CW001,Store C,11,2025-11-25,BAT-5780
INV-012577,2025-11-19,KI001,Store C,17,2025-11-25,BAT-6652
INV-012578,2025-11-19,SK001,Store C,12,2025-11-26,BAT-1983
INV-012579,2025-11-19,TV001,Store C,7,2025-11-24,BAT-4551
INV-012580,2025-11-19,VS001,Store C,3,2025-11-26,BAT-9348
INV-012581,2025-11-19,CB001,WhatsApp,3,2025-11-26,BAT-1585
INV-012582,2025-11-19,CW001,WhatsApp,8,2025-11-26,BAT-2116
INV-012583,2025-11-19,KI001,WhatsApp,7,2025-11-24,BAT-5455
INV-012584,2025-11-19,SK001,WhatsApp,3,2025-11-25,BAT-7646
INV-012585,2025-11-20,CB001,Shopee,5,2025-11-27,BAT-6569
INV-012586,2025-11-20,CW001,Shopee,9,2025-11-25,BAT-6409
INV-012587,2025-11-20,KI001,Shopee,5,2025-11-27,BAT-2688
INV-012588,2025-11-20,SK001,Shopee,5,2025-11-27,BAT-4559
INV-012589,2025-11-20,TV001,Shopee,6,2025-11-26,BAT-6238
INV-012590,2025-11-20,VS001,Shopee,2,2025-11-25,BAT-4229
INV-012591,2025-11-20,CB001,Store A,3,2025-11-27,BAT-1196
INV-012592,2025-11-20,CW001,Store A,5,2025-11-26,BAT-9459
INV-012593,2025-11-20,DG001,Store A,2,2025-11-26,BAT-5617
INV-012594,2025-11-20,KI001,Store A,2,2025-11-26,BAT-8385
INV-012595,2025-11-20,SK001,Store A,8,2025-11-25,BAT-2494
INV-012596,2025-11-20,TV001,Store A,2,2025-11-27,BAT-1609
INV-012597,2025-11-20,CB001,Store B,6,2025-11-26,BAT-2682
INV-012598,2025-11-20,CW001,Store B,12,2025-11-27,BAT-9636
INV-012599,2025-11-20,DG001,Store B,5,2025-11-27,BAT-4345
INV-012600,2025-11-20,KI001,Store B,7,2025-11-25,BAT-8142
INV-012601,2025-11-20,SK001,Store B,8,2025-11-26,BAT-9453
INV-012602,2025-11-20,CB001,Store C,21,2025-11-26,BAT-9476
INV-012603,2025-11-20,CW001,Store C,27,2025-11-25,BAT-2395
INV-012604,2025-11-20,DG001,Store C,2,2025-11-26,BAT-7314
INV-012605,2025-11-20,KI001,Store C,14,2025-11-27,BAT-9541
INV-012606,2025-11-20,SK001,Store C,4,2025-11-25,BAT-3618
INV-012607,2025-11-20,TV001,Store C,8,2025-11-26,BAT-1682
INV-012608,2025-11-20,VS001,Store C,5,2025-11-25,BAT-6453
INV-012609,2025-11-20,CB001,WhatsApp,6,2025-11-27,BAT-4397
INV-012610,2025-11-20,CW001,WhatsApp,3,2025-11-26,BAT-6841
INV-012611,2025-11-20,KI001,WhatsApp,11,2025-11-25,BAT-6697
INV-012612,2025-11-20,SK001,WhatsApp,2,2025-11-26,BAT-3456
INV-012613,2025-11-20,TV001,WhatsApp,3,2025-11-25,BAT-6975
INV-012614,2025-11-20,VS001,WhatsApp,5,2025-11-25,BAT-9342
INV-012615,2025-11-21,CB001,Shopee,5,2025-11-26,BAT-7355
INV-012616,2025-11-21,CW001,Shopee,20,2025-11-26,BAT-2544
INV-012617,2025-11-21,DG001,Shopee,4,2025-11-28,BAT-8896
INV-012618,2025-11-21,KI001,Shopee,14,2025-11-26,BAT-2090
INV-012619,2025-11-21,SK001,Shopee,11,2025-11-28,BAT-5385
INV-012620,2025-11-21,TV001,Shopee,13,2025-11-27,BAT-9979
INV-012621,2025-11-21,VS001,Shopee,8,2025-11-26,BAT-1070
INV-012622,2025-11-21,CB001,Store A,5,2025-11-26,BAT-1105
INV-012623,2025-11-21,CW001,Store A,14,2025-11-28,BAT-6586
INV-012624,2025-11-21,DG001,Store A,2,2025-11-27,BAT-3928
INV-012625,2025-11-21,KI001,Store A,9,2025-11-27,BAT-8045
INV-012626,2025-11-21,SK001,Store A,13,2025-11-28,BAT-4636
INV-012627,2025-11-21,TV001,Store A,4,2025-11-26,BAT-7078
INV-012628,2025-11-21,CB001,Store B,3,2025-11-28,BAT-2003
INV-012629,2025-11-21,CW001,Store B,11,2025-11-26,BAT-9484
INV-012630,2025-11-21,DG001,Store B,4,2025-11-27,BAT-7987
INV-012631,2025-11-21,KI001,Store B,8,2025-11-26,BAT-1072
INV-012632,2025-11-21,SK001,Store B,2,2025-11-27,BAT-4120
INV-012633,2025-11-21,TV001,Store B,4,2025-11-26,BAT-9768
INV-012634,2025-11-21,VS001,Store B,3,2025-11-27,BAT-3049
INV-012635,2025-11-21,CB001,Store C,13,2025-11-26,BAT-8482
INV-012636,2025-11-21,CW001,Store C,24,2025-11-26,BAT-3734
INV-012637,2025-11-21,DG001,Store C,4,2025-11-27,BAT-8686
INV-012638,2025-11-21,KI001,Store C,24,2025-11-28,BAT-2899
INV-012639,2025-11-21,SK001,Store C,12,2025-11-28,BAT-5792
INV-012640,2025-11-21,TV001,Store C,15,2025-11-26,BAT-8876
INV-012641,2025-11-21,VS001,Store C,5,2025-11-27,BAT-4250
INV-012642,2025-11-21,CB001,WhatsApp,10,2025-11-28,BAT-2007
INV-012643,2025-11-21,CW001,WhatsApp,8,2025-11-26,BAT-3399
INV-012644,2025-11-21,DG001,WhatsApp,8,2025-11-26,BAT-5565
INV-012645,2025-11-21,KI001,WhatsApp,12,2025-11-27,BAT-5755
INV-012646,2025-11-21,SK001,WhatsApp,4,2025-11-28,BAT-1849
INV-012647,2025-11-21,TV001,WhatsApp,5,2025-11-28,BAT-8920
INV-012648,2025-11-21,VS001,WhatsApp,3,2025-11-28,BAT-8324
INV-012649,2025-11-22,CB001,Shopee,23,2025-11-27,BAT-7999
INV-012650,2025-11-22,CW001,Shopee,19,2025-11-29,BAT-8778
INV-012651,2025-11-22,DG001,Shopee,5,2025-11-28,BAT-8118
INV-012652,2025-11-22,KI001,Shopee,14,2025-11-28,BAT-7596
INV-012653,2025-11-22,SK001,Shopee,2,2025-11-28,BAT-5849
INV-012654,2025-11-22,TV001,Shopee,5,2025-11-29,BAT-7187
INV-012655,2025-11-22,VS001,Shopee,5,2025-11-27,BAT-4191
INV-012656,2025-11-22,CB001,Store A,16,2025-11-28,BAT-1263
INV-012657,2025-11-22,CW001,Store A,11,2025-11-29,BAT-7007
INV-012658,2025-11-22,DG001,Store A,2,2025-11-28,BAT-3267
INV-012659,2025-11-22,KI001,Store A,9,2025-11-28,BAT-6972
INV-012660,2025-11-22,SK001,Store A,2,2025-11-28,BAT-4281
INV-012661,2025-11-22,TV001,Store A,7,2025-11-27,BAT-3083
INV-012662,2025-11-22,VS001,Store A,2,2025-11-29,BAT-2244
INV-012663,2025-11-22,CB001,Store B,8,2025-11-27,BAT-1217
INV-012664,2025-11-22,CW001,Store B,4,2025-11-28,BAT-5661
INV-012665,2025-11-22,DG001,Store B,6,2025-11-27,BAT-7903
INV-012666,2025-11-22,KI001,Store B,10,2025-11-27,BAT-6481
INV-012667,2025-11-22,SK001,Store B,4,2025-11-29,BAT-2872
INV-012668,2025-11-22,TV001,Store B,2,2025-11-28,BAT-1608
INV-012669,2025-11-22,CB001,Store C,16,2025-11-27,BAT-1718
INV-012670,2025-11-22,CW001,Store C,20,2025-11-29,BAT-3480
INV-012671,2025-11-22,DG001,Store C,2,2025-11-27,BAT-9256
INV-012672,2025-11-22,KI001,Store C,33,2025-11-28,BAT-6712
INV-012673,2025-11-22,SK001,Store C,14,2025-11-29,BAT-4423
INV-012674,2025-11-22,TV001,Store C,25,2025-11-28,BAT-6509
INV-012675,2025-11-22,VS001,Store C,17,2025-11-29,BAT-4330
INV-012676,2025-11-22,CB001,WhatsApp,11,2025-11-28,BAT-9316
INV-012677,2025-11-22,CW001,WhatsApp,13,2025-11-27,BAT-6868
INV-012678,2025-11-22,KI001,WhatsApp,9,2025-11-27,BAT-4062
INV-012679,2025-11-22,SK001,WhatsApp,5,2025-11-29,BAT-7601
INV-012680,2025-11-22,TV001,WhatsApp,14,2025-11-27,BAT-5131
INV-012681,2025-11-22,VS001,WhatsApp,3,2025-11-29,BAT-9279
INV-012682,2025-11-23,CB001,Shopee,15,2025-11-30,BAT-7346
INV-012683,2025-11-23,CW001,Shopee,28,2025-11-30,BAT-4933
INV-012684,2025-11-23,DG001,Shopee,3,2025-11-28,BAT-4402
INV-012685,2025-11-23,KI001,Shopee,27,2025-11-29,BAT-3272
INV-012686,2025-11-23,SK001,Shopee,6,2025-11-29,BAT-7935
INV-012687,2025-11-23,TV001,Shopee,12,2025-11-30,BAT-3326
INV-012688,2025-11-23,VS001,Shopee,4,2025-11-30,BAT-6457
INV-012689,2025-11-23,CB001,Store A,6,2025-11-30,BAT-3727
INV-012690,2025-11-23,CW001,Store A,23,2025-11-29,BAT-3105
INV-012691,2025-11-23,DG001,Store A,3,2025-11-28,BAT-1563
INV-012692,2025-11-23,KI001,Store A,13,2025-11-30,BAT-3314
INV-012693,2025-11-23,SK001,Store A,2,2025-11-29,BAT-1813
INV-012694,2025-11-23,TV001,Store A,8,2025-11-30,BAT-7176
INV-012695,2025-11-23,CB001,Store B,10,2025-11-29,BAT-2409
INV-012696,2025-11-23,CW001,Store B,15,2025-11-30,BAT-6536
INV-012697,2025-11-23,DG001,Store B,3,2025-11-28,BAT-9118
INV-012698,2025-11-23,KI001,Store B,7,2025-11-29,BAT-4324
INV-012699,2025-11-23,SK001,Store B,3,2025-11-30,BAT-4246
INV-012700,2025-11-23,TV001,Store B,11,2025-11-29,BAT-7894
INV-012701,2025-11-23,VS001,Store B,4,2025-11-28,BAT-7248
INV-012702,2025-11-23,CB001,Store C,10,2025-11-28,BAT-1210
INV-012703,2025-11-23,CW001,Store C,51,2025-11-28,BAT-1931
INV-012704,2025-11-23,DG001,Store C,3,2025-11-30,BAT-1858
INV-012705,2025-11-23,KI001,Store C,31,2025-11-30,BAT-4846
INV-012706,2025-11-23,SK001,Store C,15,2025-11-29,BAT-9536
INV-012707,2025-11-23,TV001,Store C,15,2025-11-28,BAT-6074
INV-012708,2025-11-23,VS001,Store C,6,2025-11-30,BAT-1734
INV-012709,2025-11-23,CB001,WhatsApp,13,2025-11-30,BAT-4778
INV-012710,2025-11-23,CW001,WhatsApp,18,2025-11-29,BAT-2056
INV-012711,2025-11-23,DG001,WhatsApp,7,2025-11-30,BAT-3944
INV-012712,2025-11-23,KI001,WhatsApp,14,2025-11-28,BAT-4770
INV-012713,2025-11-23,SK001,WhatsApp,5,2025-11-29,BAT-4614
INV-012714,2025-11-23,TV001,WhatsApp,6,2025-11-29,BAT-7958
INV-012715,2025-11-23,VS001,WhatsApp,6,2025-11-29,BAT-7453
INV-012716,2025-11-24,CB001,Shopee,2,2025-12-01,BAT-1405
INV-012717,2025-11-24,CW001,Shopee,15,2025-11-29,BAT-3299
INV-012718,2025-11-24,DG001,Shopee,3,2025-12-01,BAT-8030
INV-012719,2025-11-24,KI001,Shopee,8,2025-11-30,BAT-5965
INV-012720,2025-11-24,SK001,Shopee,11,2025-12-01,BAT-5201
INV-012721,2025-11-24,TV001,Shopee,10,2025-11-29,BAT-6693
INV-012722,2025-11-24,VS001,Shopee,5,2025-11-29,BAT-2206
INV-012723,2025-11-24,CB001,Store A,10,2025-11-29,BAT-1595
INV-012724,2025-11-24,CW001,Store A,11,2025-12-01,BAT-9986
INV-012725,2025-11-24,DG001,Store A,2,2025-12-01,BAT-5006
INV-012726,2025-11-24,KI001,Store A,4,2025-12-01,BAT-8088
INV-012727,2025-11-24,SK001,Store A,6,2025-11-29,BAT-8337
INV-012728,2025-11-24,TV001,Store A,3,2025-11-30,BAT-3285
INV-012729,2025-11-24,CB001,Store B,4,2025-12-01,BAT-3044
INV-012730,2025-11-24,CW001,Store B,13,2025-11-29,BAT-7917
INV-012731,2025-11-24,KI001,Store B,5,2025-11-30,BAT-7687
INV-012732,2025-11-24,SK001,Store B,6,2025-11-30,BAT-1471
INV-012733,2025-11-24,TV001,Store B,5,2025-11-29,BAT-7644
INV-012734,2025-11-24,VS001,Store B,2,2025-11-30,BAT-8846
INV-012735,2025-11-24,CB001,Store C,14,2025-11-29,BAT-9340
INV-012736,2025-11-24,CW001,Store C,27,2025-11-30,BAT-3052
INV-012737,2025-11-24,DG001,Store C,7,2025-12-01,BAT-4551
INV-012738,2025-11-24,KI001,Store C,19,2025-11-29,BAT-8085
INV-012739,2025-11-24,SK001,Store C,9,2025-12-01,BAT-6857
INV-012740,2025-11-24,TV001,Store C,14,2025-12-01,BAT-7496
INV-012741,2025-11-24,VS001,Store C,11,2025-12-01,BAT-3645
INV-012742,2025-11-24,CB001,WhatsApp,3,2025-11-30,BAT-3816
INV-012743,2025-11-24,CW001,WhatsApp,7,2025-11-29,BAT-7965
INV-012744,2025-11-24,DG001,WhatsApp,2,2025-11-30,BAT-9433
INV-012745,2025-11-24,KI001,WhatsApp,6,2025-12-01,BAT-1183
INV-012746,2025-11-24,SK001,WhatsApp,2,2025-12-01,BAT-4190
INV-012747,2025-11-24,VS001,WhatsApp,13,2025-11-30,BAT-2402
INV-012748,2025-11-25,CB001,Shopee,13,2025-12-01,BAT-3769
INV-012749,2025-11-25,CW001,Shopee,21,2025-12-02,BAT-9810
INV-012750,2025-11-25,DG001,Shopee,4,2025-11-30,BAT-8598
INV-012751,2025-11-25,KI001,Shopee,27,2025-12-02,BAT-4962
INV-012752,2025-11-25,SK001,Shopee,5,2025-12-02,BAT-9772
INV-012753,2025-11-25,TV001,Shopee,13,2025-12-01,BAT-6593
INV-012754,2025-11-25,VS001,Shopee,3,2025-12-01,BAT-8616
INV-012755,2025-11-25,CB001,Store A,3,2025-12-01,BAT-9126
INV-012756,2025-11-25,CW001,Store A,16,2025-11-30,BAT-9995
INV-012757,2025-11-25,DG001,Store A,4,2025-12-02,BAT-7051
INV-012758,2025-11-25,KI001,Store A,5,2025-12-02,BAT-1403
INV-012759,2025-11-25,SK001,Store A,5,2025-11-30,BAT-5766
INV-012760,2025-11-25,TV001,Store A,8,2025-12-01,BAT-2791
INV-012761,2025-11-25,CB001,Store B,19,2025-12-01,BAT-6401
INV-012762,2025-11-25,CW001,Store B,14,2025-12-02,BAT-4087
INV-012763,2025-11-25,DG001,Store B,2,2025-11-30,BAT-6775
INV-012764,2025-11-25,KI001,Store B,19,2025-12-01,BAT-2520
INV-012765,2025-11-25,SK001,Store B,6,2025-12-01,BAT-2315
INV-012766,2025-11-25,TV001,Store B,4,2025-12-01,BAT-9611
INV-012767,2025-11-25,VS001,Store B,9,2025-11-30,BAT-6915
INV-012768,2025-11-25,CB001,Store C,25,2025-11-30,BAT-4008
INV-012769,2025-11-25,CW001,Store C,50,2025-12-02,BAT-3964
INV-012770,2025-11-25,DG001,Store C,14,2025-12-01,BAT-9049
INV-012771,2025-11-25,KI001,Store C,20,2025-12-01,BAT-1815
INV-012772,2025-11-25,SK001,Store C,16,2025-12-02,BAT-1272
INV-012773,2025-11-25,TV001,Store C,17,2025-12-02,BAT-4214
INV-012774,2025-11-25,VS001,Store C,6,2025-11-30,BAT-3456
INV-012775,2025-11-25,CB001,WhatsApp,3,2025-11-30,BAT-2045
INV-012776,2025-11-25,CW001,WhatsApp,8,2025-12-01,BAT-1591
INV-012777,2025-11-25,KI001,WhatsApp,6,2025-11-30,BAT-1376
INV-012778,2025-11-25,SK001,WhatsApp,8,2025-12-02,BAT-6646
INV-012779,2025-11-25,TV001,WhatsApp,5,2025-11-30,BAT-3655
INV-012780,2025-11-25,VS001,WhatsApp,2,2025-11-30,BAT-7685
INV-012781,2025-11-26,CB001,Shopee,8,2025-12-01,BAT-1256
INV-012782,2025-11-26,CW001,Shopee,23,2025-12-01,BAT-1223
INV-012783,2025-11-26,DG001,Shopee,2,2025-12-02,BAT-4204
INV-012784,2025-11-26,KI001,Shopee,26,2025-12-01,BAT-5287
INV-012785,2025-11-26,SK001,Shopee,4,2025-12-02,BAT-7938
INV-012786,2025-11-26,TV001,Shopee,9,2025-12-03,BAT-8392
INV-012787,2025-11-26,VS001,Shopee,6,2025-12-02,BAT-5723
INV-012788,2025-11-26,CB001,Store A,11,2025-12-03,BAT-6351
INV-012789,2025-11-26,CW001,Store A,18,2025-12-03,BAT-2507
INV-012790,2025-11-26,DG001,Store A,3,2025-12-02,BAT-5998
INV-012791,2025-11-26,KI001,Store A,10,2025-12-03,BAT-7020
INV-012792,2025-11-26,SK001,Store A,7,2025-12-03,BAT-9127
INV-012793,2025-11-26,TV001,Store A,13,2025-12-03,BAT-7232
INV-012794,2025-11-26,VS001,Store A,6,2025-12-02,BAT-4412
INV-012795,2025-11-26,CB001,Store B,6,2025-12-02,BAT-5147
INV-012796,2025-11-26,CW001,Store B,15,2025-12-01,BAT-5167
INV-012797,2025-11-26,DG001,Store B,4,2025-12-01,BAT-5598
INV-012798,2025-11-26,KI001,Store B,24,2025-12-02,BAT-9994
INV-012799,2025-11-26,SK001,Store B,2,2025-12-03,BAT-7862
INV-012800,2025-11-26,TV001,Store B,3,2025-12-03,BAT-4254
INV-012801,2025-11-26,VS001,Store B,2,2025-12-02,BAT-9301
INV-012802,2025-11-26,CB001,Store C,18,2025-12-02,BAT-4746
INV-012803,2025-11-26,CW001,Store C,42,2025-12-02,BAT-9962
INV-012804,2025-11-26,DG001,Store C,7,2025-12-03,BAT-3621
INV-012805,2025-11-26,KI001,Store C,36,2025-12-02,BAT-4536
INV-012806,2025-11-26,SK001,Store C,17,2025-12-02,BAT-5910
INV-012807,2025-11-26,TV001,Store C,7,2025-12-01,BAT-3527
INV-012808,2025-11-26,VS001,Store C,9,2025-12-03,BAT-8548
INV-012809,2025-11-26,CB001,WhatsApp,10,2025-12-03,BAT-8716
INV-012810,2025-11-26,CW001,WhatsApp,10,2025-12-03,BAT-5763
INV-012811,2025-11-26,DG001,WhatsApp,6,2025-12-03,BAT-7693
INV-012812,2025-11-26,KI001,WhatsApp,7,2025-12-03,BAT-4578
INV-012813,2025-11-26,SK001,WhatsApp,3,2025-12-03,BAT-5125
INV-012814,2025-11-27,CB001,Shopee,7,2025-12-04,BAT-8055
INV-012815,2025-11-27,CW001,Shopee,18,2025-12-04,BAT-6524
INV-012816,2025-11-27,DG001,Shopee,10,2025-12-02,BAT-6833
INV-012817,2025-11-27,KI001,Shopee,17,2025-12-04,BAT-6006
INV-012818,2025-11-27,SK001,Shopee,13,2025-12-02,BAT-6917
INV-012819,2025-11-27,TV001,Shopee,7,2025-12-02,BAT-3865
INV-012820,2025-11-27,VS001,Shopee,6,2025-12-03,BAT-8593
INV-012821,2025-11-27,CB001,Store A,3,2025-12-02,BAT-1837
INV-012822,2025-11-27,CW001,Store A,15,2025-12-03,BAT-3821
INV-012823,2025-11-27,DG001,Store A,2,2025-12-04,BAT-4213
INV-012824,2025-11-27,KI001,Store A,14,2025-12-04,BAT-8658
INV-012825,2025-11-27,SK001,Store A,4,2025-12-04,BAT-9028
INV-012826,2025-11-27,TV001,Store A,20,2025-12-04,BAT-6156
INV-012827,2025-11-27,VS001,Store A,9,2025-12-03,BAT-1078
INV-012828,2025-11-27,CB001,Store B,21,2025-12-02,BAT-2039
INV-012829,2025-11-27,CW001,Store B,25,2025-12-03,BAT-6753
INV-012830,2025-11-27,DG001,Store B,4,2025-12-02,BAT-3173
INV-012831,2025-11-27,KI001,Store B,13,2025-12-04,BAT-1079
INV-012832,2025-11-27,SK001,Store B,12,2025-12-03,BAT-1379
INV-012833,2025-11-27,TV001,Store B,7,2025-12-04,BAT-2543
INV-012834,2025-11-27,VS001,Store B,2,2025-12-03,BAT-4718
INV-012835,2025-11-27,CB001,Store C,30,2025-12-02,BAT-8602
INV-012836,2025-11-27,CW001,Store C,28,2025-12-04,BAT-4809
INV-012837,2025-11-27,DG001,Store C,13,2025-12-03,BAT-6416
INV-012838,2025-11-27,KI001,Store C,18,2025-12-04,BAT-2647
INV-012839,2025-11-27,SK001,Store C,6,2025-12-02,BAT-6776
INV-012840,2025-11-27,TV001,Store C,25,2025-12-03,BAT-3733
INV-012841,2025-11-27,VS001,Store C,11,2025-12-02,BAT-8548
INV-012842,2025-11-27,CB001,WhatsApp,6,2025-12-02,BAT-8112
INV-012843,2025-11-27,CW001,WhatsApp,11,2025-12-03,BAT-4001
INV-012844,2025-11-27,KI001,WhatsApp,7,2025-12-03,BAT-2818
INV-012845,2025-11-27,SK001,WhatsApp,3,2025-12-04,BAT-6955
INV-012846,2025-11-27,TV001,WhatsApp,6,2025-12-04,BAT-4152
INV-012847,2025-11-27,VS001,WhatsApp,2,2025-12-04,BAT-6735
INV-012848,2025-11-28,CB001,Shopee,25,2025-12-04,BAT-2314
INV-012849,2025-11-28,CW001,Shopee,27,2025-12-04,BAT-1671
INV-012850,2025-11-28,KI001,Shopee,24,2025-12-05,BAT-2324
INV-012851,2025-11-28,SK001,Shopee,3,2025-12-04,BAT-2536
INV-012852,2025-11-28,TV001,Shopee,12,2025-12-05,BAT-5987
INV-012853,2025-11-28,VS001,Shopee,5,2025-12-04,BAT-6122
INV-012854,2025-11-28,CB001,Store A,6,2025-12-03,BAT-8434
INV-012855,2025-11-28,CW001,Store A,18,2025-12-04,BAT-3223
INV-012856,2025-11-28,DG001,Store A,2,2025-12-05,BAT-2763
INV-012857,2025-11-28,KI001,Store A,22,2025-12-03,BAT-5054
INV-012858,2025-11-28,SK001,Store A,10,2025-12-04,BAT-2564
INV-012859,2025-11-28,TV001,Store A,11,2025-12-03,BAT-2423
INV-012860,2025-11-28,VS001,Store A,2,2025-12-04,BAT-7136
INV-012861,2025-11-28,CB001,Store B,17,2025-12-05,BAT-3732
INV-012862,2025-11-28,CW001,Store B,12,2025-12-04,BAT-2663
INV-012863,2025-11-28,DG001,Store B,3,2025-12-04,BAT-1470
INV-012864,2025-11-28,KI001,Store B,14,2025-12-05,BAT-2941
INV-012865,2025-11-28,SK001,Store B,13,2025-12-05,BAT-8242
INV-012866,2025-11-28,TV001,Store B,19,2025-12-03,BAT-1970
INV-012867,2025-11-28,VS001,Store B,3,2025-12-03,BAT-2373
INV-012868,2025-11-28,CB001,Store C,28,2025-12-04,BAT-4940
INV-012869,2025-11-28,CW001,Store C,35,2025-12-03,BAT-6505
INV-012870,2025-11-28,DG001,Store C,7,2025-12-04,BAT-9094
INV-012871,2025-11-28,KI001,Store C,26,2025-12-04,BAT-6498
INV-012872,2025-11-28,SK001,Store C,10,2025-12-04,BAT-9844
INV-012873,2025-11-28,TV001,Store C,16,2025-12-03,BAT-7861
INV-012874,2025-11-28,VS001,Store C,14,2025-12-05,BAT-2637
INV-012875,2025-11-28,CB001,WhatsApp,15,2025-12-03,BAT-5594
INV-012876,2025-11-28,CW001,WhatsApp,21,2025-12-05,BAT-9693
INV-012877,2025-11-28,KI001,WhatsApp,10,2025-12-04,BAT-9226
INV-012878,2025-11-28,SK001,WhatsApp,4,2025-12-03,BAT-5780
INV-012879,2025-11-28,TV001,WhatsApp,16,2025-12-03,BAT-3379
INV-012880,2025-11-28,VS001,WhatsApp,3,2025-12-03,BAT-7565
INV-012881,2025-11-29,CB001,Shopee,23,2025-12-04,BAT-3371
INV-012882,2025-11-29,CW001,Shopee,38,2025-12-06,BAT-4891
INV-012883,2025-11-29,DG001,Shopee,13,2025-12-05,BAT-3171
INV-012884,2025-11-29,KI001,Shopee,19,2025-12-05,BAT-8234
INV-012885,2025-11-29,SK001,Shopee,8,2025-12-04,BAT-2047
INV-012886,2025-11-29,TV001,Shopee,36,2025-12-05,BAT-5797
INV-012887,2025-11-29,VS001,Shopee,6,2025-12-06,BAT-5673
INV-012888,2025-11-29,CB001,Store A,13,2025-12-04,BAT-2393
INV-012889,2025-11-29,CW001,Store A,24,2025-12-06,BAT-4327
INV-012890,2025-11-29,DG001,Store A,9,2025-12-04,BAT-8141
INV-012891,2025-11-29,KI001,Store A,18,2025-12-05,BAT-4686
INV-012892,2025-11-29,SK001,Store A,12,2025-12-04,BAT-1624
INV-012893,2025-11-29,TV001,Store A,9,2025-12-04,BAT-8926
INV-012894,2025-11-29,VS001,Store A,6,2025-12-06,BAT-2756
INV-012895,2025-11-29,CB001,Store B,6,2025-12-05,BAT-3409
INV-012896,2025-11-29,CW001,Store B,11,2025-12-04,BAT-8662
INV-012897,2025-11-29,DG001,Store B,2,2025-12-05,BAT-6566
INV-012898,2025-11-29,KI001,Store B,11,2025-12-05,BAT-4500
INV-012899,2025-11-29,SK001,Store B,7,2025-12-06,BAT-2827
INV-012900,2025-11-29,TV001,Store B,8,2025-12-04,BAT-2366
INV-012901,2025-11-29,VS001,Store B,9,2025-12-06,BAT-9248
INV-012902,2025-11-29,CB001,Store C,26,2025-12-06,BAT-3549
INV-012903,2025-11-29,CW001,Store C,47,2025-12-06,BAT-5033
INV-012904,2025-11-29,DG001,Store C,7,2025-12-04,BAT-6279
INV-012905,2025-11-29,KI001,Store C,33,2025-12-06,BAT-8544
INV-012906,2025-11-29,SK001,Store C,13,2025-12-05,BAT-2866
INV-012907,2025-11-29,TV001,Store C,15,2025-12-05,BAT-3243
INV-012908,2025-11-29,VS001,Store C,12,2025-12-06,BAT-8392
INV-012909,2025-11-29,CB001,WhatsApp,5,2025-12-05,BAT-5784
INV-012910,2025-11-29,CW001,WhatsApp,11,2025-12-06,BAT-2326
INV-012911,2025-11-29,KI001,WhatsApp,15,2025-12-04,BAT-1925
INV-012912,2025-11-29,SK001,WhatsApp,9,2025-12-05,BAT-1837
INV-012913,2025-11-29,TV001,WhatsApp,3,2025-12-04,BAT-1096
INV-012914,2025-11-30,CB001,Shopee,26,2025-12-07,BAT-7181
INV-012915,2025-11-30,CW001,Shopee,63,2025-12-07,BAT-4998
INV-012916,2025-11-30,DG001,Shopee,7,2025-12-07,BAT-1560
INV-012917,2025-11-30,KI001,Shopee,39,2025-12-07,BAT-6073
INV-012918,2025-11-30,SK001,Shopee,8,2025-12-05,BAT-3786
INV-012919,2025-11-30,TV001,Shopee,19,2025-12-07,BAT-7549
INV-012920,2025-11-30,VS001,Shopee,21,2025-12-06,BAT-1773
INV-012921,2025-11-30,CB001,Store A,13,2025-12-05,BAT-5459
INV-012922,2025-11-30,CW001,Store A,13,2025-12-07,BAT-4370
INV-012923,2025-11-30,DG001,Store A,7,2025-12-07,BAT-8524
INV-012924,2025-11-30,KI001,Store A,30,2025-12-06,BAT-2127
INV-012925,2025-11-30,SK001,Store A,6,2025-12-07,BAT-3395
INV-012926,2025-11-30,TV001,Store A,4,2025-12-06,BAT-9875
INV-012927,2025-11-30,VS001,Store A,3,2025-12-05,BAT-2237
INV-012928,2025-11-30,CB001,Store B,18,2025-12-07,BAT-3165
INV-012929,2025-11-30,CW001,Store B,25,2025-12-05,BAT-1794
INV-012930,2025-11-30,DG001,Store B,2,2025-12-06,BAT-2640
INV-012931,2025-11-30,KI001,Store B,21,2025-12-06,BAT-7148
INV-012932,2025-11-30,SK001,Store B,9,2025-12-07,BAT-6087
INV-012933,2025-11-30,TV001,Store B,15,2025-12-05,BAT-2614
INV-012934,2025-11-30,VS001,Store B,5,2025-12-07,BAT-9960
INV-012935,2025-11-30,CB001,Store C,30,2025-12-05,BAT-3847
INV-012936,2025-11-30,CW001,Store C,46,2025-12-07,BAT-4227
INV-012937,2025-11-30,DG001,Store C,11,2025-12-05,BAT-7336
INV-012938,2025-11-30,KI001,Store C,60,2025-12-07,BAT-7735
INV-012939,2025-11-30,SK001,Store C,16,2025-12-05,BAT-4892
INV-012940,2025-11-30,TV001,Store C,29,2025-12-07,BAT-2408
INV-012941,2025-11-30,VS001,Store C,5,2025-12-07,BAT-8846
INV-012942,2025-11-30,CB001,WhatsApp,11,2025-12-07,BAT-7232
INV-012943,2025-11-30,CW001,WhatsApp,14,2025-12-06,BAT-9360
INV-012944,2025-11-30,KI001,WhatsApp,10,2025-12-06,BAT-8964
INV-012945,2025-11-30,SK001,WhatsApp,3,2025-12-05,BAT-1756
INV-012946,2025-11-30,TV001,WhatsApp,4,2025-12-06,BAT-3120
INV-012947,2025-11-30,VS001,WhatsApp,3,2025-12-07,BAT-2633
